frame,timestamp,object_id,time_seconds,center_x,center_y,width,height,class,confidence,dx,dy,vx,vy,speed,ax,ay
0,2026-05-12 10:11:02.623717,0,0.0,0.6295777184063241,0.392258616088834,0.17516547137068184,0.14196525216817374,36,0.782607848756289,,,,,,,
1,2026-05-12 10:11:02.661296,0,0.03333333333333333,0.6339526644729174,0.40192688964718953,0.17516547137068184,0.14196525216817374,36,0.7158745780792185,0.004374946066593277,0.009668273558355533,0.1312483819977983,0.290048206750666,0.31836158690444594,,
2,2026-05-12 10:11:02.695060,0,0.06666666666666667,0.6412951809381009,0.4115346318366802,0.17516547137068184,0.14196525216817374,36,0.9133367104718154,0.0073425164651834685,0.009607742189490676,0.22027549395550405,0.28823226568472027,0.3627659468846111,2.670813358731172,-0.054478231978372094
3,2026-05-12 10:11:02.728737,0,0.1,0.6454511900213081,0.41922551611500636,0.17516547137068184,0.14196525216817374,36,0.7169121927161332,0.004156009083207235,0.007690884278326149,0.12468027249621705,0.23072652834978447,0.2622592252601895,-2.86785664377861,-1.725172120048074
4,2026-05-12 10:11:02.762439,0,0.13333333333333333,0.649458506298431,0.42860682345593115,0.17516547137068184,0.14196525216817374,36,0.8949096401399712,0.004007316277122919,0.009381307340924794,0.12021948831368756,0.2814392202277438,0.30604045492843807,-0.1338235254758846,1.5213807563387804
5,2026-05-12 10:11:02.796117,0,0.16666666666666666,0.6585873228338434,0.43980927635833245,0.17516547137068184,0.14196525216817374,36,0.9861647019498505,0.00912881653541231,0.011202452902401294,0.2738644960623693,0.3360735870720388,0.4335287973491066,4.609350232460452,1.6390310053288504
6,2026-05-12 10:11:02.829772,0,0.2,0.6594090241050176,0.4427781769195032,0.17516547137068184,0.14196525216817374,36,0.8134858248519445,0.0008217012711742022,0.002968900561170773,0.024651038135226067,0.08906701683512319,0.0924154054746961,-7.476403737814297,-7.410197107107469
7,2026-05-12 10:11:02.863486,0,0.23333333333333334,0.6692638019379016,0.45085853234816986,0.17516547137068184,0.14196525216817374,36,0.7060294256314609,0.00985477783288402,0.008080355428666641,0.2956433349865206,0.24241066285999924,0.38231912192588047,8.129768905538837,4.600309380746282
8,2026-05-12 10:11:02.897144,0,0.26666666666666666,0.6698341470355605,0.45800214736993017,0.17516547137068184,0.14196525216817374,36,0.7796151352729973,0.0005703450976589641,0.007143615021760308,0.017110352929768924,0.21430845065280923,0.2149904095502607,-8.355989461702551,-0.8430663662157001
9,2026-05-12 10:11:02.930795,0,0.3,0.6779533989884513,0.469727332353963,0.17516547137068184,0.14196525216817374,36,0.9864133314370662,0.00811925195289076,0.011725184984032855,0.2435775585867228,0.35175554952098564,0.4278574454954348,6.794016169708617,4.123412966045293
10,2026-05-12 10:11:02.964449,0,0.3333333333333333,0.6790170034326399,0.4796480651817993,0.17516547137068184,0.14196525216817374,36,0.914764293189212,0.001063604444188626,0.009920732827836287,0.03190813332565878,0.2976219848350886,0.2993275377066162,-6.350082757831921,-1.6240069405769109
11,2026-05-12 10:11:02.998163,0,0.36666666666666664,0.6859149765960929,0.4826771330053615,0.17516547137068184,0.14196525216817374,36,0.7299580429175536,0.006897973163452975,0.003029067823562215,0.20693919490358925,0.09087203470686644,0.2260122940884226,5.250931847337914,-6.202498503846665
12,2026-05-12 10:11:03.031826,0,0.4,0.6886503959601753,0.49474781186020317,0.17516547137068184,0.14196525216817374,36,0.7060438883983378,0.002735419364082392,0.012070678854841643,0.08206258092247176,0.3621203656452493,0.37130233826722164,-3.7462984194335247,8.137449928151486
13,2026-05-12 10:11:03.065486,0,0.43333333333333335,0.694552825106885,0.500650488044144,0.17516547137068184,0.14196525216817374,36,0.9621389485518415,0.005902429146709687,0.005902676183940858,0.1770728744012906,0.17708028551822574,0.25042410101256546,2.8503088043645652,-5.551202403810707
14,2026-05-12 10:11:03.099184,0,0.4666666666666667,0.7023740878572419,0.5088249582559284,0.17516547137068184,0.14196525216817374,36,0.8362238027318679,0.007821262750356883,0.008174470211784413,0.2346378825107065,0.24523410635353238,0.33940345140867934,1.7269502432824768,2.044614625059199
15,2026-05-12 10:11:03.132861,0,0.5,0.7061301640201277,0.5117140238338367,0.17516547137068184,0.14196525216817374,36,0.7240688297127283,0.0037560761628858685,0.0028890655779082453,0.11268228488657606,0.08667196733724736,0.14215951339733954,-3.658667928723913,-4.756864170488551
16,2026-05-12 10:11:03.166523,0,0.5333333333333333,0.711442926945204,0.5241658704736089,0.17516547137068184,0.14196525216817374,36,0.8115943331683246,0.005312762925076209,0.012451846639772168,0.15938288775228626,0.37355539919316505,0.4061361116357702,1.4010180859713062,8.60650295567753
17,2026-05-12 10:11:03.200205,0,0.5666666666666667,0.7172579624029777,0.528751188790813,0.17516547137068184,0.14196525216817374,36,0.8899735563626217,0.005815035457773732,0.004585318317204101,0.17445106373321195,0.13755954951612304,0.2221616602853154,0.45204527942777073,-7.07987549031126
18,2026-05-12 10:11:03.233858,0,0.6,0.7266187879265555,0.5393695475831655,0.17516547137068184,0.14196525216817374,36,0.8734267089067209,0.009360825523577865,0.010618358792352511,0.28082476570733594,0.31855076377057534,0.42466120394191537,3.1912110592237197,5.42973642763357
19,2026-05-12 10:11:03.267544,0,0.6333333333333333,0.7335048530448867,0.5417470495106633,0.17516547137068184,0.14196525216817374,36,0.704044234177013,0.0068860651183311195,0.0023775019274978604,0.20658195354993358,0.07132505782493581,0.218548318241613,-2.227284364722071,-7.416771178369186
20,2026-05-12 10:11:03.302208,0,0.6666666666666666,0.7344805998338415,0.5481188411593415,0.17516547137068184,0.14196525216817374,36,0.9613412413244558,0.0009757467889548455,0.006371791648678182,0.029272403668645364,0.19115374946034547,0.19338208176893912,-5.319286496438647,3.5948607490622897
21,2026-05-12 10:11:03.335890,0,0.7,0.7441665903085177,0.5615876850531676,0.17516547137068184,0.14196525216817374,36,0.8317043256827636,0.00968599047467622,0.013468843893826077,0.2905797142402866,0.4040653168147823,0.49770006086055185,7.8392193171492375,6.387347020633105
22,2026-05-12 10:11:03.369577,0,0.7333333333333333,0.7517699963446126,0.5636290768767992,0.17516547137068184,0.14196525216817374,36,0.7756098792933901,0.007603406036094884,0.002041391823631611,0.22810218108284652,0.061241754708948326,0.23618034959450523,-1.8743259947232027,-10.28470686317502
23,2026-05-12 10:11:03.403255,0,0.7666666666666666,0.7563690510759059,0.5702418172653734,0.17516547137068184,0.14196525216817374,36,0.7542354531811787,0.004599054731293295,0.006612740388574179,0.13797164193879885,0.19838221165722536,0.24164369613399866,-2.70391617432143,4.114213708448311
24,2026-05-12 10:11:03.436910,0,0.8,0.7649442833431663,0.5786247812522356,0.17516547137068184,0.14196525216817374,36,0.8431113726260941,0.008575232267260424,0.008382963986862224,0.2572569680178127,0.2514889196058667,0.35976078757730673,3.5785597823704163,1.5932012384592409
25,2026-05-12 10:11:03.470549,0,0.8333333333333334,0.7731758045265308,0.5864755380696096,0.17516547137068184,0.14196525216817374,36,0.7926358075571865,0.008231521183364454,0.007850756817374016,0.24694563550093362,0.23552270452122048,0.34125223990173326,-0.30933997550637304,-0.4789864525393872
26,2026-05-12 10:11:03.504221,0,0.8666666666666667,0.7797352998778334,0.5905919139084587,0.17516547137068184,0.14196525216817374,36,0.7850505419589417,0.006559495351302624,0.004116375838849051,0.19678486053907873,0.12349127516547154,0.23232386097725494,-1.5048232488556468,-3.3609428806724684
27,2026-05-12 10:11:03.538128,0,0.9,0.7843332332712306,0.6048303295109438,0.17516547137068184,0.14196525216817374,36,0.8337597175977687,0.004597933393397202,0.014238415602485177,0.13793800180191607,0.4271524680745553,0.44887205674143876,-1.76540576211488,9.109835787272514
28,2026-05-12 10:11:03.571808,0,0.9333333333333333,0.7909773587898453,0.603056973377462,0.17516547137068184,0.14196525216817374,36,0.9711004332582553,0.0066441255186147075,-0.0017733561334818404,0.19932376555844122,-0.05320068400445521,0.20630142097168971,1.8415729126957547,-14.410594562370315
29,2026-05-12 10:11:03.605467,0,0.9666666666666667,0.7939247937179778,0.6163448417714703,0.17516547137068184,0.14196525216817374,36,0.7403022037314944,0.002947434928132431,0.013287868394008306,0.08842304784397292,0.3986360518202492,0.40832503866509823,-3.327021531434049,13.555102074741132
30,2026-05-12 10:11:03.639189,0,1.0,0.8045451304415603,0.6238758100685396,0.17516547137068184,0.14196525216817374,36,0.8682820381977719,0.010620336723582535,0.00753096829706934,0.31861010170747606,0.2259290489120802,0.3905846029381667,6.905611615905094,-5.18121008724507
31,2026-05-12 10:11:03.672841,0,1.0333333333333332,0.8093683875633962,0.6296613139584761,0.17516547137068184,0.14196525216817374,36,0.7768075869675278,0.0048232571218359555,0.005785503889936483,0.14469771365507866,0.1735651166980945,0.22596963971168846,-5.217371641571922,-1.5709179664195716
32,2026-05-12 10:11:03.706479,0,1.0666666666666667,0.8164987511189629,0.6375184575061255,0.17516547137068184,0.14196525216817374,36,0.7322011184064647,0.007130363555566621,0.007857143547649326,0.21391090666699863,0.23571430642947977,0.3183066292847639,2.076395790357599,1.8644756919415584
33,2026-05-12 10:11:03.740126,0,1.1,0.8242522271093505,0.6453678802802771,0.17516547137068184,0.14196525216817374,36,0.7332820788531127,0.0077534759903876704,0.007849422774151682,0.2326042797116301,0.23548268322455046,0.33099372356405826,0.5608011913389443,-0.006948696147879296
34,2026-05-12 10:11:03.773817,0,1.1333333333333333,0.8273052341028043,0.6534839297875431,0.17516547137068184,0.14196525216817374,36,0.809616282894249,0.0030530069934537885,0.008116049507265966,0.09159020980361365,0.24348148521797897,0.26013842502756657,-4.230422097240494,0.23996405980285518
35,2026-05-12 10:11:03.807483,0,1.1666666666666667,0.8328324856743953,0.6624443876142625,0.17516547137068184,0.14196525216817374,36,0.7149671277980015,0.005527251571590952,0.008960457826719392,0.16581754714772856,0.26881373480158177,0.31584218046369983,2.2268201203234472,0.7599674875080842
36,2026-05-12 10:11:03.841183,0,1.2,0.8415472309922034,0.6719905612005067,0.17516547137068184,0.14196525216817374,36,0.8524469246353729,0.008714745317808137,0.009546173586244211,0.2614423595342441,0.28638520758732633,0.3877738960833606,2.8687443715954664,0.5271441835723367
37,2026-05-12 10:11:03.874849,0,1.2333333333333334,0.843531055923672,0.6760670657475779,0.17516547137068184,0.14196525216817374,36,0.9294664883782913,0.0019838249314685363,0.0040765045470712025,0.05951474794405609,0.12229513641213607,0.13600774100361898,-6.057828347705641,-4.922702135255708
38,2026-05-12 10:11:03.908526,0,1.2666666666666666,0.8542623411764371,0.6843232419017218,0.17516547137068184,0.14196525216817374,36,0.9541578337367597,0.010731285252765121,0.008256176154143868,0.32193855758295364,0.24768528462431605,0.40619260834980886,7.872714289166927,3.7617044463653992
39,2026-05-12 10:11:03.942179,0,1.3,0.8537501843919869,0.6962862756690857,0.17516547137068184,0.14196525216817374,36,0.824798138070413,-0.0005121567844501573,0.011963033767363962,-0.01536470353350472,0.35889101302091886,0.35921975633566405,-10.11909783349375,3.3361718518980843
40,2026-05-12 10:11:03.975858,0,1.3333333333333333,0.8651517528856132,0.7018498126766909,0.17516547137068184,0.14196525216817374,36,0.780599884466129,0.01140156849362628,0.005563537007605146,0.3420470548087884,0.16690611022815438,0.38059668592206514,10.722352750268794,-5.759547083782935
41,2026-05-12 10:11:04.009534,0,1.3666666666666667,0.871668490937111,0.7083305467950852,0.17516547137068184,0.14196525216817374,36,0.9079482648109066,0.006516738051497772,0.006480734118394338,0.19550214154493317,0.19442202355183014,0.27571907911975096,-4.396347397915656,0.8254773997102727
42,2026-05-12 10:11:04.043223,0,1.4,0.8790741423461692,0.7167274501356153,0.17516547137068184,0.14196525216817374,36,0.7233106556965798,0.007405651409058245,0.008396903340530115,0.22216954227174734,0.25190710021590346,0.33588166465650215,0.8000220218044252,1.7245522999221996
43,2026-05-12 10:11:04.076893,0,1.4333333333333333,0.8841868251643319,0.7253054891509851,0.17516547137068184,0.14196525216817374,36,0.9575634779903109,0.005112682818162684,0.008578039015369798,0.1533804845448805,0.25734117046109395,0.2995831287864992,-2.063671731806005,0.16302210735571476
44,2026-05-12 10:11:04.110550,0,1.4666666666666666,0.8900486962125939,0.7252610354974395,0.17516547137068184,0.14196525216817374,36,0.7377133268903393,0.0058618710482619685,-4.4453653545661886e-05,0.17585613144785905,-0.0013336096063698566,0.17586118810695237,0.6742694070893562,-7.760243402023915
45,2026-05-12 10:11:04.144207,0,1.5,0.8981364325167808,0.7371867332264892,0.17516547137068184,0.14196525216817374,36,0.8498469686194878,0.00808773630418691,0.011925697729049722,0.2426320891256073,0.35777093187149167,0.43228505683825363,2.0032787303324473,10.773136244335847
46,2026-05-12 10:11:04.180430,0,1.5333333333333332,0.9033575380761605,0.7413741086068899,0.17516547137068184,0.14196525216817374,36,0.7616637426072876,0.005221105559379713,0.004187375380400704,0.1566331667813914,0.12562126141202112,0.20078508474165735,-2.5799676703264773,-6.964490113784117
47,2026-05-12 10:11:04.220687,0,1.5666666666666667,0.9074658923917797,0.7470087443547928,0.17516547137068184,0.14196525216817374,36,0.8782706377942571,0.004108354315619178,0.005634635747902905,0.12325062946857535,0.16903907243708716,0.20920068277802262,-1.0014761193844812,1.302534330751981
48,2026-05-12 10:11:04.254400,0,1.6,0.9123181364076426,0.7541089617524691,0.17516547137068184,0.14196525216817374,36,0.7378825367332783,0.004852244015862928,0.0071002173976763006,0.14556732047588783,0.21300652193028902,0.25799539370959423,0.6695007302193745,1.3190234847960558
49,2026-05-12 10:11:04.292886,0,1.6333333333333333,0.9199798716436156,0.7621761862349135,0.17516547137068184,0.14196525216817374,36,0.9230815489389288,0.007661735235973022,0.008067224482444346,0.22985205707919065,0.24201673447333039,0.33377247925595965,2.5285420980990847,0.8703063762912411
50,2026-05-12 10:11:04.327127,0,1.6666666666666667,0.9225024588869527,0.7676637965647284,0.17516547137068184,0.14196525216817374,36,0.701167393036372,0.0025225872433370933,0.005487610329814929,0.0756776173001128,0.16462830989444788,0.18118935448564494,-4.625233193372336,-2.3216527373664753
51,2026-05-12 10:11:04.360925,0,1.7,0.927759679366567,0.773910925544699,0.17516547137068184,0.14196525216817374,36,0.775899225020651,0.0052572204796143,0.006247128979970595,0.157716614388429,0.18741386939911786,0.24494588973342257,2.4611699126494857,0.6835667851400995
52,2026-05-12 10:11:04.395553,0,1.7333333333333334,0.9312365385739354,0.782013753971058,0.17516547137068184,0.14196525216817374,36,0.9490892161728268,0.003476859207368399,0.00810282842635901,0.10430577622105197,0.2430848527907703,0.26451831809798476,-1.6023251450213105,1.6701295017495732
53,2026-05-12 10:11:04.429383,0,1.7666666666666666,0.9351101673981862,0.7883925664050052,0.17516547137068184,0.14196525216817374,36,0.7861409335810643,0.0038736288242507966,0.006378812433947223,0.1162088647275239,0.1913643730184167,0.2238857376028935,0.3570926551941578,-1.5516143931706083
54,2026-05-12 10:11:04.463117,0,1.8,0.9452769074695091,0.794931477922175,0.17516547137068184,0.14196525216817374,36,0.9398629266236005,0.0101667400713229,0.006538911517169788,0.305002202139687,0.19616734551509363,0.36264027735001614,5.663800122364893,0.14408917490030815
55,2026-05-12 10:11:04.496806,0,1.8333333333333333,0.9466612948032576,0.8031862096929412,0.17516547137068184,0.14196525216817374,36,0.728466952885882,0.0013843873337484602,0.008254731770766188,0.04153162001245381,0.24764195312298565,0.25110040304114584,-7.904117463816996,1.5442382282367606
56,2026-05-12 10:11:04.530476,0,1.8666666666666667,0.951883332770972,0.8091527908723986,0.17516547137068184,0.14196525216817374,36,0.8085626183819951,0.005222037967714477,0.005966581179457364,0.1566611390314343,0.17899743538372093,0.2378713819621346,3.453885570569415,-2.0593355321779416
57,2026-05-12 10:11:04.564247,0,1.9,0.9450314187539379,0.8119611901814133,0.17516547137068184,0.14196525216817374,36,0.855189659333095,-0.006851914017034111,0.002808399309014775,-0.20555742051102333,0.08425197927044326,0.22215366109549683,-10.86655678627373,-2.84236368339833
58,2026-05-12 10:11:04.598654,0,1.9333333333333333,0.9376722641558847,0.818624658140649,0.17516547137068184,0.14196525216817374,36,0.7878353783240701,-0.0073591545980532524,0.006663467959235669,-0.22077463794159757,0.19990403877707008,0.2978305986255069,-0.45651652291722744,3.4695617851988048
59,2026-05-12 10:11:04.633221,0,1.9666666666666666,0.9341277408880805,0.8271897618311288,0.17516547137068184,0.14196525216817374,36,0.7449542303020215,-0.0035445232678041894,0.008565103690479803,-0.10633569803412568,0.2569531107143941,0.2780866443794244,3.433168197224157,1.71147215811972
60,2026-05-12 10:11:04.667037,0,2.0,0.925457359362916,0.831368408425158,0.17516547137068184,0.14196525216817374,36,0.9310831351094363,-0.008670381525164528,0.004178646594029223,-0.26011144575493583,0.12535939782087668,0.2887437321133322,-4.613272431624305,-3.947811386805522
61,2026-05-12 10:11:04.700793,0,2.033333333333333,0.9219730784843714,0.8392358146980384,0.17516547137068184,0.14196525216817374,36,0.7999175829559024,-0.0034842808785445767,0.007867406272880406,-0.1045284263563373,0.23602218818641219,0.2581330378561303,4.667490581957956,3.319883710966065
62,2026-05-12 10:11:04.734990,0,2.0666666666666664,0.9187297296644606,0.8418036722278767,0.17516547137068184,0.14196525216817374,36,0.8074204437478598,-0.0032433488199107297,0.0025678575298382356,-0.09730046459732189,0.07703572589514707,0.12410432496511523,0.21683885277046233,-4.769593868737954
63,2026-05-12 10:11:04.768687,0,2.1,0.915013448130898,0.8463523172474361,0.17516547137068184,0.14196525216817374,36,0.915569424246785,-0.0037162815335626265,0.0045486450195594275,-0.1114884460068788,0.13645935058678282,0.17621245119342513,-0.42563944228670714,1.7827087407490727
64,2026-05-12 10:11:04.802352,0,2.1333333333333333,0.9030441936001308,0.8526675514078367,0.17516547137068184,0.14196525216817374,36,0.7727841363353514,-0.011969254530767248,0.006315234160400585,-0.35907763592301745,0.18945702481201754,0.40599348870478763,-7.42767569748416,1.5899302267570414
65,2026-05-12 10:11:04.836224,0,2.1666666666666665,0.9000984655858764,0.8620097536199705,0.17516547137068184,0.14196525216817374,36,0.7602194163397783,-0.0029457280142544118,0.009342202212133777,-0.08837184042763235,0.2802660663640133,0.2938684231688128,8.121173864861554,2.724271246559873
66,2026-05-12 10:11:04.870313,0,2.2,0.8972785989249451,0.865863034222134,0.17516547137068184,0.14196525216817374,36,0.8673742737084372,-0.0028198666609312584,0.0038532806021635,-0.08459599982793775,0.115598418064905,0.1432462126759273,0.11327521799083806,-4.940029448973249
67,2026-05-12 10:11:04.903999,0,2.2333333333333334,0.8899164752055332,0.8716200817857644,0.17516547137068184,0.14196525216817374,36,0.755100127662671,-0.007362123719411917,0.005757047563630491,-0.2208637115823575,0.17271142690891472,0.28037477789353343,-4.088031352632593,1.7133902653202915
68,2026-05-12 10:11:04.937668,0,2.2666666666666666,0.8829487171135671,0.8756848561497532,0.17516547137068184,0.14196525216817374,36,0.8694348576764895,-0.0069677580919660365,0.004064774363988777,-0.2090327427589811,0.1219432309196633,0.24200173369723757,0.3549290647012926,-1.5230458796775426
69,2026-05-12 10:11:04.971354,0,2.3,0.87683331455935,0.8824430962022158,0.17516547137068184,0.14196525216817374,36,0.7621699794172204,-0.006115402554217164,0.006758240052462616,-0.18346207662651492,0.2027472015738785,0.273431456321602,0.7671199839739851,2.4241191196264555
70,2026-05-12 10:11:05.005123,0,2.3333333333333335,0.8697231724724609,0.889845869140848,0.17516547137068184,0.14196525216817374,36,0.7142353606653009,-0.007110142086889093,0.007402772938632118,-0.2133042626066728,0.22208318815896355,0.3079279963059969,-0.895265579404736,0.5800795975525519
71,2026-05-12 10:11:05.038842,0,2.3666666666666667,0.8668361606602112,0.8925359243745418,0.17516547137068184,0.14196525216817374,36,0.9598668039521163,-0.002887011812249707,0.002690055233693811,-0.0866103543674912,0.08070165701081433,0.11838121019804419,3.8008172471754476,-4.241445934444477
72,2026-05-12 10:11:05.072510,0,2.4,0.8595519531924627,0.8973631320365287,0.17516547137068184,0.14196525216817374,36,0.7856800830270592,-0.007284207467748494,0.004827207661986965,-0.2185262240324548,0.14481622985960896,0.2621553947959754,-3.957476089948908,1.9234371854638388
73,2026-05-12 10:11:05.106197,0,2.433333333333333,0.8547588739835579,0.9021567279651207,0.17516547137068184,0.14196525216817374,36,0.9830853625556695,-0.004793079208904816,0.004793595928591965,-0.14379237626714447,0.14380787785775895,0.20336409025809882,2.24201543295931,-0.03025056005550031
74,2026-05-12 10:11:05.139855,0,2.466666666666667,0.8519418282827844,0.9060430105728632,0.17516547137068184,0.14196525216817374,36,0.8020866484438347,-0.0028170457007734573,0.003886282607742486,-0.08451137102320372,0.11658847823227458,0.14399668429772666,1.7784301573182226,-0.8165819887645309
75,2026-05-12 10:11:05.173489,0,2.5,0.84412480054623,0.9128786925358915,0.17516547137068184,0.14196525216817374,36,0.9147543102652338,-0.00781702773655446,0.006835681963028306,-0.23451083209663381,0.20507045889084918,0.3115272435604293,-4.499983832202903,2.654459419757238
76,2026-05-12 10:11:05.207142,0,2.533333333333333,0.8350742285401213,0.9175696692654157,0.17516547137068184,0.14196525216817374,36,0.8668161506279783,-0.009050572006108704,0.004690976729524232,-0.2715171601832611,0.14072930188572697,0.3058207067600668,-1.1101898425988188,-1.9302347101536665
77,2026-05-12 10:11:05.240993,0,2.5666666666666664,0.8334726893843039,0.9219156952998647,0.17516547137068184,0.14196525216817374,36,0.92057792075003,-0.0016015391558173997,0.004346026034449002,-0.04804617467452199,0.13038078103347006,0.1389517288980326,6.704129565262174,-0.3104556255677071
78,2026-05-12 10:11:05.285661,0,2.6,0.824356909556446,0.9291301028626217,0.17516547137068184,0.14196525216817374,36,0.9489631487198829,-0.009115779827857828,0.00721440756275693,-0.27347339483573485,0.2164322268827079,0.3487557978247669,-6.762816604836386,2.5815433754771355
79,2026-05-12 10:11:05.319406,0,2.6333333333333333,0.8190861786008172,0.9326222890578492,0.17516547137068184,0.14196525216817374,36,0.775147247728282,-0.0052707309556287996,0.003492186195227509,-0.158121928668864,0.10476558585682527,0.189679657069189,3.460543985006126,-3.349999230776479
80,2026-05-12 10:11:05.353102,0,2.6666666666666665,0.8136339065207505,0.9383689817168903,0.17516547137068184,0.14196525216817374,36,0.7371113844575526,-0.005452272080066711,0.005746692659041153,-0.16356816240200134,0.17240077977123458,0.23764800150074314,-0.16338701199412053,2.0290558174322793
81,2026-05-12 10:11:05.386862,0,2.7,0.8069515504035993,0.9439739499554425,0.17516547137068184,0.14196525216817374,36,0.9536730074920687,-0.006682356117151178,0.005604968238552166,-0.20047068351453534,0.16814904715656498,0.261653582066911,-1.10707563337602,-0.12755197844008803
82,2026-05-12 10:11:05.420616,0,2.7333333333333334,0.7963188074535099,0.9491767103733529,0.17516547137068184,0.14196525216817374,36,0.7606843004222067,-0.010632742950089424,0.005202760417910457,-0.31898228850268273,0.1560828125373137,0.35512187309143173,-3.5553481496444217,-0.3619870385775381
83,2026-05-12 10:11:05.454413,0,2.7666666666666666,0.7931472101641798,0.9482884446848056,0.17516547137068184,0.14196525216817374,36,0.763540844502536,-0.0031715972893301414,-0.000888265688547385,-0.09514791867990424,-0.02664797065642155,0.09880911278431344,6.715031094683355,-5.481923495812058
84,2026-05-12 10:11:05.488207,0,2.8,0.7840282959476232,0.9446507204548159,0.17516547137068184,0.14196525216817374,36,0.7800187388659383,-0.009118914216556528,-0.0036377242299896473,-0.27356742649669585,-0.10913172689968942,0.29453161232053426,-5.352585234503748,-2.474512687298036
85,2026-05-12 10:11:05.522600,0,2.8333333333333335,0.7776796379401513,0.9406844625266495,0.17516547137068184,0.14196525216817374,36,0.7435136728518964,-0.0063486580074719745,-0.003966257928166406,-0.19045974022415924,-0.11898773784499217,0.22457291556134457,2.4932305881760985,-0.29568032835908253
86,2026-05-12 10:11:05.556347,0,2.8666666666666667,0.7768130141247512,0.9375217147486449,0.17516547137068184,0.14196525216817374,36,0.8943116169204545,-0.0008666238154000361,-0.0031627477780046265,-0.025998714462001082,-0.0948824333401388,0.098379923308684,4.933830772864745,0.7231591351456013
87,2026-05-12 10:11:05.590055,0,2.9,0.7618273507684267,0.9302691630974228,0.17516547137068184,0.14196525216817374,36,0.758290141746669,-0.014985663356324563,-0.007252551651222072,-0.4495699006897369,-0.21757654953666217,0.49945235059458826,-12.707135586832075,-3.680823485895701
88,2026-05-12 10:11:05.623731,0,2.933333333333333,0.7581586628545479,0.9277539016910327,0.17516547137068184,0.14196525216817374,36,0.775664630854696,-0.0036686879138787543,-0.0025152614063901346,-0.11006063741636263,-0.07545784219170404,0.13344373292412107,10.185277898201228,4.263561220348744
89,2026-05-12 10:11:05.657438,0,2.966666666666667,0.7530471543407201,0.9259816680156663,0.17516547137068184,0.14196525216817374,36,0.9494842352331128,-0.0051115085138278005,-0.0017722336753663859,-0.15334525541483401,-0.053167010260991576,0.16230064182970153,-1.2985385399541416,0.6687249579213739
90,2026-05-12 10:11:05.691109,0,3.0,0.7414648776819274,0.9179231782808686,0.17516547137068184,0.14196525216817374,36,0.9114017135709801,-0.011582276658792745,-0.008058489734797725,-0.34746829976378235,-0.24175469204393174,0.4232960553395106,-5.82369133046845,-5.657630453488205
91,2026-05-12 10:11:05.725031,0,3.033333333333333,0.7360684238131219,0.9132062149031999,0.17516547137068184,0.14196525216817374,36,0.8375246802297523,-0.005396453868805495,-0.0047169633776686926,-0.16189361606416486,-0.14150890133006078,0.21502165490473765,5.567240510988525,3.007373721416129
92,2026-05-12 10:11:05.758722,0,3.0666666666666664,0.7247902351016755,0.906369720319411,0.17516547137068184,0.14196525216817374,36,0.8385191092945348,-0.011278188711446369,-0.006836494583788877,-0.33834566134339106,-0.2050948375136663,0.3956534833975986,-5.293561358376786,-1.9075780855081659
93,2026-05-12 10:11:05.792530,0,3.1,0.7196588971771103,0.9081872787231657,0.17516547137068184,0.14196525216817374,36,0.948624553092983,-0.005131337924565216,0.0018175584037547488,-0.15394013773695647,0.05452675211264246,0.1633117653521224,5.5321657081930375,7.788647688789263
94,2026-05-12 10:11:05.826368,0,3.1333333333333333,0.7112762203751283,0.9016848723683987,0.17516547137068184,0.14196525216817374,36,0.8232490728345957,-0.008382676801982014,-0.006502406354767065,-0.2514803040594604,-0.19507219064301196,0.3182695443992439,-2.9262049896751186,-7.487968282669633
95,2026-05-12 10:11:05.860059,0,3.1666666666666665,0.7022677079824617,0.8934587314812386,0.17516547137068184,0.14196525216817374,36,0.8991027162008582,-0.009008512392666534,-0.008226140887160116,-0.27025537177999603,-0.24678422661480348,0.36597871588633474,-0.5632520316160683,-1.5513610791537458
96,2026-05-12 10:11:05.893867,0,3.2,0.6935871585014375,0.8900744807048552,0.17516547137068184,0.14196525216817374,36,0.9483179421348278,-0.008680549481024258,-0.0033842507763833796,-0.26041648443072773,-0.10152752329150139,0.2795077518584517,0.295166620478049,4.357701099699063
97,2026-05-12 10:11:05.931422,0,3.2333333333333334,0.6859815233497811,0.8853152752837219,0.17516547137068184,0.14196525216817374,36,0.9480996011682297,-0.007605635151656354,-0.0047592054211332835,-0.2281690545496906,-0.1427761626339985,0.26915822497295094,0.9674228964311138,-1.2374591802749135
98,2026-05-12 10:11:05.965147,0,3.2666666666666666,0.6783366003337568,0.8819838537275816,0.17516547137068184,0.14196525216817374,36,0.8310457623319805,-0.007644923016024374,-0.0033314215561403016,-0.22934769048073123,-0.09994264668420905,0.2501777283354574,-0.03535907793121851,1.2850054784936837
99,2026-05-12 10:11:05.998873,0,3.3,0.6732200841083296,0.8728761866161973,0.17516547137068184,0.14196525216817374,36,0.8876569538838894,-0.005116516225427192,-0.009107667111384332,-0.15349548676281577,-0.27323001334152996,0.31339353000208287,2.2755661115374637,-5.198620999719628
100,2026-05-12 10:11:06.032600,0,3.3333333333333335,0.6633503606289962,0.8741373451316492,0.17516547137068184,0.14196525216817374,36,0.9560694895811612,-0.009869723479333348,0.0012611585154519434,-0.29609170438000043,0.0378347554635583,0.2984991894857352,-4.27788652851554,9.331943064152648
101,2026-05-12 10:11:06.066277,0,3.3666666666666667,0.6510055958485655,0.8655174703522343,0.17516547137068184,0.14196525216817374,36,0.8545544384212955,-0.012344764780430673,-0.008619874779414949,-0.3703429434129202,-0.25859624338244847,0.4516922766964916,-2.2275371709875924,-8.892929965380203
102,2026-05-12 10:11:06.099960,0,3.4,0.6491156684013399,0.8635368566006991,0.17516547137068184,0.14196525216817374,36,0.8825507938229907,-0.0018899274472256034,-0.001980613751535132,-0.0566978234167681,-0.059418412546053956,0.08212911134118084,9.409353599884563,5.975334925091835
103,2026-05-12 10:11:06.133947,0,3.433333333333333,0.6350968882658831,0.8576951762258088,0.17516547137068184,0.14196525216817374,36,0.7010763639516767,-0.014018780135456876,-0.005841680374890301,-0.4205634040637063,-0.17525041124670904,0.4556163775368407,-10.915967419408146,-3.4749599610196524
104,2026-05-12 10:11:06.167716,0,3.466666666666667,0.626409871381918,0.8523038937780889,0.17516547137068184,0.14196525216817374,36,0.9435183790276,-0.008687016883965115,-0.005391282447719914,-0.26061050651895346,-0.16173847343159742,0.3067200187402984,4.798586926342585,0.40535813445334856
105,2026-05-12 10:11:06.201526,0,3.5,0.6145058142000905,0.8533593707042749,0.17516547137068184,0.14196525216817374,36,0.8873119690683753,-0.01190405718182741,0.0010554769261860164,-0.3571217154548223,0.03166430778558049,0.35852273015380076,-2.8953362680760653,5.802083436515337
106,2026-05-12 10:11:06.235241,0,3.533333333333333,0.6085626051517963,0.8474323453261164,0.17516547137068184,0.14196525216817374,36,0.8284553808847084,-0.005943209048294262,-0.005927025378158479,-0.17829627144882787,-0.17781076134475438,0.251805931746167,5.364763320179833,-6.2842520739100465
107,2026-05-12 10:11:06.271046,0,3.5666666666666664,0.5995479404565747,0.8367698750849198,0.17516547137068184,0.14196525216817374,36,0.7512959083796078,-0.009014664695221608,-0.010662470241196598,-0.27043994085664824,-0.31987410723589793,0.4188761226072813,-2.764310082234611,-4.261900376734307
108,2026-05-12 10:11:06.305532,0,3.6,0.5881343010086888,0.8366455009589073,0.17516547137068184,0.14196525216817374,36,0.9231230038581255,-0.01141363944788587,-0.0001243741260125164,-0.3424091834365761,-0.003731223780375492,0.34242951235634184,-2.159077277397836,9.484286503665674
109,2026-05-12 10:11:06.339647,0,3.6333333333333333,0.5811990932509397,0.8307232485430602,0.17516547137068184,0.14196525216817374,36,0.7882850880913074,-0.00693520775774914,-0.005922252415847096,-0.2080562327324742,-0.17766757247541287,0.2735930596490626,4.030588521123057,-5.218090460851122
110,2026-05-12 10:11:06.373357,0,3.6666666666666665,0.5704315938093697,0.8231821137035723,0.17516547137068184,0.14196525216817374,36,0.9320620961839242,-0.010767499441569961,-0.0075411348394879285,-0.32302498324709883,-0.22623404518463786,0.3943690948875092,-3.449062515438739,-1.4569941812767495
111,2026-05-12 10:11:06.407041,0,3.6999999999999997,0.5626215922205406,0.8169329017073126,0.17516547137068184,0.14196525216817374,36,0.9033981261674702,-0.007810001588829052,-0.006249211996259718,-0.23430004766487156,-0.18747635988779154,0.30007315416834246,2.661748067466818,1.1627305589053893
112,2026-05-12 10:11:06.440797,0,3.7333333333333334,0.5532428665995447,0.8143895270613322,0.17516547137068184,0.14196525216817374,36,0.9677883449291056,-0.009378725620995954,-0.002543374645980423,-0.2813617686298786,-0.07630123937941269,0.2915241396134594,-1.4118516289502114,3.3352536152513657
113,2026-05-12 10:11:06.474509,0,3.7666666666666666,0.5442069342932866,0.8050004252039388,0.17516547137068184,0.14196525216817374,36,0.7496568264370181,-0.009035932306258099,-0.00938910185739339,-0.27107796918774296,-0.2816730557218017,0.3909257930843245,0.3085139832640693,-6.16115449027167
114,2026-05-12 10:11:06.512406,0,3.8,0.5373887167015718,0.8019961863958467,0.17516547137068184,0.14196525216817374,36,0.9699462473000373,-0.006818217591714748,-0.0030042388080920857,-0.20454652775144244,-0.09012716424276257,0.22352223099641233,1.9959432430890156,5.746376744371173
115,2026-05-12 10:11:06.545944,0,3.8333333333333335,0.521551723405678,0.7912789229503664,0.17516547137068184,0.14196525216817374,36,0.7654115252654087,-0.01583699329589383,-0.010717263445480296,-0.4751097988768149,-0.3215179033644089,0.5736750675884502,-8.116898133761175,-6.9417221736493895
116,2026-05-12 10:11:06.579629,0,3.8666666666666667,0.5172361903874644,0.7870086549978835,0.17516547137068184,0.14196525216817374,36,0.8214016305339705,-0.004315533018213635,-0.004270267952482865,-0.12946599054640906,-0.12810803857448594,0.18213487380390625,10.369314249912176,5.802295943697689
117,2026-05-12 10:11:06.613318,0,3.9,0.5047079753015125,0.7855692153854511,0.17516547137068184,0.14196525216817374,36,0.7394735345905498,-0.012528215085951921,-0.001439439612432425,-0.37584645257855764,-0.04318318837297275,0.37831910297253246,-7.391413860964458,2.5477455060453957
118,2026-05-12 10:11:06.646999,0,3.933333333333333,0.4956880884274046,0.7760642213368943,0.17516547137068184,0.14196525216817374,36,0.7933082405537709,-0.009019886874107874,-0.009504994048556759,-0.2705966062232362,-0.28514982145670276,0.3931067844445357,3.157495390659643,-7.2589989925119
119,2026-05-12 10:11:06.681354,0,3.966666666666667,0.48524545983191963,0.7687946994858349,0.17516547137068184,0.14196525216817374,36,0.9808658650898494,-0.010442628595484948,-0.007269521851059446,-0.31327885786454845,-0.21808565553178338,0.3817132378286659,-1.280467549239367,2.011924977747581
120,2026-05-12 10:11:06.716295,0,4.0,0.4766944026838034,0.7622662918234995,0.17516547137068184,0.14196525216817374,36,0.7886387782104962,-0.008551057148116215,-0.006528407662335423,-0.25653171444348644,-0.19585222987006268,0.3227485344047132,1.7024143026318606,0.6670027698516212
121,2026-05-12 10:11:06.750922,0,4.033333333333333,0.46551774833602844,0.7576849637140844,0.17516547137068184,0.14196525216817374,36,0.8799528123539155,-0.011176654347774984,-0.004581328109415028,-0.3352996304332495,-0.13743984328245085,0.3623748786687322,-2.3630374796928924,1.752371597628355
122,2026-05-12 10:11:06.784865,0,4.066666666666666,0.45678707692661136,0.7488143109218066,0.17516547137068184,0.14196525216817374,36,0.8595867399413722,-0.008730671409417079,-0.008870652792277833,-0.26192014228251237,-0.266119583768335,0.3733922787074251,2.2013846445221144,-3.8603922145765246
123,2026-05-12 10:11:06.818390,0,4.1,0.44539046785854675,0.7448781589427886,0.17516547137068184,0.14196525216817374,36,0.9529616856471392,-0.011396609068064611,-0.003936151979017977,-0.34189827204193834,-0.1180845593705393,0.3617158989967094,-2.3993438927827793,4.4410507319338715
124,2026-05-12 10:11:06.852182,0,4.133333333333333,0.43580352764194447,0.7416646639434746,0.17516547137068184,0.14196525216817374,36,0.8562445500640659,-0.00958694021660228,-0.003213494999314004,-0.2876082064980684,-0.09640484997942012,0.30333541755718213,1.6287019663160984,0.6503912817335755
125,2026-05-12 10:11:06.885916,0,4.166666666666667,0.42447338214687,0.735293379855024,0.17516547137068184,0.14196525216817374,36,0.9530421594542936,-0.01133014549507444,-0.006371284088450668,-0.3399043648522332,-0.19113852265352005,0.38996014166549153,-1.5688847506249437,-2.842010180222998
126,2026-05-12 10:11:06.919615,0,4.2,0.41105831060584963,0.7276999133277273,0.17516547137068184,0.14196525216817374,36,0.7118669536340453,-0.013415071541020396,-0.007593466527296644,-0.4024521462306119,-0.22780399581889932,0.462452581911576,-1.8764334413513606,-1.099964194961378
127,2026-05-12 10:11:06.953913,0,4.233333333333333,0.39770081393749684,0.72624689203006,0.17516547137068184,0.14196525216817374,36,0.8540100668575841,-0.013357496668352786,-0.001453021297667334,-0.4007249000505836,-0.04359063893002002,0.40308881071406283,0.05181738540084857,5.526400706666379
128,2026-05-12 10:11:06.988772,0,4.266666666666667,0.38610993898529605,0.7175499443206698,0.17516547137068184,0.14196525216817374,36,0.7907249969502721,-0.011590874952200791,-0.008696947709390224,-0.34772624856602374,-0.2609084312817067,0.43472606714537054,1.5899595445367953,-6.519533770550601
129,2026-05-12 10:11:07.022526,0,4.3,0.37622485816550666,0.71404504066863,0.17516547137068184,0.14196525216817374,36,0.7202717686945443,-0.009885080819789394,-0.0035049036520398147,-0.2965524245936818,-0.10514710956119444,0.31464147085447136,1.535214719170258,4.6728396516153685
130,2026-05-12 10:11:07.056352,0,4.333333333333333,0.36053955971620893,0.7069371082043437,0.17516547137068184,0.14196525216817374,36,0.8332645129688153,-0.015685298449297724,-0.007107932464286204,-0.47055895347893173,-0.21323797392858612,0.5166199398245831,-5.220195866557498,-3.2427259310217504
131,2026-05-12 10:11:07.090046,0,4.366666666666666,0.35404616039203063,0.6984339502552387,0.17516547137068184,0.14196525216817374,36,0.8855902063306604,-0.006493399324178306,-0.008503157949105056,-0.19480197972534918,-0.25509473847315167,0.3209690591032117,8.272709212607477,-1.2557029363369665
132,2026-05-12 10:11:07.123789,0,4.4,0.3397828678078616,0.6923608277026034,0.17516547137068184,0.14196525216817374,36,0.9008503755148715,-0.01426329258416903,-0.006073122552635257,-0.4278987775250709,-0.18219367657905772,0.46507192948278914,-6.992903933991651,2.1870318568228186
133,2026-05-12 10:11:07.157482,0,4.433333333333334,0.32649828691147265,0.6874535468242005,0.17516547137068184,0.14196525216817374,36,0.7207120347687213,-0.013284580896388953,-0.004907280878402975,-0.3985374268916686,-0.14721842635208926,0.4248592069039079,0.8808405190020685,1.0492575068090537
134,2026-05-12 10:11:07.191166,0,4.466666666666667,0.3201358838987809,0.6792326290419091,0.17516547137068184,0.14196525216817374,36,0.7967147359364656,-0.006362403012691753,-0.008220917782291393,-0.1908720903807526,-0.24662753346874178,0.31186101896709295,6.22996009532748,-2.9822732134995755
135,2026-05-12 10:11:07.225365,0,4.5,0.3093716891382511,0.6761498571821583,0.17516547137068184,0.14196525216817374,36,0.9637195567476173,-0.01076419476052981,-0.0030827718597508103,-0.3229258428158943,-0.09248315579252431,0.33590807382928445,-3.9616125730542517,4.624331330286524
136,2026-05-12 10:11:07.259334,0,4.533333333333333,0.2992027527441134,0.6713897737604936,0.17516547137068184,0.14196525216817374,36,0.7592732570797562,-0.010168936394137684,-0.004760083421664674,-0.3050680918241305,-0.1428025026499402,0.33683689734395533,0.5357325297529136,-1.509580405722477
137,2026-05-12 10:11:07.293075,0,4.566666666666666,0.28304825311614146,0.6652719486213539,0.17516547137068184,0.14196525216817374,36,0.936639318549962,-0.01615449962797194,-0.006117825139139721,-0.48463498883915823,-0.18353475417419163,0.5182239654791275,-5.387006910450832,-1.2219675457275425
138,2026-05-12 10:11:07.327004,0,4.6,0.2756503309025699,0.6599980396572541,0.17516547137068184,0.14196525216817374,36,0.7411760022239877,-0.0073979222135715506,-0.005273908964099738,-0.22193766640714652,-0.15821726892299215,0.27256014374023996,7.880919672960352,0.7595245575359844
139,2026-05-12 10:11:07.361506,0,4.633333333333333,0.2646132837126043,0.6546123586514166,0.17516547137068184,0.14196525216817374,36,0.8542011321262251,-0.01103704718996562,-0.005385681005837473,-0.3311114156989686,-0.16157043017512418,0.36842879028809605,-3.2752124787546633,-0.10059483756396093
140,2026-05-12 10:11:07.395534,0,4.666666666666667,0.2512013944407278,0.6472259254384004,0.17516547137068184,0.14196525216817374,36,0.8451007976381621,-0.013411889271876476,-0.007386433213016241,-0.4023566781562943,-0.22159299639048724,0.4593412157713286,-2.1373578737197696,-1.8006769864608918
141,2026-05-12 10:11:07.429316,0,4.7,0.2361493402710655,0.6421555900787814,0.17516547137068184,0.14196525216817374,36,0.8501155550248148,-0.015052054169662321,-0.005070335359618983,-0.45156162508986963,-0.15211006078856948,0.4764927825758815,-1.4761484080072607,2.084488068057533
142,2026-05-12 10:11:07.463002,0,4.733333333333333,0.2254813495693255,0.6368492253933392,0.17516547137068184,0.14196525216817374,36,0.8839078860645909,-0.010667990701739988,-0.005306364685442211,-0.32003972105219963,-0.15919094056326633,0.3574453505203098,3.9456571211301,-0.2124263932409054
143,2026-05-12 10:11:07.511219,0,4.766666666666667,0.2108554858782211,0.6303615456579089,0.17516547137068184,0.14196525216817374,36,0.9684659604294208,-0.014625863691104413,-0.006487679735430296,-0.4387759107331324,-0.19463039206290889,0.48000550971239003,-3.5620856904279825,-1.0631835449892768
144,2026-05-12 10:11:07.546575,0,4.8,0.1990080405610859,0.6209859306774785,0.17516547137068184,0.14196525216817374,36,0.7078651165872896,-0.011847445317135191,-0.00937561498043038,-0.35542335951405574,-0.2812684494129114,0.4532523636159013,2.500576536572299,-2.5991417205000755
145,2026-05-12 10:11:07.580317,0,4.833333333333333,0.18596333958399766,0.6173227359793106,0.17516547137068184,0.14196525216817374,36,0.7923057070860464,-0.013044700977088236,-0.003663194698167893,-0.3913410293126471,-0.1098958409450368,0.406478655135173,-1.0775300939577404,5.141178254036238
146,2026-05-12 10:11:07.618732,0,4.866666666666666,0.17385222559590904,0.6087377258900718,0.17516547137068184,0.14196525216817374,36,0.7888403858131552,-0.012111113988088618,-0.008585010089238843,-0.36333341964265853,-0.2575503026771653,0.44535753304320297,0.8402282900996566,-4.429633851963855
147,2026-05-12 10:11:07.652488,0,4.9,0.16148949796620837,0.6092608993681633,0.17516547137068184,0.14196525216817374,36,0.7026508200794943,-0.01236272762970067,0.0005231734780914987,-0.3708818288910201,0.01569520434274496,0.37121377997174143,-0.22645227745084762,8.197365210597308
148,2026-05-12 10:11:07.686181,0,4.933333333333334,0.14745234825763964,0.5989881703948582,0.17516547137068184,0.14196525216817374,36,0.7187511917081758,-0.01403714970856873,-0.010272728973305112,-0.4211144912570619,-0.30818186919915336,0.5218366403864126,-1.5069798709812539,-9.71631220625695
149,2026-05-12 10:11:07.720497,0,4.966666666666667,0.1323135736191084,0.5930343389773043,0.17516547137068184,0.14196525216817374,36,0.8456775473695876,-0.01513877463853125,-0.005953831417553901,-0.4541632391559375,-0.17861494252661703,0.48802412388569477,-0.9914624369662672,3.88700780017609
150,2026-05-12 10:11:07.754225,0,5.0,0.12225339974733582,0.5911331032099941,0.17516547137068184,0.14196525216817374,36,0.9759524352676137,-0.010060173871772576,-0.001901235767310161,-0.3018052161531773,-0.05703707301930483,0.3071475479242437,4.570740690082806,3.647336085219366
151,2026-05-12 10:11:07.787953,0,5.033333333333333,0.1061330042559299,0.5839353763366403,0.17516547137068184,0.14196525216817374,36,0.7784197121391181,-0.01612039549140591,-0.007197726873353849,-0.4836118647421774,-0.21593180620061547,0.5296290972449175,-5.454199457670002,-4.76684199543932
152,2026-05-12 10:11:07.822530,0,5.066666666666666,0.09234343842302153,0.5798083382284128,0.17516547137068184,0.14196525216817374,36,0.8795790806554019,-0.013789565832908371,-0.004127038108227454,-0.41368697498725115,-0.12381114324682363,0.43181722113202947,2.0977466926477866,2.7636198886137553
153,2026-05-12 10:11:07.856285,0,5.1,0.08566944786569357,0.5743110819011132,0.17516547137068184,0.14196525216817374,36,0.9890116355618854,-0.006673990557327966,-0.005497256327299582,-0.20021971671983899,-0.16491768981898747,0.2593950257399018,6.4040177480223655,-1.2331963971649151
154,2026-05-12 10:11:07.889956,0,5.133333333333333,0.0691658125554413,0.5653106549700203,0.17516547137068184,0.14196525216817374,36,0.7619097643173048,-0.01650363531025227,-0.00900042693109293,-0.49510905930756816,-0.2700128079327879,0.5639502611544511,-8.846680277631874,-3.1528535434140137
155,2026-05-12 10:11:07.924036,0,5.166666666666667,0.05889748852748116,0.5607595097726135,0.17516547137068184,0.14196525216817374,36,0.8433705461754055,-0.010268324027960136,-0.004551145197406847,-0.3080497208388041,-0.13653435592220542,0.3369514221011044,5.611780154062921,4.004353560317475
156,2026-05-12 10:11:07.957840,0,5.2,0.04874766820412989,0.5536164193716581,0.17516547137068184,0.14196525216817374,36,0.7869223163787784,-0.010149820323351273,-0.007143090400955399,-0.3044946097005382,-0.21429271202866196,0.3723416895343337,0.10665333414797695,-2.332750683193696
157,2026-05-12 10:11:07.991676,0,5.233333333333333,0.06511570112744818,0.5527569510637182,0.17516547137068184,0.14196525216817374,36,0.908456759507174,0.016368032923318288,-0.0008594683079398147,0.4910409876995486,-0.02578404923819444,0.4917174684674787,23.866067922002607,5.6552598837140255
158,2026-05-12 10:11:08.025365,0,5.266666666666667,0.07524343224886168,0.5449266624422703,0.17516547137068184,0.14196525216817374,36,0.7285451285095682,0.010127731121413505,-0.007830288621447967,0.3038319336424052,-0.23490865864343902,0.3840519780010808,-5.616271621714303,-6.273738282157337
159,2026-05-12 10:11:08.059136,0,5.3,0.0866041984638475,0.5411036354830412,0.17516547137068184,0.14196525216817374,36,0.9003200973807376,0.011360766214985815,-0.003823026959229092,0.3408229864495745,-0.11469080877687277,0.3596029612090257,1.109731584215079,3.6065354959969875
160,2026-05-12 10:11:08.092650,0,5.333333333333333,0.09683573701176561,0.5364069870365628,0.17516547137068184,0.14196525216817374,36,0.8275014171578308,0.010231538547918112,-0.004696648446478435,0.30694615643754336,-0.14089945339435306,0.3377404312761626,-1.0163049003609337,-0.7862593385244088
161,2026-05-12 10:11:08.126148,0,5.366666666666666,0.11031537847276503,0.5293446580127882,0.17516547137068184,0.14196525216817374,36,0.8980465652490172,0.01347964146099942,-0.007062329023774572,0.4043892438299826,-0.21186987071323715,0.4565298485766609,2.923292621773177,-2.129112519566523
162,2026-05-12 10:11:08.159683,0,5.4,0.12270436136545891,0.5242608167837092,0.17516547137068184,0.14196525216817374,36,0.7539872845677715,0.012388982892693884,-0.005083841229079011,0.3716694867808165,-0.15251523687237034,0.4017450744964408,-0.9815927114749823,1.7806390152260043
163,2026-05-12 10:11:08.193198,0,5.433333333333334,0.13044428531735255,0.5218466783789203,0.17516547137068184,0.14196525216817374,36,0.7246026964550811,0.007739923951893643,-0.002414138404788879,0.2321977185568093,-0.07242415214366638,0.24323042226809571,-4.184153046720217,2.402732541861119
164,2026-05-12 10:11:08.226707,0,5.466666666666667,0.13970100425582926,0.516281678405205,0.17516547137068184,0.14196525216817374,36,0.9745840931963388,0.00925671893847671,-0.00556499997371529,0.2777015681543013,-0.1669499992114587,0.3240223189721105,1.3651154879247605,-2.8357754120337697
165,2026-05-12 10:11:08.261160,0,5.5,0.15263950277141566,0.5073286781014247,0.17516547137068184,0.14196525216817374,36,0.9221876875523916,0.0129384985155864,-0.008953000303780323,0.388154955467592,-0.2685900091134097,0.4720220995351699,3.3136016193987206,-3.0492002970585297
166,2026-05-12 10:11:08.295321,0,5.533333333333333,0.16313639944252867,0.5048206381428388,0.17516547137068184,0.14196525216817374,36,0.9504860037577121,0.010496896671113004,-0.0025080399585858393,0.3149069001333901,-0.07524119875757518,0.32377089699677747,-2.197441660026056,5.800464310675036
167,2026-05-12 10:11:08.329048,0,5.566666666666666,0.17501205006278397,0.49539620909653,0.17516547137068184,0.14196525216817374,36,0.8367529130551239,0.011875650620255307,-0.009424429046308858,0.3562695186076592,-0.2827328713892657,0.45482507236623654,1.2408785542280727,-6.224750178950717
168,2026-05-12 10:11:08.362714,0,5.6,0.18219944883435393,0.49224606686774647,0.17516547137068184,0.14196525216817374,36,0.9791083626775953,0.007187398771569958,-0.0031501422287835146,0.21562196314709875,-0.09450426686350544,0.23542278446832088,-4.219426663816813,5.646858135772809
169,2026-05-12 10:11:08.396384,0,5.633333333333333,0.1952171765713723,0.4854133736809874,0.17516547137068184,0.14196525216817374,36,0.9308716934005771,0.01301772773701837,-0.0068326931867590535,0.3905318321105511,-0.2049807956027716,0.4410580896634466,5.24729606890357,-3.314295862177985
170,2026-05-12 10:11:08.430121,0,5.666666666666667,0.20391097742361167,0.4828753504448404,0.17516547137068184,0.14196525216817374,36,0.8868055083303619,0.008693800852239364,-0.002538023236146991,0.2608140255671809,-0.07614069708440974,0.2717008680241157,-3.891534196301105,3.8652029555508562
171,2026-05-12 10:11:08.463773,0,5.7,0.20789472361451758,0.4760396921696246,0.17516547137068184,0.14196525216817374,36,0.9307683786716816,0.003983746190905912,-0.006835658275215817,0.11951238572717737,-0.2050697482564745,0.23735376970289612,-4.239049195200106,-3.8678715351619433
172,2026-05-12 10:11:08.497437,0,5.733333333333333,0.22187702880627896,0.47094241525040836,0.17516547137068184,0.14196525216817374,36,0.7882115710444126,0.013982305191761385,-0.005097276919216243,0.41946915575284155,-0.15291830757648728,0.44647327066696707,8.998703100769925,1.5645432203996168
173,2026-05-12 10:11:08.531125,0,5.766666666666667,0.23406352677753925,0.46138657965079205,0.17516547137068184,0.14196525216817374,36,0.7592284245429993,0.012186497971260285,-0.009555835599616314,0.36559493913780855,-0.2866750679884894,0.4645882630129424,-1.61622649845099,-4.012702812360064
174,2026-05-12 10:11:08.566104,0,5.8,0.24403326745856568,0.4547564734019625,0.17516547137068184,0.14196525216817374,36,0.9411191881195426,0.009969740681026434,-0.006630106248829537,0.29909222043079303,-0.1989031874648861,0.3591916400835544,-1.9950815612104655,2.633156415708099
175,2026-05-12 10:11:08.599923,0,5.833333333333333,0.24696204896757032,0.45496036821997937,0.17516547137068184,0.14196525216817374,36,0.9880639454133743,0.0029287815090046354,0.00020389481801685871,0.08786344527013906,0.006116844540505761,0.08807610800819617,-6.336863254819619,6.150600960161756
176,2026-05-12 10:11:08.633628,0,5.866666666666666,0.2607007480109538,0.45034030409093956,0.17516547137068184,0.14196525216817374,36,0.7549878976516459,0.013738699043383457,-0.004620064129039814,0.4121609713015037,-0.1386019238711944,0.4348415338545702,9.728925780940939,-4.341563052351005
177,2026-05-12 10:11:08.667296,0,5.9,0.2733149661799806,0.44773805153981827,0.17516547137068184,0.14196525216817374,36,0.9519422641371558,0.012614218169026803,-0.002602252551121287,0.3784265450708041,-0.0780675765336386,0.38639513004185344,-1.0120327869209884,1.8160304201266741
178,2026-05-12 10:11:08.700999,0,5.933333333333334,0.2804366611158797,0.43960239860767425,0.17516547137068184,0.14196525216817374,36,0.7817061447390637,0.007121694935899148,-0.008135652932144022,0.21365084807697443,-0.24406958796432066,0.32437115878740463,-4.94327090981489,-4.980060342920462
179,2026-05-12 10:11:08.740114,0,5.966666666666667,0.2883029899515272,0.43399246784442574,0.17516547137068184,0.14196525216817374,36,0.9674641584300665,0.007866328835647474,-0.005609930763248505,0.2359898650694242,-0.16829792289745515,0.28985411376601644,0.6701705097734934,2.2731499520059653
180,2026-05-12 10:11:08.773838,0,6.0,0.3023026304431453,0.43114514728529924,0.17516547137068184,0.14196525216817374,36,0.7982927671999112,0.013999640491618115,-0.0028473205591265094,0.41998921474854345,-0.08541961677379528,0.42858774064931,5.519980490373578,2.4863491837097964
181,2026-05-12 10:11:08.807527,0,6.033333333333333,0.31080318662868917,0.4256590004296905,0.17516547137068184,0.14196525216817374,36,0.8488958098265673,0.00850055618554385,-0.00548614685560872,0.2550166855663155,-0.1645844056682616,0.3035152986365003,-4.949175875466838,-2.37494366683399
182,2026-05-12 10:11:08.841293,0,6.066666666666666,0.3236652444548225,0.41815925044005064,0.17516547137068184,0.14196525216817374,36,0.8300901039108116,0.01286205782613331,-0.00749974998963987,0.3858617347839993,-0.2249924996891961,0.4466664340275754,3.925351476530514,-1.812242820628035
183,2026-05-12 10:11:08.875939,0,6.1,0.3292818724799553,0.4138912568318813,0.17516547137068184,0.14196525216817374,36,0.972854777237898,0.005616628025132797,-0.004267993608169318,0.16849884075398391,-0.12803980824507954,0.21162715286766293,-6.520886820900462,2.9085807433234967
184,2026-05-12 10:11:08.909739,0,6.133333333333333,0.3411917474731295,0.4100100599459839,0.17516547137068184,0.14196525216817374,36,0.7273586269397779,0.011909874993174252,-0.003881196885897442,0.35729624979522756,-0.11643590657692326,0.3757897423535183,5.663922271237309,0.3481170500446884
185,2026-05-12 10:11:08.943423,0,6.166666666666667,0.3462442781875894,0.40451620556073703,0.17516547137068184,0.14196525216817374,36,0.7054691626817313,0.00505253071445988,-0.005493854385246855,0.1515759214337964,-0.16481563155740564,0.22391840559491955,-6.171609850842935,-1.4513917494144712
186,2026-05-12 10:11:08.977129,0,6.2,0.3576418538082082,0.40102468889766973,0.17516547137068184,0.14196525216817374,36,0.8641494768723297,0.011397575620618772,-0.0034915166630672956,0.34192726861856315,-0.10474549989201887,0.35761134877486755,5.710540415543003,1.8021039499616032
187,2026-05-12 10:11:09.011632,0,6.233333333333333,0.36777832440051644,0.39156981730971563,0.17516547137068184,0.14196525216817374,36,0.9522413618476344,0.010136470592308267,-0.009454871587954106,0.304094117769248,-0.28364614763862317,0.41584656970100026,-1.1349945254794547,-5.367019432398129
188,2026-05-12 10:11:09.045574,0,6.266666666666667,0.3766741425199758,0.39029655380094436,0.17516547137068184,0.14196525216817374,36,0.8770199509688338,0.008895818119459331,-0.0012732635087712718,0.26687454358377993,-0.038197905263138154,0.2695943285374204,-1.1165872255640419,7.36344727126455
189,2026-05-12 10:11:09.079312,0,6.3,0.38880112982953696,0.380040462884204,0.17516547137068184,0.14196525216817374,36,0.8447657874970228,0.012126987309561188,-0.010256090916740346,0.36380961928683564,-0.3076827275022104,0.4764725594290103,2.9080522710916714,-8.084544667172167
190,2026-05-12 10:11:09.113362,0,6.333333333333333,0.40170237182279067,0.3737514829293868,0.17516547137068184,0.14196525216817374,36,0.753964223048807,0.01290124199325371,-0.006288979954817198,0.3870372597976113,-0.18866939864451593,0.43057401507351434,0.6968292153232691,3.5703998657308333
191,2026-05-12 10:11:09.151704,0,6.366666666666666,0.4066330801849138,0.36975104025385747,0.17516547137068184,0.14196525216817374,36,0.7495054055918283,0.004930708362123115,-0.004000442675529348,0.14792125086369345,-0.12001328026588043,0.1904832903360725,-7.173480268017535,2.0596835513590652
192,2026-05-12 10:11:09.185426,0,6.4,0.4184031599622995,0.3671796715999211,0.17516547137068184,0.14196525216817374,36,0.9630930541567093,0.0117700797773857,-0.002571368653936368,0.353102393321571,-0.07714105961809103,0.36143055107229566,6.155434273736327,1.2861666194336818
193,2026-05-12 10:11:09.219170,0,6.433333333333334,0.4267984004288117,0.3526171673460936,0.17516547137068184,0.14196525216817374,36,0.9834584048075634,0.008395240466512188,-0.01456250425382749,0.25185721399536565,-0.4368751276148247,0.5042736691222106,-3.037355379786161,-10.79202203990201
194,2026-05-12 10:11:09.252902,0,6.466666666666667,0.4359769678009151,0.34931118284285595,0.17516547137068184,0.14196525216817374,36,0.7522537753586649,0.00917856737210343,-0.003305984503237658,0.2753570211631029,-0.09917953509712973,0.2926739983085281,0.7049942150321176,10.13086777553085
195,2026-05-12 10:11:09.286592,0,6.5,0.4440404844582686,0.3400990948795624,0.17516547137068184,0.14196525216817374,36,0.921002228182803,0.008063516657353498,-0.009212087963293536,0.24190549972060493,-0.2763626388988061,0.3672799735544908,-1.003545643274939,-5.31549311405029
196,2026-05-12 10:11:09.320286,0,6.533333333333333,0.453056186909072,0.33292200370290725,0.17516547137068184,0.14196525216817374,36,0.9770368046022979,0.009015702450803409,-0.007177091176655159,0.27047107352410227,-0.21531273529965478,0.34570822321070055,0.85696721410492,1.831497107974539
197,2026-05-12 10:11:09.354867,0,6.566666666666666,0.4666495342622326,0.32589951837745773,0.17516547137068184,0.14196525216817374,36,0.714311756264069,0.01359334735316059,-0.007022485325449523,0.4078004205948177,-0.2106745597634857,0.4590043062639486,4.1198804121214625,0.13914526608507227
198,2026-05-12 10:11:09.388822,0,6.6,0.4729451233084214,0.3175023469833928,0.17516547137068184,0.14196525216817374,36,0.700341648340036,0.006295589046188821,-0.008397171394064928,0.18886767138566463,-0.25191514182194785,0.31485272108370843,-6.567982476274592,-1.2372174617538645
199,2026-05-12 10:11:09.422650,0,6.633333333333333,0.4857687299139883,0.3100206001260648,0.17516547137068184,0.14196525216817374,36,0.7859483563236003,0.012823606605566862,-0.007481746857327998,0.38470819816700585,-0.22445240571983993,0.445397889723703,5.875215803440237,0.8238820830632376
200,2026-05-12 10:11:09.456397,0,6.666666666666667,0.4950940979652608,0.3059094840662845,0.17516547137068184,0.14196525216817374,36,0.9440169246768255,0.009325368051272542,-0.004111116059780318,0.27976104153817627,-0.12333348179340953,0.3057407203723614,-3.1484146988648876,3.0335677177929123
201,2026-05-12 10:11:09.490077,0,6.7,0.5059441054860101,0.29562892869147267,0.17516547137068184,0.14196525216817374,36,0.9309991839234529,0.010850007520749272,-0.010280555374811817,0.32550022562247816,-0.3084166612443545,0.44840967185532377,1.3721755225290566,-5.55249538352835
202,2026-05-12 10:11:09.523794,0,6.733333333333333,0.5119615376010124,0.2843741910926998,0.17516547137068184,0.14196525216817374,36,0.7113928978188568,0.006017432115002275,-0.01125473759877288,0.18052296345006824,-0.3376421279631864,0.38287171077046606,-4.3493178651722975,-0.8767640015649558
203,2026-05-12 10:11:09.557465,0,6.766666666666667,0.5250669906271852,0.2792837162226413,0.17516547137068184,0.14196525216817374,36,0.848691505820073,0.01310545302617283,-0.005090474870058481,0.3931635907851849,-0.15271424610175444,0.4217810451899511,6.3792188200535005,5.547836455842958
204,2026-05-12 10:11:09.591135,0,6.8,0.5378665222290345,0.26972079002972865,0.17516547137068184,0.14196525216817374,36,0.8085382175846457,0.012799531601849323,-0.009562926192912657,0.3839859480554797,-0.2868877857873797,0.4793222401871741,-0.2753292818911568,-4.025206190568759
205,2026-05-12 10:11:09.624810,0,6.833333333333333,0.5479778130848145,0.25765921476018594,0.17516547137068184,0.14196525216817374,36,0.8620353692913063,0.010111290855779997,-0.012061575269542713,0.3033387256733999,-0.3618472580862814,0.47217350696298294,-2.4194166714623933,-2.24878416896705
206,2026-05-12 10:11:09.658514,0,6.866666666666666,0.5572105099835212,0.25117261489234793,0.17516547137068184,0.14196525216817374,36,0.75270671925957,0.00923269689870665,-0.0064865998678380055,0.2769809069611995,-0.19459799603514016,0.3385067250173046,-0.7907345613660133,5.017477861534236
207,2026-05-12 10:11:09.692177,0,6.8999999999999995,0.5698399373547646,0.24549170692011868,0.17516547137068184,0.14196525216817374,36,0.7121254477724698,0.012629427371243396,-0.005680907972229254,0.3788828211373019,-0.17042723916687763,0.41544871645367354,3.057057425283072,0.725122706047876
208,2026-05-12 10:11:09.725867,0,6.933333333333334,0.5778554574070655,0.2392336886304799,0.17516547137068184,0.14196525216817374,36,0.7865627253375207,0.008015520052300884,-0.006258018289638789,0.24046560156902652,-0.18774054868916368,0.3050741207642203,-4.152516587048261,-0.5193992856685814
209,2026-05-12 10:11:09.759536,0,6.966666666666667,0.5883832456546524,0.23049008325134063,0.17516547137068184,0.14196525216817374,36,0.7337543001669178,0.010527788247586933,-0.008743605379139263,0.315833647427608,-0.2623081613741779,0.41055628648326453,2.2610413757574443,-2.2370283805504267
210,2026-05-12 10:11:09.793256,0,7.0,0.6005041770415384,0.21740379704483256,0.17516547137068184,0.14196525216817374,36,0.976283879455418,0.01212093138688597,-0.013086286206508063,0.3636279416065791,-0.3925885861952419,0.5351178168663575,1.4338288253691323,-3.90841274463192
211,2026-05-12 10:11:09.826932,0,7.033333333333333,0.6124128836238384,0.20601858993565716,0.17516547137068184,0.14196525216817374,36,0.8603946644260866,0.011908706582300033,-0.0113852071091754,0.357261197469001,-0.341556213275262,0.4942633003207104,-0.19100232412734286,1.5309711875993977
212,2026-05-12 10:11:09.861393,0,7.066666666666666,0.6179534016090383,0.1967326476708763,0.17516547137068184,0.14196525216817374,36,0.8427864862786055,0.005540517985199944,-0.009285942264780855,0.16621553955599833,-0.27857826794342566,0.32439706681819847,-5.73136973739008,1.8893383599550895
213,2026-05-12 10:11:09.895846,0,7.1,0.6345397889865795,0.18967585095370187,0.17516547137068184,0.14196525216817374,36,0.8541672708978141,0.016586387377541145,-0.007056796717174435,0.49759162132623436,-0.21170390151523305,0.5407549939952863,9.941282453107082,2.0062309928457784
214,2026-05-12 10:11:09.929583,0,7.133333333333333,0.6430943792253287,0.17721799447074976,0.17516547137068184,0.14196525216817374,36,0.7711429710697576,0.008554590238749271,-0.012457856482952112,0.25663770716247813,-0.37373569448856336,0.45336660890769476,-7.228617424912687,-4.860953789199909
215,2026-05-12 10:11:09.963285,0,7.166666666666667,0.6542384189385346,0.16974869739022427,0.17516547137068184,0.14196525216817374,36,0.7271331449804502,0.011144039713205878,-0.007469297080525489,0.33432119139617633,-0.22407891241576466,0.4024698970183866,2.330504527010946,4.489703462183961
216,2026-05-12 10:11:09.996934,0,7.2,0.6637907463901634,0.15807960800945067,0.17516547137068184,0.14196525216817374,36,0.8045939823068076,0.009552327451628817,-0.0116690893807736,0.2865698235488645,-0.350072681423208,0.45240816310900295,-1.4325410354193546,-3.779813070223301
217,2026-05-12 10:11:10.030621,0,7.233333333333333,0.6751485752360493,0.15126064680903406,0.17516547137068184,0.14196525216817374,36,0.9801097677563957,0.011357828845885876,-0.006818961200416612,0.34073486537657627,-0.20456883601249837,0.3974275495618063,1.6249512548313527,4.36511536232129
218,2026-05-12 10:11:10.072417,0,7.266666666666667,0.688083252300129,0.14142613138580443,0.17516547137068184,0.14196525216817374,36,0.9213573106219698,0.012934677064079692,-0.009834515423229634,0.38804031192239075,-0.295035462696889,0.4874640580859205,1.4191633963744343,-2.7139988005317197
219,2026-05-12 10:11:10.106386,0,7.3,0.7034268653793916,0.12675497835862504,0.17516547137068184,0.14196525216817374,36,0.9549686508551007,0.015343613079262575,-0.01467115302717939,0.46030839237787724,-0.4401345908153817,0.6368691185210108,2.168042413664595,-4.35297384355478
220,2026-05-12 10:11:10.140586,0,7.333333333333333,0.7132864575359286,0.12273536633701282,0.17516547137068184,0.14196525216817374,36,0.7690970019815508,0.009859592156536978,-0.004019612021612218,0.29578776469610935,-0.12058836064836653,0.3194244111957968,-4.935618830453037,9.586386905010455
221,2026-05-12 10:11:10.174497,0,7.366666666666666,0.7229129625840477,0.11198086150323461,0.17516547137068184,0.14196525216817374,36,0.9214624980949677,0.009626505048119127,-0.010754504833778211,0.2887951514435738,-0.32263514501334634,0.4330081711643554,-0.20977839757606587,-6.061403530949394
222,2026-05-12 10:11:10.209433,0,7.3999999999999995,0.7344334144282396,0.10356087958530079,0.17516547137068184,0.14196525216817374,36,0.9722566321172026,0.011520451844191926,-0.00841998191793382,0.34561355532575777,-0.2525994575380146,0.4280831876789953,1.7045521164655186,2.101070624259952
223,2026-05-12 10:11:10.243311,0,7.433333333333334,0.7490025073730857,0.09426118322178519,0.17516547137068184,0.14196525216817374,36,0.8989376979024206,0.014569092944846096,-0.009299696363515603,0.4370727883453829,-0.2789908909054681,0.5185253508944714,2.7437769905887532,-0.7917430010236043
224,2026-05-12 10:11:10.276834,0,7.466666666666667,0.7601972659360293,0.08630307535521152,0.17516547137068184,0.14196525216817374,36,0.7171270648285354,0.011194758562943607,-0.007958107866573666,0.3358427568883082,-0.23874323599720998,0.4120542319753054,-3.0369009437122396,1.207429647247743
225,2026-05-12 10:11:10.310370,0,7.5,0.7679371378461777,0.07904689627290155,0.17516547137068184,0.14196525216817374,36,0.8494575802351326,0.007739871910148355,-0.007256179082309966,0.23219615730445065,-0.21768537246929898,0.31827971480138445,-3.1093979875157274,0.6317359058373301
226,2026-05-12 10:11:10.343867,0,7.533333333333333,0.77909226106552,0.06897683970735898,0.17516547137068184,0.14196525216817374,36,0.912817981562891,0.011155123219342311,-0.010070056565542579,0.33465369658026933,-0.30210169696627737,0.4508420254864707,3.0737261782745606,-2.5324897349093516
227,2026-05-12 10:11:10.377375,0,7.566666666666666,0.7954899540224489,0.06085758134756352,0.17516547137068184,0.14196525216817374,36,0.8921880244645378,0.016397692956928944,-0.008119258359795455,0.4919307887078683,-0.24357775079386365,0.5489317093778997,4.71831276382797,1.7557183851724114
228,2026-05-12 10:11:10.410873,0,7.6,0.8041538200705145,0.05364270557404104,0.17516547137068184,0.14196525216817374,36,0.818643479885453,0.008663866048065572,-0.007214875773522478,0.25991598144196715,-0.21644627320567433,0.3382385350511772,-6.960444217977035,0.8139443276456796
229,2026-05-12 10:11:10.444381,0,7.633333333333333,0.8157449782970667,0.049386298090317415,0.17516547137068184,0.14196525216817374,36,0.8297862944453138,0.011591158226552212,-0.004256407483723627,0.34773474679656635,-0.12769222451170884,0.37043860264613454,2.634562960637976,2.662621460818965
230,2026-05-12 10:11:10.477960,0,7.666666666666667,0.829933117918849,0.05677775222311665,0.17516547137068184,0.14196525216817374,36,0.8345303547444824,0.014188139621782336,0.007391454132799236,0.4256441886534701,0.22174362398397707,0.47994084022097794,2.337283255707112,10.483075454870576
231,2026-05-12 10:11:10.511458,0,7.7,0.843447970810517,0.06991712910345393,0.17516547137068184,0.14196525216817374,36,0.7802120578092663,0.013514852891667983,0.013139376880337283,0.4054455867500395,0.3941813064101185,0.5654776972951908,-0.6059580571029177,5.173130472784243
232,2026-05-12 10:11:10.544952,0,7.733333333333333,0.8547303225930041,0.07642117752866288,0.17516547137068184,0.14196525216817374,36,0.7640447989027636,0.011282351782487043,0.00650404842520895,0.3384705534746113,0.1951214527562685,0.3906849074319693,-2.009250998262846,-5.9717956096155005
233,2026-05-12 10:11:10.578461,0,7.766666666666667,0.8692275159018215,0.08914931867874183,0.17516547137068184,0.14196525216817374,36,0.7234129265531275,0.01449719330881738,0.012728141150078948,0.4349157992645214,0.38184423450236843,0.5787545005203824,2.893357373697303,5.601683452382998
234,2026-05-12 10:11:10.611967,0,7.8,0.8763193173010884,0.09446288314574317,0.17516547137068184,0.14196525216817374,36,0.7324530146558299,0.007091801399266906,0.005313564467001333,0.21275404197800718,0.15940693401004,0.26584742426523694,-6.6648527185954265,-6.673119014769853
235,2026-05-12 10:11:10.645462,0,7.833333333333333,0.8892939114460672,0.1071864782411014,0.17516547137068184,0.14196525216817374,36,0.8828057055730183,0.012974594144978813,0.01272359509535824,0.3892378243493644,0.3817078528607472,0.5451669183284955,5.294513471140716,6.669027565521216
236,2026-05-12 10:11:10.678993,0,7.866666666666666,0.9002507382226149,0.11507445083699107,0.17516547137068184,0.14196525216817374,36,0.7710576550365524,0.010956826776547746,0.007887972595889664,0.32870480329643237,0.23663917787668992,0.40502462667880085,-1.8159906315879604,-4.352060249521719
237,2026-05-12 10:11:10.712521,0,7.8999999999999995,0.9139319925905304,0.11841537389448031,0.17516547137068184,0.14196525216817374,36,0.8828378858052593,0.013681254367915452,0.003340923057489245,0.41043763103746356,0.10022769172467735,0.42249809367629343,2.4519848322309357,-4.092344584560377
238,2026-05-12 10:11:10.746017,0,7.933333333333334,0.9206644064565034,0.1351611254310852,0.17516547137068184,0.14196525216817374,36,0.8846430914964665,0.006732413865973008,0.016745751536604875,0.20197241597919025,0.5023725460981463,0.5414527051272393,-6.253956451748199,12.064345631204068
239,2026-05-12 10:11:10.779510,0,7.966666666666667,0.9405746565474921,0.13970656968588677,0.17516547137068184,0.14196525216817374,36,0.7921273601338619,0.01991025009098868,0.004545444254801578,0.5973075027296604,0.13636332764404735,0.6126754523753184,11.860052602514104,-10.980276553622968
240,2026-05-12 10:11:10.813018,0,8.0,0.946012639743239,0.15187553098186754,0.17516547137068184,0.14196525216817374,36,0.7331531914615308,0.005437983195746954,0.012168961295980774,0.1631394958724086,0.3650688388794232,0.3998621665452658,-13.025040205717554,6.8611653370612755
241,2026-05-12 10:11:10.846554,0,8.033333333333333,0.9534480754724856,0.16396750798827725,0.17516547137068184,0.14196525216817374,36,0.853059062316509,0.007435435729246542,0.01209197700640971,0.22306307187739627,0.3627593101922913,0.4258537908326841,1.7977072801496297,-0.06928586061395736
242,2026-05-12 10:11:10.880077,0,8.066666666666666,0.9394819987000701,0.17425918783338076,0.17516547137068184,0.14196525216817374,36,0.7190480344948514,-0.013966076772415459,0.010291679845103513,-0.41898230317246377,0.3087503953531054,0.5204545868780496,-19.261361251495803,-1.6202674451755772
243,2026-05-12 10:11:10.913571,0,8.1,0.924911011303992,0.18251780747717222,0.17516547137068184,0.14196525216817374,36,0.8879393619905345,-0.014570987396078094,0.00825861964379146,-0.43712962188234283,0.24775858931374378,0.502460570498558,-0.544419561296372,-1.8297541811808482
244,2026-05-12 10:11:10.947063,0,8.133333333333333,0.9145377663504856,0.19162923170376883,0.17516547137068184,0.14196525216817374,36,0.854704885619152,-0.010373244953506444,0.00911142422659661,-0.3111973486051933,0.2733427267978983,0.4141980638199709,3.7779681983144853,0.767524124524635
245,2026-05-12 10:11:10.980570,0,8.166666666666666,0.9058781790137328,0.20073050869527634,0.17516547137068184,0.14196525216817374,36,0.8364626810920802,-0.008659587336752761,0.009101276991507506,-0.25978762010258283,0.2730383097452252,0.37688131573095185,1.542291855078315,-0.009132511580192681
246,2026-05-12 10:11:11.014064,0,8.2,0.8964635999657621,0.2047108111749732,0.17516547137068184,0.14196525216817374,36,0.967082783654222,-0.009414579047970717,0.003980302479696857,-0.2824373714391215,0.1194090743909057,0.3066421299044428,-0.6794925400961604,-4.608877060629585
247,2026-05-12 10:11:11.047572,0,8.233333333333333,0.8836731945719133,0.2185519512840642,0.17516547137068184,0.14196525216817374,36,0.7526162744178745,-0.012790405393848792,0.013841140109091016,-0.38371216181546375,0.4152342032727305,0.5653799312786366,-3.038243711290267,8.874753866454743
248,2026-05-12 10:11:11.081067,0,8.266666666666666,0.8692808996959973,0.22809634316470498,0.17516547137068184,0.14196525216817374,36,0.8026778995050758,-0.014392294875915979,0.009544391880640768,-0.43176884627747936,0.28633175641922304,0.51808320890558,-1.4417005338604683,-3.867073405605223
249,2026-05-12 10:11:11.114799,0,8.3,0.8561889951203991,0.2348045513175296,0.17516547137068184,0.14196525216817374,36,0.8002997487261609,-0.013091904575598168,0.006708208152824607,-0.39275713726794503,0.20124624458473822,0.44131419627559193,1.1703512702860297,-2.5525653550345444
250,2026-05-12 10:11:11.149155,0,8.333333333333334,0.8503132315357665,0.2493786446703198,0.17516547137068184,0.14196525216817374,36,0.7451250399283192,-0.005875763584632598,0.014574093352790224,-0.17627290753897795,0.4372228005837067,0.47141904425097725,6.494526891869013,7.079296679969055
251,2026-05-12 10:11:11.183572,0,8.366666666666667,0.8380835812275862,0.25893374417729836,0.17516547137068184,0.14196525216817374,36,0.831648679729361,-0.012229650308180351,0.009555099506978554,-0.36688950924541053,0.2866529852093566,0.46559407848873446,-5.718498051192977,-4.517094461230503
252,2026-05-12 10:11:11.217379,0,8.4,0.8251504205483456,0.2655751088633328,0.17516547137068184,0.14196525216817374,36,0.9489512989630129,-0.012933160679240552,0.006641364686034434,-0.38799482037721655,0.19924094058103303,0.43616159051796766,-0.6331593339541808,-2.6223613388497076
253,2026-05-12 10:11:11.251106,0,8.433333333333334,0.8184241571799403,0.27791418229358145,0.17516547137068184,0.14196525216817374,36,0.8312060990095634,-0.006726263368405316,0.012339073430248648,-0.2017879010521595,0.37017220290745945,0.4215991186143508,5.586207579751712,5.127937869792793
254,2026-05-12 10:11:11.284785,0,8.466666666666667,0.8089387267423173,0.2901764911080673,0.17516547137068184,0.14196525216817374,36,0.8026773287437202,-0.009485430437623066,0.012262308814485867,-0.284562913128692,0.367869264434576,0.46508477425510664,-2.4832503622959745,-0.06908815418650294
255,2026-05-12 10:11:11.318451,0,8.5,0.7970661938166481,0.2973787293626528,0.17516547137068184,0.14196525216817374,36,0.8345577058870481,-0.011872532925669144,0.007202238254585491,-0.3561759877700743,0.21606714763756474,0.4165889419466404,-2.14839223924147,-4.5540635039103385
256,2026-05-12 10:11:11.352152,0,8.533333333333333,0.782962759582895,0.31080619064203263,0.17516547137068184,0.14196525216817374,36,0.8351391415565705,-0.014103434233753154,0.013427461279379826,-0.4231030270125946,0.4028238383813948,0.5841945020586384,-2.007811177275609,5.602700722314902
257,2026-05-12 10:11:11.385846,0,8.566666666666666,0.7728780621711113,0.3192677406245971,0.17516547137068184,0.14196525216817374,36,0.9352321932586812,-0.010084697411783639,0.008461549982564487,-0.30254092235350916,0.2538464994769346,0.3949291771890315,3.6168631397725637,-4.469320167133806
258,2026-05-12 10:11:11.419525,0,8.6,0.7618391558693054,0.3274542381225385,0.17516547137068184,0.14196525216817374,36,0.9188621786838107,-0.011038906301805929,0.00818649749794137,-0.33116718905417786,0.2455949249382411,0.4122967065857619,-0.858788001020061,-0.24754723616080554
259,2026-05-12 10:11:11.453240,0,8.633333333333333,0.7534165802201005,0.3375193839357271,0.17516547137068184,0.14196525216817374,36,0.9382580745630421,-0.0084225756492049,0.010065145813188625,-0.252677269476147,0.30195437439565875,0.39372864605791014,2.354697587340926,1.69078348372253
260,2026-05-12 10:11:11.486974,0,8.666666666666666,0.7452520015786668,0.35055797208935624,0.17516547137068184,0.14196525216817374,36,0.985334846503421,-0.008164578641433717,0.013038588153629127,-0.24493735924301152,0.3911576446088738,0.4615177275998205,0.23219730699406416,2.6760981063964517
261,2026-05-12 10:11:11.520642,0,8.7,0.736510890249573,0.359341458279815,0.17516547137068184,0.14196525216817374,36,0.7077810164848027,-0.008741111329093831,0.008783486190458767,-0.26223333987281494,0.263504585713763,0.3717539390955167,-0.5188794188941026,-3.829591766853324
262,2026-05-12 10:11:11.554308,0,8.733333333333333,0.7193626805475852,0.3758377792634136,0.17516547137068184,0.14196525216817374,36,0.8758973482043565,-0.017148209701987716,0.0164963209835986,-0.5144462910596315,0.494889629507958,0.7138422317147781,-7.566388535604496,6.94155131382585
263,2026-05-12 10:11:11.588009,0,8.766666666666666,0.7086002587467876,0.38514165450612536,0.17516547137068184,0.14196525216817374,36,0.8674814645349677,-0.010762421800797672,0.009303875242711757,-0.3228726540239302,0.2791162572813527,0.42679343457369023,5.747209111071039,-6.47320116679816
264,2026-05-12 10:11:11.624074,0,8.8,0.7040387227399743,0.3946226569998717,0.17516547137068184,0.14196525216817374,36,0.7281296846066727,-0.004561536006813305,0.009481002493746338,-0.13684608020439915,0.28443007481239013,0.3156379526056565,5.580797214585931,0.15941452593112304
265,2026-05-12 10:11:11.657743,0,8.833333333333334,0.696718818470395,0.4043531711165792,0.17516547137068184,0.14196525216817374,36,0.7334493505229221,-0.0073199042695792915,0.0097305141167075,-0.21959712808737875,0.291915423501225,0.36529099789363023,-2.482531436489388,0.22456046066504642
266,2026-05-12 10:11:11.691271,0,8.866666666666667,0.6844248607864881,0.4164545622989675,0.17516547137068184,0.14196525216817374,36,0.757318813993519,-0.012293957683906842,0.012101391182388288,-0.36881873051720526,0.36304173547164864,0.5175196205696837,-4.476648072894796,2.133789359112709
267,2026-05-12 10:11:11.724778,0,8.9,0.6799092571700701,0.4314646372327239,0.17516547137068184,0.14196525216817374,36,0.895596289509065,-0.004515603616418007,0.01501007493375639,-0.1354681084925402,0.4503022480126917,0.47023794294360205,7.000518660739952,2.6178153762312917
268,2026-05-12 10:11:11.758300,0,8.933333333333334,0.6669135932397542,0.44185956544256016,0.17516547137068184,0.14196525216817374,36,0.9288572968569397,-0.012995663930315926,0.010394928209836285,-0.3898699179094778,0.31184784629508855,0.49924706521884343,-7.632054282508127,-4.153632051528095
269,2026-05-12 10:11:11.791801,0,8.966666666666667,0.6553135837794717,0.453601655867198,0.17516547137068184,0.14196525216817374,36,0.7527931782018171,-0.011600009460282501,0.011742090424637808,-0.34800028380847503,0.35226271273913423,0.495169886318941,1.2560890230300825,1.2124459933213705
270,2026-05-12 10:11:11.825299,0,9.0,0.6469183674232533,0.46195025260583233,0.17516547137068184,0.14196525216817374,36,0.868040497390615,-0.008395216356218427,0.008348596738634362,-0.2518564906865528,0.25045790215903085,0.35519129022943163,2.884313793657667,-3.0541443174031015
271,2026-05-12 10:11:11.858835,0,9.033333333333333,0.6405559034327399,0.47699411798216035,0.17516547137068184,0.14196525216817374,36,0.7815995335338946,-0.006362463990513323,0.015043865376328014,-0.1908739197153997,0.4513159612898404,0.4900193364985647,1.8294771291345935,6.025741773924287
272,2026-05-12 10:11:11.892353,0,9.066666666666666,0.6331812495820318,0.487716063718861,0.17516547137068184,0.14196525216817374,36,0.9890463780902181,-0.007374653850708124,0.010721945736700655,-0.22123961552124372,0.32165837210101966,0.3903986114456169,-0.9109708741753209,-3.8897276756646226
273,2026-05-12 10:11:11.926291,0,9.1,0.6221838253217024,0.4992918027062039,0.17516547137068184,0.14196525216817374,36,0.835089104711358,-0.010997424260329458,0.011575738987342876,-0.32992272780988374,0.3472721696202863,0.4790062276404092,-3.260493368659201,0.7684139255779987
274,2026-05-12 10:11:11.959968,0,9.133333333333333,0.6119759061048744,0.5109162490310462,0.17516547137068184,0.14196525216817374,36,0.8447433538042898,-0.010207919216827954,0.011624446324842275,-0.3062375765048386,0.34873338974526824,0.4641082097817082,0.7105545391513535,0.043836603749458636
275,2026-05-12 10:11:11.993896,0,9.166666666666666,0.6003455059822095,0.5254757966596811,0.17516547137068184,0.14196525216817374,36,0.7522776955344513,-0.011630400122664919,0.014559547628634983,-0.34891200367994757,0.4367864288590495,0.5590366452634364,-1.2802328152532683,2.641591173413438
276,2026-05-12 10:11:12.027433,0,9.2,0.5917120471892775,0.5321564430455277,0.17516547137068184,0.14196525216817374,36,0.9137781894629043,-0.00863345879293198,0.006680646385846534,-0.2590037637879594,0.200419391575396,0.3274918047459829,2.6972471967596445,-7.091011118509605
277,2026-05-12 10:11:12.061060,0,9.233333333333333,0.5793579952976882,0.5457026078460631,0.17516547137068184,0.14196525216817374,36,0.8082949237744691,-0.012354051891589335,0.013546164800535387,-0.37062155674768005,0.4063849440160616,0.5500082372555991,-3.348533788791619,6.178966573219968
278,2026-05-12 10:11:12.094594,0,9.266666666666666,0.5750065106817758,0.5604759501611198,0.17516547137068184,0.14196525216817374,36,0.7339096898558357,-0.004351484615912393,0.014773342315056781,-0.1305445384773718,0.44320026945170343,0.4620263578718562,7.2023105481092475,1.1044597630692543
279,2026-05-12 10:11:12.132571,0,9.3,0.5594088965274503,0.5723401381415885,0.17516547137068184,0.14196525216817374,36,0.8151830299625715,-0.015597614154325479,0.011864187980468621,-0.46792842462976436,0.35592563941405864,0.5879116186713778,-10.121516584571777,-2.618238901129344
280,2026-05-12 10:11:12.166929,0,9.333333333333334,0.5506631184741614,0.5828404854534062,0.17516547137068184,0.14196525216817374,36,0.8012005237399388,-0.00874577805328891,0.010500347311817704,-0.2623733415986673,0.3150104193545311,0.40996504080661383,6.166652490932911,-1.2274566017858257
281,2026-05-12 10:11:12.201368,0,9.366666666666667,0.5400642062175344,0.59655201767453,0.17516547137068184,0.14196525216817374,36,0.8956779109092486,-0.010598912256627013,0.013711532221123868,-0.3179673676988104,0.41134596663371603,0.5199122533535219,-1.6678207830042924,2.8900664183755476
282,2026-05-12 10:11:12.235074,0,9.4,0.531169432814648,0.6069760523606216,0.17516547137068184,0.14196525216817374,36,0.742457018708881,-0.008894773402886358,0.010424034686091543,-0.26684320208659074,0.3127210405827463,0.4110957841221201,1.53372496836659,-2.958747781529092
283,2026-05-12 10:11:12.268777,0,9.433333333333334,0.5206026497897148,0.6199252002572758,0.17516547137068184,0.14196525216817374,36,0.9746070611989693,-0.01056678302493319,0.012949147896654245,-0.3170034907479957,0.38847443689962735,0.5014016366854991,-1.5048086598421495,2.2726018895064315
284,2026-05-12 10:11:12.302481,0,9.466666666666667,0.5096816553433141,0.6315693157630019,0.17516547137068184,0.14196525216817374,36,0.7812853314771303,-0.010920994446400711,0.011644115505726083,-0.32762983339202134,0.3493234651717825,0.4789239929760308,-0.31879027932076864,-1.1745291518353462
285,2026-05-12 10:11:12.336164,0,9.5,0.49732720478690734,0.6415685520697926,0.17516547137068184,0.14196525216817374,36,0.8479445035675381,-0.01235445055640677,0.009999236306790671,-0.3706335166922031,0.2999770892037201,0.47681805517698916,-1.2901104990054535,-1.4803912790418705
286,2026-05-12 10:11:12.369833,0,9.533333333333333,0.4852348188166165,0.6579111179694918,0.17516547137068184,0.14196525216817374,36,0.7532808044482515,-0.012092385970290831,0.01634256589969918,-0.36277157910872493,0.4902769769909754,0.6098973133048278,0.23585812750434587,5.708996633617658
287,2026-05-12 10:11:12.403504,0,9.566666666666666,0.47446948083252166,0.6705051839786579,0.17516547137068184,0.14196525216817374,36,0.8233314883031301,-0.010765337984094847,0.012594066009166127,-0.3229601395228454,0.3778219802749838,0.49704396234088394,1.1943431875763855,-3.373649901479747
288,2026-05-12 10:11:12.437246,0,9.6,0.46748567862181106,0.6774560565222473,0.17516547137068184,0.14196525216817374,36,0.7860639507895887,-0.006983802210710599,0.0069508725435893925,-0.20951406632131797,0.20852617630768178,0.29559991575099615,3.4033821960458233,-5.078874119019061
289,2026-05-12 10:11:12.470932,0,9.633333333333333,0.4551991769932376,0.6916491700629731,0.17516547137068184,0.14196525216817374,36,0.7277574355828907,-0.012286501628573476,0.014193113540725832,-0.3685950488572043,0.425793406221775,0.563171674380012,-4.7724294760765895,6.518016897422796
290,2026-05-12 10:11:12.504731,0,9.666666666666666,0.4479170809065587,0.7042556555348991,0.17516547137068184,0.14196525216817374,36,0.8366016486956104,-0.007282096086678902,0.012606485471925999,-0.21846288260036706,0.37819456415777997,0.43675755223299223,4.503964987705117,-1.4279652619198502
291,2026-05-12 10:11:12.538405,0,9.7,0.4336258595090974,0.719667007716409,0.17516547137068184,0.14196525216817374,36,0.8486135465667032,-0.014291221397461307,0.015411352181509907,-0.4287366419238392,0.4623405654452972,0.6305346196557391,-6.3082127797041645,2.5243800386255177
292,2026-05-12 10:11:12.572292,0,9.733333333333333,0.4223052402746908,0.7269350549683304,0.17516547137068184,0.14196525216817374,36,0.7525803889665071,-0.011320619234406581,0.007268047251921428,-0.33961857703219744,0.21804141755764284,0.4035874597109293,2.673541946749253,-7.328974436629632
293,2026-05-12 10:11:12.606091,0,9.766666666666666,0.41055189121272834,0.7394039123257816,0.17516547137068184,0.14196525216817374,36,0.8853375195967037,-0.01175334906196246,0.01246885735745118,-0.3526004718588738,0.3740657207235354,0.5140547209933184,-0.38945684480028997,4.680729094976777
294,2026-05-12 10:11:12.640689,0,9.8,0.40244796890540213,0.7513875861030871,0.17516547137068184,0.14196525216817374,36,0.905074210922755,-0.008103922307326206,0.01198367377730547,-0.24311766921978617,0.3595102133191641,0.43399745917188526,3.2844840791726284,-0.43666522213113845
295,2026-05-12 10:11:12.674584,0,9.833333333333334,0.39232205021895544,0.7622661387326436,0.17516547137068184,0.14196525216817374,36,0.8066582863615551,-0.010125918686446689,0.010878552629556504,-0.30377756059340066,0.3263565788866951,0.4458580748429985,-1.8197967412084348,-0.9946090329740698
296,2026-05-12 10:11:12.708193,0,9.866666666666667,0.37757171491713076,0.7713577262776506,0.17516547137068184,0.14196525216817374,36,0.8782708843702238,-0.01475033530182468,0.009091587545007052,-0.4425100590547404,0.27274762635021155,0.5198138321017481,-4.161974953840192,-1.608268576094507
297,2026-05-12 10:11:12.742052,0,9.9,0.3669263895270567,0.777755250361393,0.17516547137068184,0.14196525216817374,36,0.8476178219813018,-0.010645325390074067,0.00639752408374239,-0.319359761702222,0.1919257225122717,0.3725938007486941,3.6945089205755512,-2.4246571151381957
298,2026-05-12 10:11:12.775992,0,9.933333333333334,0.35486207693789523,0.7875960491240916,0.17516547137068184,0.14196525216817374,36,0.7172178539936808,-0.012064312589161463,0.00984079876269861,-0.3619293776748439,0.2952239628809583,0.46706537302955486,-1.2770884791786563,3.0989472110605987
299,2026-05-12 10:11:12.809668,0,9.966666666666667,0.3419554046233588,0.7985437513765334,0.17516547137068184,0.14196525216817374,36,0.86824738921208,-0.012906672314536405,0.010947702252441793,-0.38720016943609215,0.3284310675732538,0.5077311664243644,-0.7581237528374474,0.9962131407688646
300,2026-05-12 10:11:12.843190,0,10.0,0.33382871225376126,0.8060284953637294,0.17516547137068184,0.14196525216817374,36,0.7887602679115959,-0.008126692369597566,0.0074847439871960075,-0.24380077108792697,0.22454231961588023,0.3314484413623752,4.301981950444955,-3.116662438721207
301,2026-05-12 10:11:12.876692,0,10.033333333333333,0.32271488909788804,0.8210061971469315,0.17516547137068184,0.14196525216817374,36,0.7707468684310556,-0.011113823155873226,0.014977701783202013,-0.3334146946761968,0.4493310534960604,0.5595210043080608,-2.688417707648094,6.7436620164054055
302,2026-05-12 10:11:12.910375,0,10.066666666666666,0.3109898393612794,0.8302689405812613,0.17516547137068184,0.14196525216817374,36,0.7796367096127,-0.01172504973660865,0.009262743434329868,-0.3517514920982595,0.277882303029896,0.4482718890701835,-0.550103922661882,-5.1434625139849315
303,2026-05-12 10:11:12.944075,0,10.1,0.3035160354672278,0.8453210671733474,0.17516547137068184,0.14196525216817374,36,0.7722436163265707,-0.007473803894051612,0.015052126592086101,-0.22421411682154835,0.45156379776258304,0.5041644906494644,3.826121258301335,5.21044484198061
304,2026-05-12 10:11:12.977754,0,10.133333333333333,0.28681485655639016,0.8498615589605459,0.17516547137068184,0.14196525216817374,36,0.98181107859644,-0.01670117891083761,0.004540491787198508,-0.5010353673251283,0.13621475361595525,0.519221434855382,-8.3046375151074,-9.460471324398833
305,2026-05-12 10:11:13.011436,0,10.166666666666666,0.2787095800611727,0.8655907492878134,0.17516547137068184,0.14196525216817374,36,0.9180724723865827,-0.008105276495217473,0.015729190327267495,-0.24315829485652418,0.47187570981802485,0.5308414470195382,7.736312174058124,10.069828686062088
306,2026-05-12 10:11:13.045105,0,10.2,0.2647779666570705,0.8726928403091346,0.17516547137068184,0.14196525216817374,36,0.92918286468749,-0.013931613404102206,0.0071020910213212,-0.41794840212306617,0.213062730639636,0.46912321838174065,-5.243703217996259,-7.764389375351666
307,2026-05-12 10:11:13.078798,0,10.233333333333333,0.24992822040917237,0.881744967744923,0.17516547137068184,0.14196525216817374,36,0.9356770742453272,-0.014849746247898116,0.009052127435788315,-0.44549238743694347,0.27156382307364946,0.5217378434296712,-0.8263195594163192,1.755032773020404
308,2026-05-12 10:11:13.112479,0,10.266666666666666,0.23710846464927032,0.8939196423313127,0.17516547137068184,0.14196525216817374,36,0.8360862062634771,-0.012819755759902046,0.012174674586389767,-0.3845926727970614,0.365240237591693,0.5303884945256863,1.8269914391964626,2.810292435541306
309,2026-05-12 10:11:13.146164,0,10.3,0.22861434138211778,0.9018627911117055,0.17516547137068184,0.14196525216817374,36,0.8495567626536356,-0.008494123267152542,0.007943148780392817,-0.25482369801457627,0.2382944634117845,0.34888302962817536,3.8930692434745535,-3.8083732253972546
310,2026-05-12 10:11:13.179845,0,10.333333333333334,0.21330337238421498,0.9111553503952787,0.17516547137068184,0.14196525216817374,36,0.8467648674348752,-0.015310968997902796,0.009292559283573198,-0.4593290699370839,0.27877677850719595,0.5373078137568044,-6.1351611576752285,1.2144694528623434
311,2026-05-12 10:11:13.213422,0,10.366666666666667,0.20035319156545905,0.9207682727677041,0.17516547137068184,0.14196525216817374,36,0.7203890732926169,-0.01295018081875593,0.009612922372425392,-0.3885054245626779,0.28838767117276176,0.4838428606470034,2.12470936123218,0.2883267799669742
312,2026-05-12 10:11:13.246921,0,10.4,0.19155491073728304,0.9340260270981844,0.17516547137068184,0.14196525216817374,36,0.8700028296114043,-0.00879828082817602,0.013257754330480265,-0.2639484248452806,0.39773262991440794,0.477346850703905,3.7367099915219195,3.2803487622493854
313,2026-05-12 10:11:13.281669,0,10.433333333333334,0.17919645454239838,0.9435822107751477,0.17516547137068184,0.14196525216817374,36,0.935322242849402,-0.012358456194884654,0.009556183676963315,-0.3707536858465396,0.28668551030889944,0.4686649948415912,-3.204157830037771,-3.331413588165255
314,2026-05-12 10:11:13.316183,0,10.466666666666667,0.165156341256258,0.9485606589633169,0.17516547137068184,0.14196525216817374,36,0.7999947847154423,-0.014040113286140382,0.004978448188169171,-0.42120339858421146,0.14935344564507513,0.44689904307902306,-1.5134913821301554,-4.119961939914729
315,2026-05-12 10:11:13.350036,0,10.5,0.1505525326722869,0.9411638920143667,0.17516547137068184,0.14196525216817374,36,0.9579158708419503,-0.01460380858397109,-0.007396766948950195,-0.4381142575191327,-0.22190300846850586,0.491105943569119,-0.5073257680476367,-11.13769362340743
316,2026-05-12 10:11:13.383717,0,10.533333333333333,0.14284397478468966,0.9357204604740171,0.17516547137068184,0.14196525216817374,36,0.833249782314449,-0.0077085578875972505,-0.0054434315403495415,-0.23125673662791751,-0.16330294621048624,0.28310339184972505,6.205725626736455,1.7580018677405884
317,2026-05-12 10:11:13.417411,0,10.566666666666666,0.13101316904858154,0.9217782844212534,0.17516547137068184,0.14196525216817374,36,0.9345152949707104,-0.011830805736108119,-0.01394217605276371,-0.35492417208324356,-0.4182652815829113,0.5485590339303583,-3.7100230636597815,-7.648870061172753
318,2026-05-12 10:11:13.451086,0,10.6,0.11570792940397363,0.9170701181706635,0.17516547137068184,0.14196525216817374,36,0.9137595105022566,-0.015305239644607907,-0.004708166250589896,-0.45915718933823724,-0.14124498751769687,0.4803909564301395,-3.1269905176498103,8.310608821956434
319,2026-05-12 10:11:13.484787,0,10.633333333333333,0.10538248396409014,0.909773883628418,0.17516547137068184,0.14196525216817374,36,0.8852332978878582,-0.010325445439883493,-0.007296234542245483,-0.3097633631965048,-0.2188870362673645,0.3792952357000023,4.481814784251973,-2.3292614624900287
320,2026-05-12 10:11:13.518488,0,10.666666666666666,0.09159802225789167,0.9007993890958379,0.17516547137068184,0.14196525216817374,36,0.9756633396954292,-0.013784461706198473,-0.008974494532580146,-0.4135338511859542,-0.2692348359774044,0.49345480338169445,-3.1131146396834812,-1.5104339913011966
321,2026-05-12 10:11:13.552180,0,10.7,0.07842822287115533,0.8919923212572192,0.17516547137068184,0.14196525216817374,36,0.9723134714035189,-0.013169799386736333,-0.008807067838618732,-0.39509398160209,-0.26421203515856195,0.4752970164232275,0.5531960875159253,0.15068402456527297
322,2026-05-12 10:11:13.585868,0,10.733333333333333,0.07163902037307059,0.885070574509166,0.17516547137068184,0.14196525216817374,36,0.8263644712245586,-0.006789202498084748,-0.006921746748053126,-0.20367607494254245,-0.20765240244159378,0.29086674568222093,5.742537199786428,1.6967889815090453
323,2026-05-12 10:11:13.619574,0,10.766666666666666,0.05755541387696075,0.8732070433193635,0.17516547137068184,0.14196525216817374,36,0.8671955983494168,-0.01408360649610984,-0.011863531189802545,-0.42250819488329516,-0.35590593569407636,0.5524329912358752,-6.564963598222581,-4.4476059975744775
324,2026-05-12 10:11:13.653434,0,10.8,0.05037629941433772,0.8685206239100248,0.17516547137068184,0.14196525216817374,36,0.8441615927684021,-0.0071791144626230236,-0.004686419409338671,-0.2153734338786907,-0.14059258228016014,0.2572002920155853,6.214042830138133,6.459400602417487
325,2026-05-12 10:11:13.687289,0,10.833333333333334,0.06029459165151085,0.8605623424977886,0.17516547137068184,0.14196525216817374,36,0.8845413233255435,0.009918292237173124,-0.007958281412236201,0.29754876711519374,-0.23874844236708603,0.38149192330176745,15.387666029816533,-2.944675802607777
326,2026-05-12 10:11:13.721016,0,10.866666666666667,0.07269529608659553,0.860019383720049,0.17516547137068184,0.14196525216817374,36,0.9759307218781674,0.012400704435084682,-0.0005429587777395772,0.3720211330525405,-0.016288763332187317,0.37237756007658146,2.234170978120402,6.6737903710469615
327,2026-05-12 10:11:13.756708,0,10.9,0.09013790403262291,0.8492394304390501,0.17516547137068184,0.14196525216817374,36,0.7809126719092527,0.01744260794602738,-0.0107799532809989,0.5232782383808214,-0.323398598429967,0.6151477612975624,4.537713159848429,-9.21329505293339
328,2026-05-12 10:11:13.790462,0,10.933333333333334,0.09898843613156658,0.8394198448621984,0.17516547137068184,0.14196525216817374,36,0.7578208428732042,0.008850532098943667,-0.009819585576851697,0.26551596296831004,-0.2945875673055509,0.39658613364815404,-7.732868262375342,0.8643309337324823
329,2026-05-12 10:11:13.824133,0,10.966666666666667,0.11304892341685503,0.8344772725775008,0.17516547137068184,0.14196525216817374,36,0.9754815490094431,0.014060487285288456,-0.004942572284697633,0.4218146185586537,-0.14827716854092898,0.44711708884843304,4.68895966771031,4.389311962938658
330,2026-05-12 10:11:13.857795,0,11.0,0.12761370191088253,0.827101357243812,0.17516547137068184,0.14196525216817374,36,0.9196809650139768,0.0145647784940275,-0.007375915333688865,0.436943354820825,-0.22127746001066595,0.4897787353804259,0.4538620878651395,-2.190008744092109
331,2026-05-12 10:11:13.891481,0,11.033333333333333,0.14425474747214387,0.821944812186574,0.17516547137068184,0.14196525216817374,36,0.9166882571279705,0.016641045561261336,-0.005156545057237949,0.4992313668378401,-0.15469635171713847,0.5226499008603854,1.8686403605104518,1.9974332488058244
332,2026-05-12 10:11:13.929552,0,11.066666666666666,0.1582563191341613,0.8112091325004386,0.17516547137068184,0.14196525216817374,36,0.8382209381112122,0.014001571662017431,-0.010735679686135424,0.42004714986052294,-0.3220703905840627,0.5293098757787533,-2.3755265093195144,-5.021221166007728
333,2026-05-12 10:11:13.975965,0,11.1,0.1708577883803833,0.8039353858943264,0.17516547137068184,0.14196525216817374,36,0.9634142360155258,0.012601469246221991,-0.00727374660611213,0.37804407738665974,-0.2182123981833639,0.4365019761330592,-1.2600921742158961,3.1157397720209645
334,2026-05-12 10:11:14.009712,0,11.133333333333333,0.1827148993256357,0.7998538648237943,0.17516547137068184,0.14196525216817374,36,0.8911773197380459,0.011857110945252408,-0.004081521070532168,0.35571332835757224,-0.12244563211596504,0.37619795958444574,-0.6699224708726248,2.873002982021966
335,2026-05-12 10:11:14.043401,0,11.166666666666666,0.2009283577480311,0.7940946606456284,0.17516547137068184,0.14196525216817374,36,0.7956369128003199,0.018213458422395412,-0.005759204178165889,0.5464037526718624,-0.17277612534497666,0.573069498772284,5.720712729428704,-1.5099147968703486
336,2026-05-12 10:11:14.077164,0,11.2,0.20888474972334883,0.7786864481788022,0.17516547137068184,0.14196525216817374,36,0.8568828636270995,0.007956391975317723,-0.015408212466826221,0.23869175925953168,-0.46224637400478663,0.5202359716695716,-9.231359802369921,-8.6841074597943
337,2026-05-12 10:11:14.110847,0,11.233333333333333,0.22293154235035995,0.780248404811233,0.17516547137068184,0.14196525216817374,36,0.9374984506737847,0.014046792627011112,0.001561956632430861,0.42140377881033336,0.04685869897292583,0.4240010406414867,5.48136058652405,15.273152189331373
338,2026-05-12 10:11:14.144581,0,11.266666666666666,0.23803429043605312,0.7735589991521429,0.17516547137068184,0.14196525216817374,36,0.8548643199402265,0.015102748085693174,-0.006689405659090153,0.4530824425707952,-0.2006821697727046,0.4955371156942723,0.9503599128138557,-7.4262260623689125
339,2026-05-12 10:11:14.178268,0,11.3,0.25279030203272485,0.7596277951474902,0.17516547137068184,0.14196525216817374,36,0.7826045584584416,0.014756011596671725,-0.013931204004652642,0.44268034790015176,-0.41793612013957926,0.6087992205434598,-0.31206284011930374,-6.517618511006241
340,2026-05-12 10:11:14.211955,0,11.333333333333334,0.2673948318912962,0.7522429313185646,0.17516547137068184,0.14196525216817374,36,0.8459462995714359,0.014604529858571358,-0.00738486382892567,0.43813589575714074,-0.2215459148677701,0.4909640063645291,-0.13633356429033072,5.891706158154276
341,2026-05-12 10:11:14.246028,0,11.366666666666667,0.27924388470939304,0.7491905455963656,0.17516547137068184,0.14196525216817374,36,0.801725886338426,0.011849052818096839,-0.0030523857221990136,0.3554715845429052,-0.09157157166597041,0.36707683140566055,-2.479929336427067,3.8992302960539904
342,2026-05-12 10:11:14.279876,0,11.4,0.2931154818552113,0.7425897871237658,0.17516547137068184,0.14196525216817374,36,0.8692135631025271,0.01387159714581826,-0.006600758472599777,0.4161479143745478,-0.1980227541779933,0.4608601716470235,1.8202898949492785,-3.193535475360687
343,2026-05-12 10:11:14.313647,0,11.433333333333334,0.30909087273983205,0.7355330093844014,0.17516547137068184,0.14196525216817374,36,0.9627614359120196,0.015975390884620744,-0.007056777739364417,0.4792617265386223,-0.2117033321809325,0.5239371177739667,1.8934143649222357,-0.4104173400881761
344,2026-05-12 10:11:14.347354,0,11.466666666666667,0.32132530705579126,0.7270963907484462,0.17516547137068184,0.14196525216817374,36,0.8241656130312313,0.01223443431595922,-0.008436618635955129,0.3670330294787766,-0.25309855907865386,0.44583867635733365,-3.366860911795372,-1.2418568069316405
345,2026-05-12 10:11:14.388206,0,11.5,0.3339917316931151,0.7192331722787656,0.17516547137068184,0.14196525216817374,36,0.9726407976306277,0.012666424637323814,-0.007863218469680633,0.37999273911971443,-0.235896554090419,0.44726017709543214,0.38879128922813533,0.5160601496470463
346,2026-05-12 10:11:14.428129,0,11.533333333333333,0.346331194225192,0.7146928582654412,0.17516547137068184,0.14196525216817374,36,0.86522950644074,0.012339462532076906,-0.004540314013324442,0.3701838759623072,-0.13620942039973327,0.3944478523558065,-0.29426589472221765,2.9906140107205714
347,2026-05-12 10:11:14.461841,0,11.566666666666666,0.36209971533301205,0.7074577986961932,0.17516547137068184,0.14196525216817374,36,0.7668601033641517,0.015768521107820066,-0.00723505956924797,0.473055633234602,-0.2170517870774391,0.5204739286539722,3.086152718168844,-2.425271000331175
348,2026-05-12 10:11:14.495528,0,11.6,0.37137648678284846,0.7025580512792607,0.17516547137068184,0.14196525216817374,36,0.7708962023312332,0.009276771449836407,-0.004899747416932443,0.2783031434950922,-0.14699242250797329,0.31473705208318326,-5.842574692185293,2.1017809370839746
349,2026-05-12 10:11:14.529057,0,11.633333333333333,0.38475367223453677,0.6945895135528316,0.17516547137068184,0.14196525216817374,36,0.8747803969921463,0.013377185451688312,-0.007968537726429137,0.40131556355064935,-0.2390561317928741,0.4671209861435764,3.6903726016667138,-2.7619112785470246
350,2026-05-12 10:11:14.562602,0,11.666666666666666,0.39408358553403894,0.6852832391763866,0.17516547137068184,0.14196525216817374,36,0.94922735949983,0.009329913299502168,-0.009306274376445045,0.27989739898506505,-0.27918823129335135,0.39533355846843377,-3.642544936967529,-1.2039629850143174
351,2026-05-12 10:11:14.596104,0,11.7,0.413216636991941,0.6794137392976238,0.17516547137068184,0.14196525216817374,36,0.7578525802670811,0.01913305145790206,-0.0058694998787627295,0.5739915437370618,-0.17608499636288188,0.6003933862275396,8.822824342559905,3.093097047914084
352,2026-05-12 10:11:14.629599,0,11.733333333333333,0.42510929572649886,0.6736444833808564,0.17516547137068184,0.14196525216817374,36,0.7373924503053493,0.01189265873455786,-0.005769255916767468,0.3567797620367358,-0.17307767750302405,0.3965446772418344,-6.516353451009782,0.09021956579573498
353,2026-05-12 10:11:14.663094,0,11.766666666666666,0.4368091102699017,0.671080259774958,0.17516547137068184,0.14196525216817374,36,0.9216993464105487,0.011699814543402853,-0.0025642236058983636,0.3509944363020856,-0.07692670817695091,0.3593254969327401,-0.17355977203950546,2.8845290797821943
354,2026-05-12 10:11:14.702688,0,11.8,0.45493824192537324,0.6650787529491262,0.17516547137068184,0.14196525216817374,36,0.7046772982889141,0.01812913165547153,-0.006001506825831782,0.5438739496641459,-0.18004520477495345,0.5729006448641273,5.78638540086181,-3.093554897940076
355,2026-05-12 10:11:14.736522,0,11.833333333333334,0.46922862946346355,0.6562922319403256,0.17516547137068184,0.14196525216817374,36,0.8830313766666976,0.01429038753809031,-0.008786521008800618,0.4287116261427093,-0.26359563026401855,0.5032656502128983,-3.454869705643099,-2.506512764671953
356,2026-05-12 10:11:14.770247,0,11.866666666666667,0.48367354502736953,0.6493798094010398,0.17516547137068184,0.14196525216817374,36,0.722413234917522,0.01444491556390598,-0.006912422539285812,0.4333474669171794,-0.20737267617857436,0.48040967299691184,0.13907522323410304,1.686688622563326
357,2026-05-12 10:11:14.803934,0,11.9,0.49743743077623276,0.6451526293223593,0.17516547137068184,0.14196525216817374,36,0.9298561639586181,0.013763885748863225,-0.004227180078680504,0.41291657246589675,-0.1268154023604151,0.43195166638504606,-0.6129268335384797,2.4167182145447774
358,2026-05-12 10:11:14.839572,0,11.933333333333334,0.5108873723134849,0.6403017016605109,0.17516547137068184,0.14196525216817374,36,0.7853663662314077,0.013449941537252152,-0.004850927661848359,0.4034982461175646,-0.14552782985545076,0.42893960400316006,-0.2825497904499652,-0.5613728248510697
359,2026-05-12 10:11:14.873296,0,11.966666666666667,0.5245815865896707,0.6345871379067499,0.17516547137068184,0.14196525216817374,36,0.7949144488231852,0.013694214276185779,-0.005714563753761004,0.41082642828557336,-0.17143691261283012,0.44516173373741424,0.2198454650402637,-0.7772724827213806
360,2026-05-12 10:11:14.907080,0,12.0,0.5372291105363342,0.6287874239201005,0.17516547137068184,0.14196525216817374,36,0.7569041654134562,0.012647523946663464,-0.0057997139866494685,0.3794257183999039,-0.17399141959948405,0.4174169257199891,-0.9420212965700836,-0.07663520959961811
361,2026-05-12 10:11:14.940815,0,12.033333333333333,0.5529066968966738,0.6231174839274113,0.17516547137068184,0.14196525216817374,36,0.93650055487876,0.015677586360339668,-0.005669939992689166,0.47032759081019004,-0.17009819978067497,0.500141420246258,2.727056172308584,0.11679659456427238
362,2026-05-12 10:11:14.974540,0,12.066666666666666,0.5625363410575668,0.6200663007844884,0.17516547137068184,0.14196525216817374,36,0.9008527188714373,0.009629644160892958,-0.003051183142922853,0.28888932482678875,-0.09153549428768559,0.30304420257343445,-5.443147979502039,2.3568811647896815
363,2026-05-12 10:11:15.008281,0,12.1,0.5830049647421448,0.6107967411078966,0.17516547137068184,0.14196525216817374,36,0.7371433185058047,0.020468623684578025,-0.009269559676591821,0.6140587105373407,-0.2780867902977546,0.6740922510494308,9.755081571316559,-5.596538880302071
364,2026-05-12 10:11:15.041985,0,12.133333333333333,0.5935578447821509,0.6081240694552364,0.17516547137068184,0.14196525216817374,36,0.939798165148332,0.010552880040006096,-0.0026726716526601635,0.3165864012001829,-0.0801801495798049,0.3265820047270257,-8.924169280114736,5.937199221538492
365,2026-05-12 10:11:15.075645,0,12.166666666666666,0.605229369373789,0.6053927907167209,0.17516547137068184,0.14196525216817374,36,0.943529184545564,0.011671524591638116,-0.00273127873851553,0.3501457377491435,-0.0819383621554659,0.3596052458691506,1.0067800964688178,-0.05274637726983
366,2026-05-12 10:11:15.109328,0,12.2,0.6190701891670883,0.5965920840357524,0.17516547137068184,0.14196525216817374,36,0.9436591560941255,0.01384081979329932,-0.00880070668096855,0.4152245937989796,-0.2640212004290565,0.4920555431773202,1.952365681495083,-5.462485148207719
367,2026-05-12 10:11:15.142982,0,12.233333333333333,0.6324425015138571,0.5962679853034558,0.17516547137068184,0.14196525216817374,36,0.8133841804332962,0.013372312346768722,-0.0003240987322965516,0.40116937040306166,-0.009722961968896549,0.40128717863774005,-0.42165670187753745,7.628947153804799
368,2026-05-12 10:11:15.176678,0,12.266666666666666,0.6491252498936837,0.5936461898356697,0.17516547137068184,0.14196525216817374,36,0.7178676955028575,0.01668274837982664,-0.00262179546778607,0.5004824513947992,-0.0786538640335821,0.5066252209292,2.9793924297521257,-2.0679270619405665
369,2026-05-12 10:11:15.210902,0,12.3,0.665374289716743,0.5828543579825264,0.17516547137068184,0.14196525216817374,36,0.7537089428959853,0.016249039823059253,-0.010791831853143363,0.4874711946917776,-0.3237549555943009,0.585188377299222,-0.39033770109064836,-7.353032746821564
370,2026-05-12 10:11:15.244670,0,12.333333333333334,0.6773515097131244,0.5835340787587212,0.17516547137068184,0.14196525216817374,36,0.8550348228808273,0.01197721999638146,0.0006797207761948254,0.3593165998914438,0.020391623285844762,0.35989475858614517,-3.8446378440100126,10.32439736640437
371,2026-05-12 10:11:15.278365,0,12.366666666666667,0.6898335565861117,0.5785310778720639,0.17516547137068184,0.14196525216817374,36,0.7908738764822365,0.012482046872987262,-0.005003000886657283,0.3744614061896179,-0.15009002659971848,0.40342082347123603,0.45434418894522155,-5.114449496566897
372,2026-05-12 10:11:15.312243,0,12.4,0.7084577817137638,0.5721603397108221,0.17516547137068184,0.14196525216817374,36,0.747481953551906,0.01862422512765216,-0.006370738161241785,0.5587267538295648,-0.19112214483725354,0.590511015724614,5.527960429198409,-1.2309635471260516
373,2026-05-12 10:11:15.345939,0,12.433333333333334,0.7235839223474099,0.5705853235034205,0.17516547137068184,0.14196525216817374,36,0.7151075477295441,0.015126140633646035,-0.001575016207401636,0.45378421900938104,-0.04725048622204908,0.4562375761269275,-3.1482760446055136,4.316149758456134
374,2026-05-12 10:11:15.379621,0,12.466666666666667,0.73486846160055,0.5615189204843817,0.17516547137068184,0.14196525216817374,36,0.8306926963592832,0.011284539253140102,-0.009066403019038827,0.33853617759420307,-0.2719920905711648,0.4342654037260699,-3.457441242455339,-6.742248130473472
375,2026-05-12 10:11:15.413324,0,12.5,0.7466634986097208,0.5576561179720532,0.17516547137068184,0.14196525216817374,36,0.8982475102830534,0.011795037009170839,-0.0038628025123285115,0.35385111027512517,-0.11588407536985534,0.3723435606630858,0.459447980427663,4.683240456039284
376,2026-05-12 10:11:15.447014,0,12.533333333333333,0.7595867036309008,0.5515889795355595,0.17516547137068184,0.14196525216817374,36,0.8111540056056432,0.01292320502117994,-0.0060671384364936465,0.3876961506353982,-0.1820141530948094,0.4282959924448583,1.0153512108081908,-1.9839023317486215
377,2026-05-12 10:11:15.480698,0,12.566666666666666,0.7722141314355988,0.5488398434734381,0.17516547137068184,0.14196525216817374,36,0.942681515712736,0.012627427804698055,-0.00274913606212146,0.37882283414094164,-0.0824740818636438,0.3876966776306271,-0.26619949483369654,2.986202136934968
378,2026-05-12 10:11:15.514321,0,12.6,0.7922640844194027,0.5441151855134706,0.17516547137068184,0.14196525216817374,36,0.726881787278852,0.020049952983803854,-0.00472465795996746,0.6014985895141156,-0.1417397387990238,0.6179730631202998,6.680272661195219,-1.7779697080613999
379,2026-05-12 10:11:15.548232,0,12.633333333333333,0.8010712421037495,0.5394137730459022,0.17516547137068184,0.14196525216817374,36,0.9454083283389456,0.008807157684346811,-0.004701412467568389,0.26421473053040434,-0.14104237402705166,0.29950354772596754,-10.118515769511339,0.02092094315916393
380,2026-05-12 10:11:15.594175,0,12.666666666666666,0.82170434576053,0.5375338570326798,0.17516547137068184,0.14196525216817374,36,0.7685810913475503,0.020633103656780505,-0.0018799160132224602,0.6189931097034151,-0.056397480396673805,0.6215570333086075,10.643351375190324,2.539346808911336
381,2026-05-12 10:11:15.628001,0,12.7,0.8302886516342894,0.5292368676971753,0.17516547137068184,0.14196525216817374,36,0.9550676748839779,0.008584305873759468,-0.00829698933550449,0.25752917621278404,-0.2489096800651347,0.3581582128486835,-10.843918004718933,-5.775365990053827
382,2026-05-12 10:11:15.661523,0,12.733333333333333,0.8459165671102031,0.5253505898044306,0.17516547137068184,0.14196525216817374,36,0.9123935052594034,0.01562791547591369,-0.0038862778927446495,0.4688374642774107,-0.11658833678233949,0.48311635056551805,6.3392486419387994,3.9696402984838564
383,2026-05-12 10:11:15.695022,0,12.766666666666666,0.860259395111975,0.5242200727794313,0.17516547137068184,0.14196525216817374,36,0.7585285214822092,0.01434282800177189,-0.0011305170249993335,0.4302848400531567,-0.033915510749980005,0.43161939883304906,-1.1565787267276195,2.4801847809707844
384,2026-05-12 10:11:15.728515,0,12.8,0.8728334019081417,0.5196364262675722,0.17516547137068184,0.14196525216817374,36,0.959206962687128,0.012574006796166715,-0.004583646511859052,0.37722020388500144,-0.13750939535577156,0.40150207475198924,-1.591939085044658,-3.1078165381737466
385,2026-05-12 10:11:15.762026,0,12.833333333333334,0.8856447243154606,0.5096760740219495,0.17516547137068184,0.14196525216817374,36,0.9092394215453541,0.01281132240731886,-0.00996035224562275,0.3843396722195658,-0.2988105673686825,0.48683132480669034,0.21358405003693015,-4.839035160387328
386,2026-05-12 10:11:15.795597,0,12.866666666666667,0.8995103285742216,0.5060772745750948,0.17516547137068184,0.14196525216817374,36,0.953398932317706,0.013865604258761044,-0.0035987994468547058,0.4159681277628313,-0.10796398340564117,0.4297507475587782,0.9488536662979663,5.72539751889124
387,2026-05-12 10:11:15.829109,0,12.9,0.9147071881253909,0.5039949894261407,0.17516547137068184,0.14196525216817374,36,0.8435138237096957,0.015196859551169228,-0.002082285148954033,0.45590578653507685,-0.062468554468620985,0.4601656294135473,1.198129763167366,1.3648628681106056
388,2026-05-12 10:11:15.862617,0,12.933333333333334,0.9290880840600767,0.49989314505278193,0.17516547137068184,0.14196525216817374,36,0.9599222942409638,0.014380895934685833,-0.0041018443733588095,0.431426878040575,-0.12305533120076428,0.44863321949312557,-0.7343672548350555,-1.817603301964299
389,2026-05-12 10:11:15.896139,0,12.966666666666667,0.9449243820771094,0.4997961111493434,0.17516547137068184,0.14196525216817374,36,0.8201900629683204,0.01583629801703268,-9.703390343851481e-05,0.4750889405109804,-0.0029110171031554444,0.47509785877903166,1.3098618741121615,3.604329422928265
390,2026-05-12 10:11:15.929653,0,13.0,0.952061808736864,0.49792917968420064,0.17516547137068184,0.14196525216817374,36,0.9620963408952617,0.007137426659754587,-0.0018669314651427737,0.2141227997926376,-0.05600794395428321,0.22132659844000696,-7.828984221550284,-1.592907805533833
391,2026-05-12 10:11:15.963196,0,13.033333333333333,0.9372260294045189,0.4915816609178287,0.17516547137068184,0.14196525216817374,36,0.7715545973871178,-0.014835779332345034,-0.006347518766371962,-0.445073379970351,-0.19042556299115887,0.4840993788456377,-19.77588539288966,-4.03252857110627
392,2026-05-12 10:11:15.996707,0,13.066666666666666,0.9207543500768004,0.49422449586070843,0.17516547137068184,0.14196525216817374,36,0.7938799442337444,-0.016471679327718536,0.002642834942879757,-0.4941503798315561,0.07928504828639271,0.5004704954035221,-1.4723099958361519,8.091318338326548
393,2026-05-12 10:11:16.030233,0,13.1,0.906847900704786,0.49155826849539913,0.17516547137068184,0.14196525216817374,36,0.8018747061624404,-0.013906449372014351,-0.002666227365309304,-0.41719348116043053,-0.07998682095927911,0.42479205765872113,2.308706960133766,-4.778156077370155
394,2026-05-12 10:11:16.063728,0,13.133333333333333,0.8932793093987438,0.4845271374156443,0.17516547137068184,0.14196525216817374,36,0.9881143966120797,-0.013568591306042266,-0.007031131079754838,-0.407057739181268,-0.21093393239264513,0.45846387737965805,0.3040722593748768,-3.9284133430009804
395,2026-05-12 10:11:16.097222,0,13.166666666666666,0.8745524889762418,0.4882470365419621,0.17516547137068184,0.14196525216817374,36,0.8027591710062386,-0.018726820422501955,0.003719899126317816,-0.5618046126750587,0.11159697378953448,0.5727812037610476,-4.642406204813721,9.675927185465389
396,2026-05-12 10:11:16.130714,0,13.2,0.859369891640429,0.4843976454479198,0.17516547137068184,0.14196525216817374,36,0.7340743301080626,-0.015182597335812842,-0.0038493910940423093,-0.45547792007438526,-0.11548173282126928,0.4698895256235141,3.189800778020202,-6.812361198324113
397,2026-05-12 10:11:16.164234,0,13.233333333333333,0.8444798038834219,0.48028020844742925,0.17516547137068184,0.14196525216817374,36,0.9754498934584616,-0.014890087757007064,-0.004117437000490554,-0.44670263271021193,-0.12352311001471661,0.4634665044832715,0.2632586209251997,-0.2412413158034199
398,2026-05-12 10:11:16.197732,0,13.266666666666666,0.8336559968459923,0.4796792433547151,0.17516547137068184,0.14196525216817374,36,0.9322795316101193,-0.010823807037429578,-0.000600965092714123,-0.32471421112288734,-0.01802895278142369,0.32521433246945597,3.6596526476197377,3.1648247169987878
399,2026-05-12 10:11:16.231663,0,13.299999999999999,0.8171794816664454,0.47832056657794414,0.17516547137068184,0.14196525216817374,36,0.7200647617529093,-0.016476515179546958,-0.001358676776770984,-0.49429545538640873,-0.04076030330312952,0.49597318429630877,-5.087437327905642,-0.6819405156511749
400,2026-05-12 10:11:16.270648,0,13.333333333333334,0.8023764619068631,0.4777338961133993,0.17516547137068184,0.14196525216817374,36,0.7909861984900349,-0.014803019759582314,-0.0005866704645448584,-0.44409059278746943,-0.01760011393634575,0.44443921813100423,1.5061458779681791,0.694805681003513
401,2026-05-12 10:11:16.304403,0,13.366666666666667,0.78579656384034,0.47436163245167834,0.17516547137068184,0.14196525216817374,36,0.9141994802437186,-0.016579898066523047,-0.0033722636617209423,-0.4973969419956914,-0.10116790985162827,0.507581189456832,-1.599190476246659,-2.5070338774584755
402,2026-05-12 10:11:16.338079,0,13.4,0.7722603972668093,0.47064984621280226,0.17516547137068184,0.14196525216817374,36,0.923447625187786,-0.013536166573530739,-0.0037117862388760803,-0.40608499720592217,-0.11135358716628241,0.4210755826814619,2.739358343693077,-0.3055703194396242
403,2026-05-12 10:11:16.374191,0,13.433333333333334,0.7581418662286609,0.47321350721781424,0.17516547137068184,0.14196525216817374,36,0.9324206811786012,-0.014118531038148419,0.0025636610050119857,-0.42355593114445256,0.07690983015035957,0.43048199588531155,-0.5241280181559116,5.64790251949926
404,2026-05-12 10:11:16.407969,0,13.466666666666667,0.7428716861248312,0.4691180802283382,0.17516547137068184,0.14196525216817374,36,0.880707542614088,-0.015270180103829634,-0.00409542698947607,-0.458105403114889,-0.12286280968428209,0.4742950878583617,-1.0364841591130936,-5.99317919503925
405,2026-05-12 10:11:16.441662,0,13.5,0.7271863753201547,0.46990222819077526,0.17516547137068184,0.14196525216817374,36,0.960203741409704,-0.0156853108046765,0.0007841479624370873,-0.470559324140295,0.02352443887311262,0.4711469799963341,-0.3736176307621797,4.391617456721842
406,2026-05-12 10:11:16.475502,0,13.533333333333333,0.7145748620502402,0.4631780017857564,0.17516547137068184,0.14196525216817374,36,0.8239846357710803,-0.012611513269914498,-0.006724226405018852,-0.37834539809743495,-0.20172679215056555,0.42876443291493294,2.7664177812858015,-6.757536930710345
407,2026-05-12 10:11:16.509218,0,13.566666666666666,0.698885603106726,0.4615403464571964,0.17516547137068184,0.14196525216817374,36,0.7333093951263667,-0.01568925894351425,-0.0016376553285600282,-0.4706777683054275,-0.049129659856800845,0.47323491529537703,-2.769971106239777,4.5779139688129415
408,2026-05-12 10:11:16.542906,0,13.6,0.6816792312367609,0.4645227432698029,0.17516547137068184,0.14196525216817374,36,0.9133671717061221,-0.017206371869965098,0.002982396812606536,-0.5161911560989529,0.08947190437819608,0.5238878995623345,-1.3654016338057628,4.158046927049908
409,2026-05-12 10:11:16.577182,0,13.633333333333333,0.6704003840137934,0.45835686921271646,0.17516547137068184,0.14196525216817374,36,0.7093381471950766,-0.011278847222967459,-0.006165874057086462,-0.33836541668902376,-0.18497622171259387,0.3856259298986563,5.3347721822978755,-8.233443782723699
410,2026-05-12 10:11:16.611430,0,13.666666666666666,0.6521790764679583,0.45789274071063746,0.17516547137068184,0.14196525216817374,36,0.7541956086006343,-0.018221307545835175,-0.0004641285020789976,-0.5466392263750552,-0.013923855062369928,0.546816530064442,-6.248214290580945,5.131570999506718
411,2026-05-12 10:11:16.645066,0,13.7,0.6404267746956238,0.45838091566451594,0.17516547137068184,0.14196525216817374,36,0.7578707922833812,-0.01175230177233444,0.0004881749538784841,-0.3525690531700332,0.014645248616354523,0.35287309412910545,5.8221051961506625,0.8570731103617335
412,2026-05-12 10:11:16.678615,0,13.733333333333333,0.6249553956797791,0.4561270161973518,0.17516547137068184,0.14196525216817374,36,0.7556297097676694,-0.015471379015844722,-0.0022538994671641444,-0.46414137047534165,-0.06761698401492433,0.46904079600180076,-3.3471695191592543,-2.467866978938366
413,2026-05-12 10:11:16.712131,0,13.766666666666666,0.609645170673227,0.4559311471492647,0.17516547137068184,0.14196525216817374,36,0.7777659234210379,-0.015310225006552103,-0.00019586904808710504,-0.4593067501965631,-0.005876071442613151,0.45934433597436103,0.14503860836335702,1.8522273771693354
414,2026-05-12 10:11:16.745626,0,13.799999999999999,0.5925111430730445,0.454938157671001,0.17516547137068184,0.14196525216817374,36,0.7788088578814197,-0.017134027600182455,-0.000992989478263706,-0.5140208280054737,-0.029789684347911183,0.5148833235957259,-1.6414223342673173,-0.717408387158941
415,2026-05-12 10:11:16.779196,0,13.833333333333334,0.5834990536427128,0.44718004518530924,0.17516547137068184,0.14196525216817374,36,0.9692171366035034,-0.009012089430331716,-0.007758112485691748,-0.27036268290995147,-0.23274337457075245,0.3567428467633914,7.309744352865666,-6.088610706685238
416,2026-05-12 10:11:16.812707,0,13.866666666666667,0.5646246182446029,0.449870133663593,0.17516547137068184,0.14196525216817374,36,0.9296345486583967,-0.018874435398109957,0.002690088478283781,-0.5662330619432987,0.08070265434851343,0.5719552420046338,-8.876111371000418,9.403380867577976
417,2026-05-12 10:11:16.846217,0,13.9,0.5501366415759921,0.44961680117667707,0.17516547137068184,0.14196525216817374,36,0.7047674357427489,-0.014487976668610791,-0.000253332486915947,-0.43463930005832374,-0.00759997460747841,0.43470574043739507,3.9478128565492487,-2.649078868679755
418,2026-05-12 10:11:16.879712,0,13.933333333333334,0.5401195748430645,0.4497644127146835,0.17516547137068184,0.14196525216817374,36,0.8016622559392974,-0.010017066732927571,0.00014761153800640914,-0.3005120019878271,0.004428346140192274,0.3005446282805087,4.023818942114898,0.36084962243012053
419,2026-05-12 10:11:16.913208,0,13.966666666666667,0.5240525944588971,0.4433240247291068,0.17516547137068184,0.14196525216817374,36,0.9008889554042773,-0.01606698038416743,-0.006440387985576668,-0.48200941152502286,-0.19321163956730003,0.519291642974334,-5.444922286115872,-5.929199571224769
420,2026-05-12 10:11:16.946715,0,14.0,0.5091387538618033,0.4474194103868418,0.17516547137068184,0.14196525216817374,36,0.8194891298945362,-0.014913840597093775,0.0040953856577349845,-0.44741521791281325,0.12286156973204954,0.4639777392688074,1.0378258083662883,9.482196278980487
421,2026-05-12 10:11:16.980210,0,14.033333333333333,0.49404342522476097,0.4436515108180965,0.17516547137068184,0.14196525216817374,36,0.8774903867682743,-0.015095328637042327,-0.003767899568745292,-0.4528598591112698,-0.11303698706235876,0.4667541241793317,-0.1633392359536967,-7.076956703832249
422,2026-05-12 10:11:17.013705,0,14.066666666666666,0.48315931753084906,0.44485341539826,0.17516547137068184,0.14196525216817374,36,0.942250996749905,-0.010884107693911904,0.0012019045801635042,-0.3265232308173571,0.036057137404905126,0.32850804772675096,3.7900988488173804,4.472823734017917
423,2026-05-12 10:11:17.047213,0,14.1,0.46756698858086954,0.44204866473859844,0.17516547137068184,0.14196525216817374,36,0.7673412179607544,-0.015592328949979528,-0.00280475065966157,-0.46776986849938584,-0.0841425197898471,0.47527740690308173,-4.237399130460862,-3.605989715842567
424,2026-05-12 10:11:17.080721,0,14.133333333333333,0.4552728226450043,0.43304649186284855,0.17516547137068184,0.14196525216817374,36,0.917095668788746,-0.012294165935865242,-0.009002172875749892,-0.36882497807595727,-0.27006518627249676,0.4571291604012248,2.9683467127028575,-5.57767999447949
425,2026-05-12 10:11:17.114217,0,14.166666666666666,0.43928275062450955,0.4376796503603703,0.17516547137068184,0.14196525216817374,36,0.8898492451264093,-0.01599007202049474,0.004633158497521772,-0.47970216061484217,0.13899475492565316,0.4994333837414057,-3.326315476166547,12.271798235944498
426,2026-05-12 10:11:17.147723,0,14.2,0.4279928920308355,0.43168524481660675,0.17516547137068184,0.14196525216817374,36,0.9591698990894786,-0.01128985859367404,-0.00599440554376357,-0.3386957578102212,-0.1798321663129071,0.383476758617042,4.230192084138629,-9.564807637156807
427,2026-05-12 10:11:17.181499,0,14.233333333333333,0.4119917060222115,0.42994555209098256,0.17516547137068184,0.14196525216817374,36,0.8397825870069019,-0.01600118600862399,-0.0017396927256241868,-0.48003558025871973,-0.0521907817687256,0.4828644074851205,-4.240194673454956,3.829241536325445
428,2026-05-12 10:11:17.228639,0,14.266666666666666,0.39834761210989317,0.4300617612883172,0.17516547137068184,0.14196525216817374,36,0.8670905270823323,-0.013644093912318356,0.00011620919733462687,-0.4093228173695507,0.003486275920038806,0.4093376637192541,2.1213828866750717,1.6703117306629323
429,2026-05-12 10:11:17.262356,0,14.299999999999999,0.38662888154759895,0.4224670403321694,0.17516547137068184,0.14196525216817374,36,0.8293440217762025,-0.011718730562294222,-0.007594720956147771,-0.35156191686882665,-0.22784162868443314,0.4189362590586531,1.7328270150217207,-6.939837138134158
430,2026-05-12 10:11:17.296023,0,14.333333333333334,0.3698490661133323,0.42351076235000606,0.17516547137068184,0.14196525216817374,36,0.970277960292966,-0.016779815434266654,0.0010437220178366458,-0.5033944630279996,0.03131166053509937,0.5043673319047471,-4.554976384775189,7.774598676585976
431,2026-05-12 10:11:17.329694,0,14.366666666666667,0.35961460838602316,0.41884100534321317,0.17516547137068184,0.14196525216817374,36,0.9845141017545701,-0.010234457727309132,-0.004669757006792896,-0.30703373181927396,-0.14009271020378689,0.3374843402694591,5.89082193626177,-5.142131122166588
432,2026-05-12 10:11:17.364123,0,14.4,0.34643668691873397,0.4151182375783344,0.17516547137068184,0.14196525216817374,36,0.9106639512925175,-0.013177921467289189,-0.003722767764878787,-0.39533764401867566,-0.11168303294636361,0.4108101174829263,-2.6491173659820513,0.8522903177226981
433,2026-05-12 10:11:17.397796,0,14.433333333333334,0.32709953259939817,0.4178466499766037,0.17516547137068184,0.14196525216817374,36,0.7060514285457385,-0.019337154319335803,0.00272841239826932,-0.5801146295800741,0.0818523719480796,0.585860729394242,-5.543309566841953,5.8060621468332965
434,2026-05-12 10:11:17.435505,0,14.466666666666667,0.3187489326551051,0.411084717400621,0.17516547137068184,0.14196525216817374,36,0.746177697188279,-0.008350599944293047,-0.0067619325759826765,-0.2505179983287914,-0.2028579772794803,0.3223517123152698,9.88789893753848,-8.541310476826796
435,2026-05-12 10:11:17.471840,0,14.5,0.30361976632390886,0.40956731530967294,0.17516547137068184,0.14196525216817374,36,0.7138671510100341,-0.015129166331196264,-0.0015174020909480834,-0.45387498993588793,-0.0455220627284425,0.4561521288828483,-6.100709748212896,4.720077436531134
436,2026-05-12 10:11:17.505613,0,14.533333333333333,0.2889091896674813,0.4061133479391576,0.17516547137068184,0.14196525216817374,36,0.916043734064309,-0.014710576656427554,-0.003453967370515343,-0.4413172996928266,-0.10361902111546029,0.4533187185028811,0.3767307072918391,-1.7429087516105335
437,2026-05-12 10:11:17.541051,0,14.566666666666666,0.2705046555125326,0.4081608347619537,0.17516547137068184,0.14196525216817374,36,0.9826004377652503,-0.018404534154948693,0.0020474868227960963,-0.5521360246484608,0.06142460468388289,0.5555422322156769,-3.324561748669025,4.951308773980295
438,2026-05-12 10:11:17.574829,0,14.6,0.25492683720511883,0.40199932342351563,0.17516547137068184,0.14196525216817374,36,0.9062462613977549,-0.015577818307413782,-0.006161511338438064,-0.46733454922241346,-0.1848453401531419,0.5025628126644939,2.5440442627814197,-7.388098345110744
439,2026-05-12 10:11:17.618456,0,14.633333333333333,0.2459798008853601,0.39479633183077595,0.17516547137068184,0.14196525216817374,36,0.7678475467434153,-0.008947036319758739,-0.007202991592739683,-0.26841108959276216,-0.21608974778219048,0.34458568181650334,5.967703788889539,-0.937332228871457
440,2026-05-12 10:11:17.652025,0,14.666666666666666,0.2376249956285168,0.39845401097016825,0.17516547137068184,0.14196525216817374,36,0.7958343988644472,-0.00835480525684329,0.0036576791393923003,-0.2506441577052987,0.10973037418176901,0.2736114924667267,0.5330079566239043,9.774603658918785
441,2026-05-12 10:11:17.685540,0,14.7,0.21845505215397193,0.39432611786356075,0.17516547137068184,0.14196525216817374,36,0.7706585288174898,-0.01916994347454487,-0.004127893106607494,-0.5750983042363461,-0.12383679319822483,0.5882802145960213,-9.733624395931423,-7.007015021399815
442,2026-05-12 10:11:17.719037,0,14.733333333333333,0.2072341531065628,0.39250191300593706,0.17516547137068184,0.14196525216817374,36,0.8060234409874852,-0.011220899047409139,-0.0018242048576236902,-0.33662697142227416,-0.05472614572871071,0.34104643219839237,7.154139984422159,2.073319424085424
443,2026-05-12 10:11:17.752532,0,14.766666666666666,0.19254858858904492,0.3916905694577746,0.17516547137068184,0.14196525216817374,36,0.7569798237602784,-0.014685564517517874,-0.0008113435481624798,-0.4405669355255362,-0.024340306444874393,0.44123879611406835,-3.1181989230978617,0.9115751785150894
444,2026-05-12 10:11:17.786038,0,14.799999999999999,0.17884152911015055,0.3827216738445128,0.17516547137068184,0.14196525216817374,36,0.8633955949977407,-0.013707059478894362,-0.008968895613261807,-0.41121178436683087,-0.2690668683978542,0.4914184685902446,0.8806545347611605,-7.341796858589395
445,2026-05-12 10:11:17.819533,0,14.833333333333334,0.16019617904371636,0.38285283551008314,0.17516547137068184,0.14196525216817374,36,0.8270362827660741,-0.018645350066434196,0.00013116166557036735,-0.5593605019930259,0.00393484996711102,0.5593743417731578,-4.444461528785851,8.190051550948956
446,2026-05-12 10:11:17.853027,0,14.866666666666667,0.15153325557021802,0.37673387987405776,0.17516547137068184,0.14196525216817374,36,0.961231677021834,-0.00866292347349834,-0.0061189556360253805,-0.2598877042049502,-0.18356866908076142,0.31818088419168394,8.98418393364227,-5.6251055714361735
447,2026-05-12 10:11:17.886531,0,14.9,0.13688117151216184,0.37410229359856745,0.17516547137068184,0.14196525216817374,36,0.9605149494751004,-0.01465208405805618,-0.0026315862754903163,-0.4395625217416854,-0.07894758826470949,0.4465959384194216,-5.390244526102056,3.1386324244815578
448,2026-05-12 10:11:17.920040,0,14.933333333333334,0.12405638077383646,0.3706787806625301,0.17516547137068184,0.14196525216817374,36,0.881192556808038,-0.012824790738325376,-0.0034235129360373207,-0.38474372214976127,-0.10270538808111962,0.39821618308972084,1.6445639877577245,-0.7127339944923039
449,2026-05-12 10:11:17.953793,0,14.966666666666667,0.11294707325907327,0.3657852070749503,0.17516547137068184,0.14196525216817374,36,0.9225574257009166,-0.01110930751476319,-0.0048935735875798025,-0.3332792254428957,-0.14680720762739408,0.36418044747510714,1.5439349012059678,-1.3230545863882337
450,2026-05-12 10:11:17.987464,0,15.0,0.09345503300664616,0.36054818663730365,0.17516547137068184,0.14196525216817374,36,0.9610185681862902,-0.01949204025242711,-0.005237020437646678,-0.5847612075728132,-0.15711061312940033,0.6054993101894591,-7.544459463897527,-0.30910216506018773
451,2026-05-12 10:11:18.021053,0,15.033333333333333,0.0755685906760142,0.3602116287450575,0.17516547137068184,0.14196525216817374,36,0.9690692455903387,-0.01788644233063197,-0.0003365578922461254,-0.5365932699189591,-0.010096736767383763,0.5366882534727873,1.4450381296156256,4.410416290860497
452,2026-05-12 10:11:18.054557,0,15.066666666666666,0.06624942048696623,0.358523504581247,0.17516547137068184,0.14196525216817374,36,0.8485309342155676,-0.00931917018904796,-0.0016881241638105338,-0.2795751056714388,-0.05064372491431601,0.2841250192862168,7.710544927425608,-1.2164096444079675
453,2026-05-12 10:11:18.088062,0,15.1,0.05121478314717817,0.3497559430497217,0.17516547137068184,0.14196525216817374,36,0.9735249879829571,-0.015034637339788062,-0.008767561531525303,-0.4510391201936419,-0.2630268459457591,0.5221296866040358,-5.143920435666093,-6.371493630943292
454,2026-05-12 10:11:18.121557,0,15.133333333333333,0.048738217804583844,0.345627620141637,0.17516547137068184,0.14196525216817374,36,0.7080562394107163,-0.002476565342594328,-0.004128322908084681,-0.07429696027782984,-0.12384968724254042,0.14442570178676822,11.302264797474361,4.17531476109656
455,2026-05-12 10:11:18.155145,0,15.166666666666666,0.06511024527527462,0.3432683926513464,0.17516547137068184,0.14196525216817374,36,0.9357254102153288,0.016372027470690775,-0.002359227490290605,0.49116082412072326,-0.07077682470871816,0.4962341323073179,16.963733531956592,1.5921858760146679
456,2026-05-12 10:11:18.189133,0,15.2,0.07820376697741,0.3349626007546747,0.17516547137068184,0.14196525216817374,36,0.8341005497501641,0.013093521702135374,-0.008305791896671688,0.39280565106406123,-0.24917375690015064,0.4651707650267764,-2.9506551916998607,-5.351907965742975
457,2026-05-12 10:11:18.222804,0,15.233333333333333,0.0891960316176442,0.3303954153692035,0.17516547137068184,0.14196525216817374,36,0.7828777053953807,0.0109922646402342,-0.004567185385471184,0.329767939207026,-0.13701556156413552,0.3570996469328753,-1.8911313557110565,3.3647458600804536
458,2026-05-12 10:11:18.256545,0,15.266666666666666,0.1038833831317045,0.32300603719084664,0.17516547137068184,0.14196525216817374,36,0.7252386545746945,0.01468735151406031,-0.007389378178356887,0.4406205454218093,-0.2216813453507066,0.4932434327229425,3.325578186443498,-2.5399735135971326
459,2026-05-12 10:11:18.290266,0,15.299999999999999,0.11604906200936786,0.32324820857282804,0.17516547137068184,0.14196525216817374,36,0.9396589818374028,0.012165678877663358,0.0002421713819814042,0.36497036632990076,0.007265141459442126,0.3650426695324913,-2.269505372757256,6.868394604304462
460,2026-05-12 10:11:18.323973,0,15.333333333333334,0.13354565490258177,0.3175689024274231,0.17516547137068184,0.14196525216817374,36,0.7030325708139187,0.01749659289321391,-0.005679306145404961,0.5248977867964173,-0.17037918436214883,0.5518575477853758,4.797822613995496,-5.329329774647729
461,2026-05-12 10:11:18.357654,0,15.366666666666667,0.1488873002838548,0.3134666479686454,0.17516547137068184,0.14196525216817374,36,0.9389688207129935,0.015341645381273028,-0.00410225445877771,0.46024936143819084,-0.1230676337633313,0.47641905627752534,-1.9394527607467937,1.419346517964526
462,2026-05-12 10:11:18.391417,0,15.4,0.16113542113022053,0.3057543895155503,0.17516547137068184,0.14196525216817374,36,0.9291383136406406,0.012248120846365729,-0.007712258453095089,0.36744362539097186,-0.23136775359285267,0.43421867214925686,-2.7841720814165694,-3.2490035948856413
463,2026-05-12 10:11:18.425029,0,15.433333333333334,0.17398690513952678,0.30220646215458125,0.17516547137068184,0.14196525216817374,36,0.8878575960636089,0.012851484009306247,-0.0035479273609690387,0.3855445202791874,-0.10643782082907116,0.39996698216246573,0.543026846646466,3.7478979829134453
464,2026-05-12 10:11:18.458531,0,15.466666666666667,0.18222308166881843,0.3001621138043999,0.17516547137068184,0.14196525216817374,36,0.9345447661143478,0.00823617652929165,-0.0020443483501813575,0.2470852958787495,-0.061330450505440726,0.2545831251255462,-4.153776732013137,1.353221109708913
465,2026-05-12 10:11:18.492025,0,15.5,0.20080142856822505,0.29033183731882767,0.17516547137068184,0.14196525216817374,36,0.9671825868797685,0.018578346899406628,-0.00983027648557222,0.5573504069821988,-0.2949082945671666,0.630563540309569,9.30795333310348,-7.007335321851777
466,2026-05-12 10:11:18.525534,0,15.533333333333333,0.21285374965096032,0.28694684130494785,0.17516547137068184,0.14196525216817374,36,0.803848297682332,0.012052321082735268,-0.003384996013879815,0.36156963248205803,-0.10154988041639446,0.3755595523293137,-5.873423235004224,5.800752424523164
467,2026-05-12 10:11:18.559056,0,15.566666666666666,0.22302238067930774,0.2803216361563272,0.17516547137068184,0.14196525216817374,36,0.891283880098554,0.010168631028347419,-0.006625205148620639,0.30505893085042257,-0.19875615445861916,0.36409471326398213,-1.695321048949064,-2.9161882212667414
468,2026-05-12 10:11:18.608009,0,15.6,0.2387647489398832,0.2739138821744085,0.17516547137068184,0.14196525216817374,36,0.9498348318747992,0.015742368260575457,-0.006407753981918729,0.4722710478172637,-0.19223261945756187,0.5098954035779613,5.016363509005234,0.1957060500317187
469,2026-05-12 10:11:18.641565,0,15.633333333333333,0.2514642043458279,0.2681351830714877,0.17516547137068184,0.14196525216817374,36,0.9253959507194562,0.012699455405944693,-0.005778699102920781,0.3809836621783408,-0.17336097308762344,0.41857207006286,-2.7386215691676874,0.566149391098153
470,2026-05-12 10:11:18.675071,0,15.666666666666666,0.2633740958492072,0.25884964929885157,0.17516547137068184,0.14196525216817374,36,0.7566517148716155,0.011909891503379288,-0.009285533772636134,0.35729674510137865,-0.278566013179084,0.4530562743838001,-0.710607512308864,-3.1561512027438177
471,2026-05-12 10:11:18.712901,0,15.7,0.27752196669861134,0.25433291683076986,0.17516547137068184,0.14196525216817374,36,0.9671990597760514,0.014147870849404165,-0.004516732468081708,0.42443612548212495,-0.13550197404245123,0.4455410301910243,2.014181411422389,4.2919211740989835
472,2026-05-12 10:11:18.746445,0,15.733333333333333,0.2858672052075639,0.24788928775240707,0.17516547137068184,0.14196525216817374,36,0.8636111138663238,0.00834523850895258,-0.006443629078362795,0.2503571552685774,-0.19330887235088384,0.31630211084301174,-5.222369106406427,-1.7342069492529784
473,2026-05-12 10:11:18.779947,0,15.766666666666666,0.2993307378980743,0.24309217955540316,0.17516547137068184,0.14196525216817374,36,0.9889709371886894,0.013463532690510371,-0.0047971081970039076,0.40390598071531114,-0.14391324591011723,0.42877857176634093,4.606464763402013,1.4818687932229986
474,2026-05-12 10:11:18.813443,0,15.799999999999999,0.3142121780364238,0.23869754420144088,0.17516547137068184,0.14196525216817374,36,0.7425536453821405,0.014881440138349522,-0.004394635353962284,0.44644320415048566,-0.13183906061886852,0.465503031608837,1.2761167030552356,0.3622255587374612
475,2026-05-12 10:11:18.846981,0,15.833333333333334,0.32297429764532465,0.22916935683360967,0.17516547137068184,0.14196525216817374,36,0.81394519591808,0.008762119608900831,-0.009528187367831203,0.26286358826702494,-0.2858456210349361,0.3883361753705986,-5.507388476503822,-4.620196812482027
476,2026-05-12 10:11:18.880563,0,15.866666666666667,0.3370379933532502,0.22674073133578987,0.17516547137068184,0.14196525216817374,36,0.8008807671976903,0.014063695707925539,-0.002428625497819803,0.42191087123776616,-0.07285876493459409,0.4281555592263229,4.771418489122237,6.38960568301026
477,2026-05-12 10:11:18.914062,0,15.9,0.3517534992456341,0.21978272189433448,0.17516547137068184,0.14196525216817374,36,0.7070653885834489,0.014715505892383907,-0.006958009441455387,0.4414651767715172,-0.20874028324366162,0.48832776713038856,0.5866291660125311,-4.076445549272026
478,2026-05-12 10:11:18.947587,0,15.933333333333334,0.3622460595454984,0.21311462297990316,0.17516547137068184,0.14196525216817374,36,0.9701274747808907,0.010492560299864284,-0.00666809891443132,0.3147768089959285,-0.2000429674329396,0.3729633069097219,-3.8006510332676604,0.26091947432166085
479,2026-05-12 10:11:18.981653,0,15.966666666666667,0.37107247366917173,0.20488231280624136,0.17516547137068184,0.14196525216817374,36,0.7840678951011344,0.008826414123673354,-0.0082323101736618,0.2647924237102006,-0.246969305209854,0.36208958196855157,-1.4995315585718372,-1.4077901333074323
480,2026-05-12 10:11:19.021521,0,16.0,0.3828368354205882,0.20338549317048255,0.17516547137068184,0.14196525216817374,36,0.8133806182616767,0.011764361751416486,-0.001496819635758817,0.35293085254249457,-0.04490458907276451,0.3557760655189805,2.6441528649688184,6.061941484112684
481,2026-05-12 10:11:19.055244,0,16.03333333333333,0.39301395770973635,0.19419261482684552,0.17516547137068184,0.14196525216817374,36,0.9182965212929708,0.010177122289148133,-0.009192878343637023,0.305313668674444,-0.2757863503091107,0.41142988138474784,-1.4285155160415175,-6.926452837090386
482,2026-05-12 10:11:19.090696,0,16.066666666666666,0.4075801238975248,0.18851098695525828,0.17516547137068184,0.14196525216817374,36,0.7323663220405162,0.014566166187788443,-0.0056816278715872415,0.4369849856336533,-0.17044883614761724,0.46905083244070833,3.9501395087762794,3.1601254248448036
483,2026-05-12 10:11:19.126713,0,16.1,0.41947506812075536,0.18049515395357696,0.17516547137068184,0.14196525216817374,36,0.9367652834276627,0.011894944223230564,-0.008015833001681322,0.3568483266969169,-0.24047499005043965,0.4303126178793141,-2.4040997681020917,-2.1007846170846722
484,2026-05-12 10:11:19.160460,0,16.133333333333333,0.43106284846871235,0.1777128081103758,0.17516547137068184,0.14196525216817374,36,0.7476683830450473,0.011587780347956989,-0.002782345843201167,0.34763341043870966,-0.08347037529603502,0.357514043927381,-0.2764474877462175,4.7101384426321395
485,2026-05-12 10:11:19.194150,0,16.166666666666668,0.4413072759316381,0.1706254111247476,0.17516547137068184,0.14196525216817374,36,0.9244553224016292,0.010244427462925754,-0.007087396985628186,0.3073328238877726,-0.21262190956884558,0.3737131802165064,-1.2090175965281114,-3.874546028184317
486,2026-05-12 10:11:19.228488,0,16.2,0.45339969725370965,0.1621718236486457,0.17516547137068184,0.14196525216817374,36,0.8504976339547127,0.012092421322071556,-0.008453587476101893,0.3627726396621467,-0.2536076242830568,0.44262943325307436,1.663194473231222,-1.229571441426336
487,2026-05-12 10:11:19.262366,0,16.233333333333334,0.46654853537140234,0.15594784093385236,0.17516547137068184,0.14196525216817374,36,0.8697963307474457,0.013148838117692685,-0.006223982714793352,0.39446514353078055,-0.18671948144380057,0.43642515304620233,0.9507751160590161,2.006644285177686
488,2026-05-12 10:11:19.296351,0,16.266666666666666,0.47488979117484464,0.14693228373863068,0.17516547137068184,0.14196525216817374,36,0.9442111679378635,0.008341255803442305,-0.00901555719522168,0.25023767410326914,-0.2704667158566504,0.3684713529257003,-4.326824082825342,-2.5124170323854944
489,2026-05-12 10:11:19.330299,0,16.3,0.4869794565364379,0.14077890230613602,0.17516547137068184,0.14196525216817374,36,0.7651180835131133,0.012089665361593283,-0.0061533814324946645,0.3626899608477985,-0.18460144297483994,0.4069664610851497,3.3735686023358804,2.5759581864543137
490,2026-05-12 10:11:19.364031,0,16.333333333333332,0.4994218727789974,0.13725770724987818,0.17516547137068184,0.14196525216817374,36,0.9502607185810985,0.012442416242559484,-0.0035211950562578365,0.3732724872767845,-0.1056358516877351,0.387932059669719,0.3174757928695815,2.3689677386131454
491,2026-05-12 10:11:19.397695,0,16.366666666666667,0.5166418193409371,0.12709175502344713,0.17516547137068184,0.14196525216817374,36,0.8732376164797783,0.017219946561939703,-0.010165952226431046,0.5165983968581911,-0.3049785667929314,0.5999048506551048,4.299777287442197,-5.980281453155889
492,2026-05-12 10:11:19.431441,0,16.4,0.5291889314920957,0.1256100862135667,0.17516547137068184,0.14196525216817374,36,0.9187379363971026,0.012547112151158557,-0.001481668809880432,0.3764133645347567,-0.04445006429641296,0.379028797344385,-4.205550969703031,7.815855074895553
493,2026-05-12 10:11:19.465472,0,16.433333333333334,0.5375169493927764,0.11845900931005093,0.17516547137068184,0.14196525216817374,36,0.8434224020279504,0.008328017900680718,-0.007151076903515768,0.24984053702042153,-0.21453230710547305,0.32930898064074965,-3.7971848254300555,-5.102467284271802
494,2026-05-12 10:11:19.499160,0,16.466666666666665,0.5534689225695828,0.1102602209648553,0.17516547137068184,0.14196525216817374,36,0.8243386254162032,0.01595197317680641,-0.008198788345195634,0.47855919530419233,-0.24596365035586903,0.5380678588306315,6.861559748513124,-0.9429402975118795
495,2026-05-12 10:11:19.532816,0,16.5,0.5603346518158048,0.1025769005493873,0.17516547137068184,0.14196525216817374,36,0.7412424058079823,0.006865729246221974,-0.007683320415468001,0.20597187738665923,-0.23049961246404002,0.30911888590032416,-8.177619537525993,0.4639211367548704
496,2026-05-12 10:11:19.566483,0,16.53333333333333,0.5787961302308817,0.10062567486206289,0.17516547137068184,0.14196525216817374,36,0.951250866434804,0.01846147841507695,-0.0019512256873244066,0.5538443524523085,-0.0585367706197322,0.5569291878308265,10.436174251969478,5.158885255329235
497,2026-05-12 10:11:19.600183,0,16.566666666666666,0.5884305339403089,0.08606498282225145,0.17516547137068184,0.14196525216817374,36,0.7896898794473234,0.009634403709427142,-0.014560692039811446,0.28903211128281425,-0.4368207611943434,0.5237861574755548,-7.944367235084826,-11.348519717238334
498,2026-05-12 10:11:19.634151,0,16.6,0.6012149514778815,0.08403851716939631,0.17516547137068184,0.14196525216817374,36,0.7961155402715089,0.012784417537572645,-0.002026465652855136,0.38353252612717936,-0.060793969585654084,0.3883208793452612,2.8350124453309533,11.280803748260679
499,2026-05-12 10:11:19.667743,0,16.633333333333333,0.6172507240387123,0.07218112183534615,0.17516547137068184,0.14196525216817374,36,0.9582248111630365,0.016035772560830774,-0.011857395334050155,0.48107317682492323,-0.3557218600215047,0.5983054764562855,2.926219520932316,-8.847836713075518
0,2026-05-12 10:11:02.623717,1,0.0,0.38879125607220133,0.6175705742730434,0.08356862447437416,0.16751989021262065,46,0.7569668879039134,,,,,,,
1,2026-05-12 10:11:02.661296,1,0.03333333333333333,0.37896054810125723,0.6193662851787536,0.08356862447437416,0.16751989021262065,46,0.9892001452989828,-0.009830707970944097,0.0017957109057101794,-0.2949212391283229,0.05387132717130538,0.299801029318085,,
2,2026-05-12 10:11:02.695060,1,0.06666666666666667,0.37422520186354813,0.6171071314451625,0.08356862447437416,0.16751989021262065,46,0.7602436571969455,-0.004735346237709104,-0.0022591537335910905,-0.1420603871312731,-0.06777461200773272,0.15739933806940198,4.585825559911494,-3.649378175371143
3,2026-05-12 10:11:02.728737,1,0.1,0.3634605032635672,0.6167269542544421,0.08356862447437416,0.16751989021262065,46,0.944653452007155,-0.010764698599980915,-0.0003801771907203655,-0.32294095799942746,-0.011405315721610965,0.3231422961797134,-5.426417126044631,1.6910788885836525
4,2026-05-12 10:11:02.762439,1,0.13333333333333333,0.3583665860474148,0.6133885802435318,0.08356862447437416,0.16751989021262065,46,0.7969288906997088,-0.005093917216152433,-0.0033383740109103055,-0.15281751648457298,-0.10015122032730917,0.1827114125542298,5.103703245445635,-2.662377138170946
5,2026-05-12 10:11:02.796117,1,0.16666666666666666,0.3525221505895406,0.611573268664539,0.08356862447437416,0.16751989021262065,46,0.7346108759043529,-0.005844435457874164,-0.0018153115789928398,-0.17533306373622493,-0.054459347369785194,0.18359603414854594,-0.6754664175495584,1.3707561887257191
6,2026-05-12 10:11:02.829772,1,0.2,0.348237981593302,0.6124185641707895,0.08356862447437416,0.16751989021262065,46,0.9274625070619895,-0.004284168996238624,0.0008452955062505652,-0.12852506988715873,0.025358865187516955,0.1310029222311384,1.404239815471986,2.3945463767190645
7,2026-05-12 10:11:02.863486,1,0.23333333333333334,0.3381356927361079,0.6154295967018513,0.08356862447437416,0.16751989021262065,46,0.8387814237251735,-0.010102288857194108,0.003011032531061719,-0.30306866571582325,0.09033097593185158,0.31624405346436185,-5.236307874859936,1.9491633223300386
8,2026-05-12 10:11:02.897144,1,0.26666666666666666,0.3320448252461773,0.6108218690398499,0.08356862447437416,0.16751989021262065,46,0.8763935997353808,-0.006090867489930596,-0.0046077276620013485,-0.18272602469791788,-0.13823182986004046,0.22912188653282178,3.610279230537161,-6.856884173756761
9,2026-05-12 10:11:02.930795,1,0.3,0.32688719554083856,0.6085980764521802,0.08356862447437416,0.16751989021262065,46,0.9066441319398915,-0.005157629705338729,-0.002223792587669693,-0.15472889116016186,-0.06671377763009079,0.16849853971275364,0.8399140061326804,2.14554156689849
10,2026-05-12 10:11:02.964449,1,0.3333333333333333,0.3255920594668212,0.614556024918403,0.08356862447437416,0.16751989021262065,46,0.7858970366042293,-0.0012951360740173778,0.005957948466222773,-0.038854082220521335,0.1787384539866832,0.18291275143835298,3.476244268189216,7.36356694850322
11,2026-05-12 10:11:02.998163,1,0.36666666666666664,0.3202065363264753,0.6110844476531255,0.08356862447437416,0.16751989021262065,46,0.9145158612917662,-0.005385523140345905,-0.00347157726527747,-0.16156569421037714,-0.1041473179583241,0.19222418522026138,-3.6813483596956744,-8.48657315835022
12,2026-05-12 10:11:03.031826,1,0.4,0.3137276416864157,0.6047124671748989,0.08356862447437416,0.16751989021262065,46,0.720832487705986,-0.006478894640059574,-0.006371980478226624,-0.1943668392017872,-0.19115941434679873,0.27261766244083396,-0.9840343497423021,-2.6103628916542387
13,2026-05-12 10:11:03.065486,1,0.43333333333333335,0.3081101619541927,0.6089558421312957,0.08356862447437416,0.16751989021262065,46,0.9856759033612299,-0.005617479732222985,0.004243374956396817,-0.16852439196668956,0.1273012486919045,0.21120151184653138,0.7752734170529296,9.553819891161098
14,2026-05-12 10:11:03.099184,1,0.4666666666666667,0.3022517812638924,0.6072121597844989,0.08356862447437416,0.16751989021262065,46,0.8436636428227117,-0.005858380690300313,-0.0017436823467967821,-0.1757514207090094,-0.052310470403903464,0.18337106422528304,-0.21681086226959523,-5.38835157287424
15,2026-05-12 10:11:03.132861,1,0.5,0.3002752652020606,0.6047842925615309,0.08356862447437416,0.16751989021262065,46,0.7937221728208326,-0.001976516061831801,-0.002427867222968061,-0.059295481854954035,-0.07283601668904183,0.09392038913642534,3.493678165621661,-0.6157663885541509
16,2026-05-12 10:11:03.166523,1,0.5333333333333333,0.2931522994083795,0.6027286622776342,0.08356862447437416,0.16751989021262065,46,0.7034466515510972,-0.007122965793681102,-0.002055630283896659,-0.21368897381043306,-0.06166890851689977,0.222409603672642,-4.631804758664371,0.3350132451642618
17,2026-05-12 10:11:03.200205,1,0.5666666666666667,0.2859879744611817,0.5966976083281322,0.08356862447437416,0.16751989021262065,46,0.9123602084049949,-0.00716432494719782,-0.0060310539495019855,-0.2149297484159346,-0.18093161848505956,0.28094669836422725,-0.037223238165046135,-3.577881299044794
18,2026-05-12 10:11:03.233858,1,0.6,0.2817517885391559,0.6007104661774595,0.08356862447437416,0.16751989021262065,46,0.8825691677665015,-0.0042361859220257925,0.004012857849327256,-0.12708557766077377,0.12038573547981768,0.17505276163599703,2.635325122654825,9.039520618946318
19,2026-05-12 10:11:03.267544,1,0.6333333333333333,0.2755477543963537,0.5937357757870889,0.08356862447437416,0.16751989021262065,46,0.8728763279018772,-0.006204034142802184,-0.006974690390370575,-0.18612102428406552,-0.20924071171111724,0.28004055263108696,-1.7710633986987523,-9.888793415728047
20,2026-05-12 10:11:03.302208,1,0.6666666666666666,0.2690384942780171,0.59610822440498,0.08356862447437416,0.16751989021262065,46,0.8273934032755834,-0.0065092601183365795,0.0023724486178910986,-0.19527780355009738,0.07117345853673296,0.20784388795302708,-0.274703377980956,8.412425107435507
21,2026-05-12 10:11:03.335890,1,0.7,0.2585907505317917,0.5966788822337628,0.08356862447437416,0.16751989021262065,46,0.8884564000086816,-0.010447743746225424,0.0005706578287827391,-0.3134323123867627,0.017119734863482172,0.31389950584527704,-3.54463526509996,-1.6216117101975236
22,2026-05-12 10:11:03.369577,1,0.7333333333333333,0.2535592727476792,0.5928957520528274,0.08356862447437416,0.16751989021262065,46,0.9867857198044201,-0.005031477784112504,-0.0037831301809353457,-0.1509443335233751,-0.11349390542806037,0.188851948340835,4.874639365901628,-3.9184092087462763
23,2026-05-12 10:11:03.403255,1,0.7666666666666666,0.2501789319307083,0.5923336405512526,0.08356862447437416,0.16751989021262065,46,0.8373701441509135,-0.003380340816970917,-0.0005621115015748135,-0.10141022450912751,-0.016863345047244405,0.10280275308168585,1.4860232704274279,2.898916811424479
24,2026-05-12 10:11:03.436910,1,0.8,0.24472367042575022,0.5904148220324485,0.08356862447437416,0.16751989021262065,46,0.8041712170170935,-0.005455261504958064,-0.001918818518804044,-0.16365784514874193,-0.05756455556412132,0.1734865076483598,-1.8674286191884326,-1.2210363155063075
25,2026-05-12 10:11:03.470549,1,0.8333333333333334,0.23800541151554372,0.5874520381162365,0.08356862447437416,0.16751989021262065,46,0.891125000793221,-0.006718258910206498,-0.002962783916212075,-0.20154776730619495,-0.08888351748636225,0.2202766038117997,-1.1366976647235905,-0.9395688576672279
26,2026-05-12 10:11:03.504221,1,0.8666666666666667,0.23065193542738138,0.5876194392801336,0.08356862447437416,0.16751989021262065,46,0.722685158090172,-0.007353476088162336,0.00016740116389712956,-0.2206042826448701,0.005022034916913887,0.22066143830756751,-0.5716954601602542,2.817166572098284
27,2026-05-12 10:11:03.538128,1,0.9,0.22486162492314024,0.5844706263098643,0.08356862447437416,0.16751989021262065,46,0.7302723569572876,-0.005790310504241142,-0.0031488129702692547,-0.17370931512723425,-0.09446438910807764,0.19773327229258883,1.406849025529075,-2.984592720749746
28,2026-05-12 10:11:03.571808,1,0.9333333333333333,0.22153466943483627,0.5830164196750409,0.08356862447437416,0.16751989021262065,46,0.9677950036187167,-0.003326955488303973,-0.0014542066348234295,-0.0998086646491192,-0.043626199044702885,0.10892664863167494,2.217019514343452,1.5251457019012427
29,2026-05-12 10:11:03.605467,1,0.9666666666666667,0.21633605058445662,0.5793056950056555,0.08356862447437416,0.16751989021262065,46,0.8118546401883868,-0.005198618850379644,-0.003710724669385379,-0.1559585655113893,-0.11132174008156137,0.19161316231187517,-1.6844970258681036,-2.0308662311057546
30,2026-05-12 10:11:03.639189,1,1.0,0.20861218649171057,0.5840452545721749,0.08356862447437416,0.16751989021262065,46,0.8118968321865035,-0.007723864092746058,0.004739559566519391,-0.23171592278238173,0.14218678699558174,0.27186274343318473,-2.2727207181297726,7.605255812314294
31,2026-05-12 10:11:03.672841,1,1.0333333333333332,0.20403450362186157,0.5843662589616045,0.08356862447437416,0.16751989021262065,46,0.9047876294723668,-0.004577682869848998,0.0003210043894296133,-0.13733048609546994,0.009630131682888399,0.1376677226057286,2.831563100607354,-3.9766996593808
32,2026-05-12 10:11:03.706479,1,1.0666666666666667,0.19857905707133341,0.5843280882634203,0.08356862447437416,0.16751989021262065,46,0.7727257004225325,-0.0054554465505281535,-3.8170698184236684e-05,-0.1636633965158446,-0.0011451209455271005,0.16366740256105508,-0.78998731261124,-0.323257578852465
33,2026-05-12 10:11:03.740126,1,1.1,0.19417658549726188,0.5820485231290462,0.08356862447437416,0.16751989021262065,46,0.8089827330750151,-0.0044024715740715314,-0.0022795651343741063,-0.13207414722214594,-0.06838695403122319,0.14872913583466324,0.9476774788109599,-2.0172549925708827
34,2026-05-12 10:11:03.773817,1,1.1333333333333333,0.1889199619156524,0.5795792135995431,0.08356862447437416,0.16751989021262065,46,0.8355083454456427,-0.005256623581609471,-0.002469309529503083,-0.15769870744828413,-0.0740792858850925,0.1742315210520323,-0.7687368067841455,-0.1707699556160791
35,2026-05-12 10:11:03.807483,1,1.1666666666666667,0.18097077862420916,0.5841443073482033,0.08356862447437416,0.16751989021262065,46,0.7660942298242175,-0.007949183291443257,0.0045650937486602094,-0.2384754987432977,0.13695281245980628,0.27500297515029803,-2.4233037388504077,6.330962950346963
36,2026-05-12 10:11:03.841183,1,1.2,0.17974305655300843,0.585296707903229,0.08356862447437416,0.16751989021262065,46,0.9380983797170412,-0.0012277220712007264,0.0011524005550256344,-0.03683166213602179,0.03457201665076903,0.05051530135516478,6.049315098218278,-3.0714238742711175
37,2026-05-12 10:11:03.874849,1,1.2333333333333334,0.172323380133405,0.5841034631714074,0.08356862447437416,0.16751989021262065,46,0.7376188338781784,-0.0074196764196034215,-0.0011932447318215855,-0.22259029258810265,-0.035797341954647566,0.22545041149990191,-5.572758913562426,-2.111080758162498
38,2026-05-12 10:11:03.908526,1,1.2666666666666666,0.16563221609929482,0.5817725014191862,0.08356862447437416,0.16751989021262065,46,0.9825629706003138,-0.006691164034110186,-0.002330961752221139,-0.2007349210233056,-0.06992885256663417,0.21256658471998555,0.6556611469439116,-1.0239453183595981
39,2026-05-12 10:11:03.942179,1,1.3,0.16592845330840955,0.584474526505702,0.08356862447437416,0.16751989021262065,46,0.8806688157224408,0.0002962372091147303,0.002702025086515736,0.008887116273441908,0.08106075259547207,0.08154646802285191,6.288661118902425,4.529688154863187
40,2026-05-12 10:11:03.975858,1,1.3333333333333333,0.15177423380871086,0.5867432447024012,0.08356862447437416,0.16751989021262065,46,0.8473940915524522,-0.014154219499698695,0.002268718196699271,-0.42462658499096084,0.06806154590097813,0.4300466378330572,-13.005411037932083,-0.38997620083481843
41,2026-05-12 10:11:04.009534,1,1.3666666666666667,0.1484013125182462,0.5916010053560634,0.08356862447437416,0.16751989021262065,46,0.9688289129649343,-0.0033729212904646533,0.004857760653662169,-0.1011876387139396,0.14573281960986506,0.17741756660473124,9.703168388310637,2.330138211266608
42,2026-05-12 10:11:04.043223,1,1.4,0.144052847600844,0.5901323703111706,0.08356862447437416,0.16751989021262065,46,0.7022987226127955,-0.004348464917402206,-0.0014686350448928076,-0.13045394752206618,-0.04405905134678423,0.137693254844486,-0.8779892642437975,-5.693756128699479
43,2026-05-12 10:11:04.076893,1,1.4333333333333333,0.1363124847101246,0.5888590900491311,0.08356862447437416,0.16751989021262065,46,0.8128425814583221,-0.007740362890719388,-0.0012732802620395445,-0.23221088672158163,-0.038198407861186334,0.23533171115502638,-3.0527081759854635,0.17581930456793682
44,2026-05-12 10:11:04.110550,1,1.4666666666666666,0.13568389367558123,0.5882044426218807,0.08356862447437416,0.16751989021262065,46,0.7036315583534792,-0.0006285910345433798,-0.0006546474272504099,-0.018857731036301395,-0.019639422817512298,0.02722720970724888,6.400594670558407,0.5567695513102211
45,2026-05-12 10:11:04.144207,1,1.5,0.127938755233941,0.5943374132962572,0.08356862447437416,0.16751989021262065,46,0.9733567702772519,-0.007745138441640237,0.00613297067437657,-0.2323541532492071,0.1839891202312971,0.29637889414673696,-6.4048926663871715,6.108856291464282
46,2026-05-12 10:11:04.180430,1,1.5333333333333332,0.1200788011684498,0.5935812589394239,0.08356862447437416,0.16751989021262065,46,0.945820256666486,-0.007859954065491198,-0.000756154356833294,-0.23579862196473594,-0.02268463070499882,0.2368872782373309,-0.1033340614658651,-6.200212528088878
47,2026-05-12 10:11:04.220687,1,1.5666666666666667,0.11553867654016334,0.5913854102927574,0.08356862447437416,0.16751989021262065,46,0.7431567238207294,-0.004540124628286457,-0.002195848646666554,-0.13620373884859371,-0.06587545939999662,0.15129783417979425,2.987846493484267,-1.2957248608499339
48,2026-05-12 10:11:04.254400,1,1.6,0.10913563748871664,0.5936119236833827,0.08356862447437416,0.16751989021262065,46,0.9019565037823257,-0.006403039051446693,0.0022265133906252954,-0.1920911715434008,0.06679540171875886,0.20337316409911757,-1.6766229808442126,3.9801258335626644
49,2026-05-12 10:11:04.292886,1,1.6333333333333333,0.1024853713564682,0.5945605781469501,0.08356862447437416,0.16751989021262065,46,0.9385805852913832,-0.00665026613224845,0.0009486544635673999,-0.1995079839674535,0.028459633907021997,0.20152763192396073,-0.22250437272158113,-1.150073034352106
50,2026-05-12 10:11:04.327127,1,1.6666666666666667,0.10092236159650335,0.593123377181159,0.08356862447437416,0.16751989021262065,46,0.7812182812846094,-0.0015630097599648451,-0.00143720096579103,-0.046890292798945354,-0.0431160289737309,0.06370001187782016,4.578530735055245,-2.147269886422587
51,2026-05-12 10:11:04.360925,1,1.7,0.09506632177080084,0.5929171308517569,0.08356862447437416,0.16751989021262065,46,0.8849331579388888,-0.005856039825702514,-0.00020624632940213772,-0.1756811947710754,-0.0061873898820641315,0.17579011914708176,-3.8637270591639017,1.1078591727500031
52,2026-05-12 10:11:04.395553,1,1.7333333333333334,0.08877321861120208,0.592422841350513,0.08356862447437416,0.16751989021262065,46,0.9718878409748454,-0.006293103159598759,-0.0004942895012438608,-0.18879309478796277,-0.014828685037315825,0.1893745562095199,-0.39335700050662087,-0.2592388546575508
53,2026-05-12 10:11:04.429383,1,1.7666666666666666,0.08579183877353881,0.59650775630843,0.08356862447437416,0.16751989021262065,46,0.9839206712838613,-0.0029813798376632644,0.004084914957916963,-0.08944139512989793,0.12254744873750889,0.15171565626149103,2.9805509897419453,4.1212840132447415
54,2026-05-12 10:11:04.463117,1,1.8,0.08037340280726411,0.5965404428588673,0.08356862447437416,0.16751989021262065,46,0.9709363727868623,-0.005418435966274698,3.2686550437310835e-05,-0.16255307898824095,0.000980596513119325,0.1625560366706781,-2.1933505157502906,-3.647005566731687
55,2026-05-12 10:11:04.496806,1,1.8333333333333333,0.07292641979192814,0.5977327317094638,0.08356862447437416,0.16751989021262065,46,0.7946521142371603,-0.007446983015335973,0.0011922888505965235,-0.22340949046007919,0.035768665517895704,0.22625471897965646,-1.8256923441551471,1.0436420701432914
56,2026-05-12 10:11:04.530476,1,1.8666666666666667,0.06857543681932549,0.6007328625783953,0.08356862447437416,0.16751989021262065,46,0.7042842368199591,-0.004350982972602654,0.003000130868931472,-0.13052948917807963,0.09000392606794416,0.15855173998646108,2.7864000384599867,1.6270578165014538
57,2026-05-12 10:11:04.564247,1,1.9,0.06936261429327645,0.5991604639120004,0.08356862447437416,0.16751989021262065,46,0.8937832810203105,0.0007871774739509618,-0.001572398666394914,0.023615324218528855,-0.04717195999184742,0.05275298425130743,4.624344401898255,-4.115276581793748
58,2026-05-12 10:11:04.598654,1,1.9333333333333333,0.06359503709540301,0.6015115776337475,0.08356862447437416,0.16751989021262065,46,0.8641398888648654,-0.005767577197873436,0.0023511137217471223,-0.17302731593620307,0.07053341165241367,0.18685131580862757,-5.8992792046419575,3.5311611493278328
59,2026-05-12 10:11:04.633221,1,1.9666666666666666,0.057345262131323536,0.5964556408829169,0.08356862447437416,0.16751989021262065,46,0.9292269053550343,-0.006249774964079476,-0.005055936750830603,-0.18749324892238428,-0.1516781025249181,0.2411637725219746,-0.4339779895854362,-6.666345425319953
60,2026-05-12 10:11:04.667037,1,2.0,0.04799893727495122,0.6018935652496614,0.08356862447437416,0.16751989021262065,46,0.888957279395428,-0.009346324856372316,0.0054379243667445065,-0.2803897456911695,0.1631377310023352,0.32439532790308334,-2.786894903063556,9.4444750058176
61,2026-05-12 10:11:04.700793,1,2.033333333333333,0.048904989680963726,0.6063007954803599,0.08356862447437416,0.16751989021262065,46,0.7086115724183389,0.0009060524060125058,0.0044072302306984446,0.027181572180375174,0.13221690692095334,0.13498202970003445,9.22713953614634,-0.9276247224414558
62,2026-05-12 10:11:04.734990,1,2.0666666666666664,0.054566012635036014,0.603120270207218,0.08356862447437416,0.16751989021262065,46,0.7019212536130316,0.005661022954072288,-0.003180525273141832,0.16983068862216866,-0.09541575819425496,0.1947989468905429,4.279473493253804,-6.828979953456249
63,2026-05-12 10:11:04.768687,1,2.1,0.0577399888588461,0.6056976989913091,0.08356862447437416,0.16751989021262065,46,0.9663740750950567,0.0031739762238100835,0.0025774287840910626,0.0952192867143025,0.07732286352273188,0.12266025348798024,-2.2383420572359847,5.182158651509606
64,2026-05-12 10:11:04.802352,1,2.1333333333333333,0.06338283935953852,0.6043129602000039,0.08356862447437416,0.16751989021262065,46,0.8039127823508779,0.005642850500692423,-0.0013847387913051845,0.1692855150207727,-0.041542163739155535,0.17430816665887763,2.2219868491941055,-3.5659508178566224
65,2026-05-12 10:11:04.836224,1,2.1666666666666665,0.07098475068440648,0.6041605136312531,0.08356862447437416,0.16751989021262065,46,0.9329479756827249,0.007601911324867955,-0.00015244656875079698,0.22805733974603865,-0.0045733970625239095,0.22810319193893716,1.7631547417579787,1.1090630002989488
66,2026-05-12 10:11:04.870313,1,2.2,0.07090982468412418,0.6034418459814713,0.08356862447437416,0.16751989021262065,46,0.7020881761831148,-7.492600028229102e-05,-0.0007186676497817901,-0.0022477800084687305,-0.021560029493453703,0.021676886001570087,-6.909153592635222,-0.5095989729278938
67,2026-05-12 10:11:04.903999,1,2.2333333333333334,0.06990723323143967,0.6027879377741208,0.08356862447437416,0.16751989021262065,46,0.9155733173555737,-0.001002591452684512,-0.000653908207350562,-0.03007774358053536,-0.01961724622051686,0.035909706322564364,-0.8348989071619989,0.0582834981881053
68,2026-05-12 10:11:04.937668,1,2.2666666666666666,0.07338030269278964,0.6069181166426668,0.08356862447437416,0.16751989021262065,46,0.7510884663278778,0.0034730694613499674,0.004130178868546053,0.10419208384049902,0.12390536605638158,0.16189048790028243,4.028094822631031,4.305678368306953
69,2026-05-12 10:11:04.971354,1,2.3,0.08223750000847291,0.6052973813657587,0.08356862447437416,0.16751989021262065,46,0.7403755095068648,0.008857197315683268,-0.0016207352769080918,0.26571591947049805,-0.048622058307242755,0.27012784827574726,4.845715068899971,-5.17582273090873
70,2026-05-12 10:11:05.005123,1,2.3333333333333335,0.08441278925934856,0.6042837964375236,0.08356862447437416,0.16751989021262065,46,0.8011815793070588,0.0021752892508756505,-0.0010135849282351117,0.06525867752626952,-0.03040754784705335,0.07199523566562216,-6.0137172583268566,0.5464353138056821
71,2026-05-12 10:11:05.038842,1,2.3666666666666667,0.08822037555096653,0.6091834441056143,0.08356862447437416,0.16751989021262065,46,0.7029927492011143,0.0038075862916179676,0.004899647668090701,0.11422758874853903,0.14698943004272103,0.18615540436847203,1.4690673366680853,5.321909336693231
72,2026-05-12 10:11:05.072510,1,2.4,0.09562127780620176,0.6094637190854449,0.08356862447437416,0.16751989021262065,46,0.7981756206655708,0.007400902255235237,0.0002802749798306303,0.2220270676570571,0.00840824939491891,0.22218622241326882,3.233984367255542,-4.157435419434064
73,2026-05-12 10:11:05.106197,1,2.433333333333333,0.09772322577194581,0.6093781944016513,0.08356862447437416,0.16751989021262065,46,0.7143887618942167,0.002101947965744047,-8.552468379363631e-05,0.06305843897232141,-0.0025657405138090894,0.06311061519277233,-4.769058860542071,-0.32921969726183997
74,2026-05-12 10:11:05.139855,1,2.466666666666667,0.10688991675525024,0.6079780394030277,0.08356862447437416,0.16751989021262065,46,0.7125833909018744,0.009166690983304429,-0.0014001549986235595,0.2750007294991329,-0.042004649958706786,0.27819020802898287,6.3582687158043445,-1.1831672833469309
75,2026-05-12 10:11:05.173489,1,2.5,0.11150580410617938,0.6068996097315713,0.08356862447437416,0.16751989021262065,46,0.7946422117875049,0.004615887350929146,-0.0010784296714564379,0.13847662052787438,-0.032352890143693136,0.14220578023930952,-4.095723269137756,0.2895527944504095
76,2026-05-12 10:11:05.207142,1,2.533333333333333,0.11819986926710097,0.6114631679151972,0.08356862447437416,0.16751989021262065,46,0.7984504403195914,0.006694065160921581,0.00456355818362586,0.20082195482764742,0.1369067455087758,0.2430492018225988,1.8703600289931912,5.077789069574068
77,2026-05-12 10:11:05.240993,1,2.5666666666666664,0.12153170083958946,0.6091871032565623,0.08356862447437416,0.16751989021262065,46,0.7629084961159385,0.0033318315724884945,-0.0022760646586348354,0.09995494717465483,-0.06828193975904506,0.12105128979877042,-3.0260102295897777,-6.155660558034626
78,2026-05-12 10:11:05.285661,1,2.6,0.12973615994235113,0.6112341329700774,0.08356862447437416,0.16751989021262065,46,0.7713763566038222,0.008204459102761671,0.002047029713515114,0.24613377308285014,0.061410891405453416,0.25367919078082135,4.38536477724586,3.8907849349349544
79,2026-05-12 10:11:05.319406,1,2.6333333333333333,0.13681761055799108,0.6079593451533994,0.08356862447437416,0.16751989021262065,46,0.8577348110523072,0.007081450615639945,-0.0032747878166780042,0.21244351846919834,-0.09824363450034013,0.23405995013972175,-1.010707638409554,-4.789635777173807
80,2026-05-12 10:11:05.353102,1,2.6666666666666665,0.13997232990570269,0.607233503889183,0.08356862447437416,0.16751989021262065,46,0.760775943200067,0.0031547193477116098,-0.0007258412642164869,0.0946415804313483,-0.021775237926494606,0.09711431271083999,-3.5340581411355014,2.2940518972153656
81,2026-05-12 10:11:05.386862,1,2.7,0.14732023695166832,0.6085717709487631,0.08356862447437416,0.16751989021262065,46,0.7291461144152067,0.007347907045965635,0.0013382670595801782,0.22043721137896904,0.04014801178740535,0.22406344416485685,3.7738689284286226,1.8576974914169986
82,2026-05-12 10:11:05.420616,1,2.7333333333333334,0.1611133381535212,0.6076477247306584,0.08356862447437416,0.16751989021262065,46,0.9048178418910591,0.01379310120185287,-0.0009240462181047127,0.4137930360555861,-0.02772138654314138,0.41472057093900444,5.800674740298511,-2.036081949916402
83,2026-05-12 10:11:05.454413,1,2.7666666666666666,0.1634058093919888,0.6074465764256225,0.08356862447437416,0.16751989021262065,46,0.7740749730829306,0.002292471238467597,-0.0002011483050359253,0.06877413715402791,-0.006034449151077759,0.06903836989557319,-10.350566967046746,0.6506081217619086
84,2026-05-12 10:11:05.488207,1,2.8,0.17244506876933774,0.6112878034484966,0.08356862447437416,0.16751989021262065,46,0.7944507215584854,0.009039259377348952,0.0038412270228741496,0.27117778132046855,0.11523681068622449,0.294647096742908,6.072109324993219,3.6381377951190674
85,2026-05-12 10:11:05.522600,1,2.8333333333333335,0.18161816919959978,0.6111277274455992,0.08356862447437416,0.16751989021262065,46,0.7405375413104913,0.009173100430262038,-0.00016007600289746904,0.27519301290786113,-0.004802280086924071,0.27523491102572634,0.12045694762177761,-3.601172723194457
86,2026-05-12 10:11:05.556347,1,2.8666666666666667,0.18417970707861292,0.6095137159053909,0.08356862447437416,0.16751989021262065,46,0.8900667104297696,0.0025615378790131427,-0.0016140115402082378,0.07684613637039428,-0.048420346206247133,0.09082873224806161,-5.950406296124005,-1.3085419835796919
87,2026-05-12 10:11:05.590055,1,2.9,0.19248488364738459,0.6101300301967332,0.08356862447437416,0.16751989021262065,46,0.7759839783093943,0.008305176568771666,0.0006163142913422348,0.24915529706314998,0.018489428740267044,0.24984039110954004,5.169274820782671,2.0072932483954253
88,2026-05-12 10:11:05.623731,1,2.933333333333333,0.20147965798416675,0.6066815041907929,0.08356862447437416,0.16751989021262065,46,0.8745738116524502,0.008994774336782169,-0.0034485260059402556,0.26984323010346506,-0.10345578017820767,0.28899561810683777,0.6206379912094523,-3.6583562675542414
89,2026-05-12 10:11:05.657438,1,2.966666666666667,0.2089285228098291,0.6072345235322557,0.08356862447437416,0.16751989021262065,46,0.9871994279602525,0.0074488648256623435,0.0005530193414627904,0.2234659447698703,0.016590580243883712,0.22408095819305904,-1.3913185600078426,3.6013908126627414
90,2026-05-12 10:11:05.691109,1,3.0,0.21297380477196493,0.607119544733067,0.08356862447437416,0.16751989021262065,46,0.9685264016790296,0.004045281962135827,-0.00011497879918875853,0.12135845886407481,-0.003449363975662756,0.12140746949714395,-3.0632245771738646,-0.601198326586394
91,2026-05-12 10:11:05.725031,1,3.033333333333333,0.21942630064471513,0.6052584717550138,0.08356862447437416,0.16751989021262065,46,0.7370554134580484,0.006452495872750208,-0.0018610729780531576,0.19357487618250624,-0.05583218934159473,0.20146579376099633,2.1664925195529428,-1.5714847609779592
92,2026-05-12 10:11:05.758722,1,3.0666666666666664,0.22803749081887859,0.6031026926106835,0.08356862447437416,0.16751989021262065,46,0.7056783325499457,0.008611190174163452,-0.0021557791443302943,0.25833570522490357,-0.06467337432990883,0.2663080583483436,1.9428248712719198,-0.265235549649423
93,2026-05-12 10:11:05.792530,1,3.1,0.23423386770825944,0.6031326170039207,0.08356862447437416,0.16751989021262065,46,0.9817338020228421,0.00619637688938085,2.992439323723506e-05,0.1858913066814255,0.0008977317971170518,0.18589347439355514,-2.173331956304342,1.9671331838107764
94,2026-05-12 10:11:05.826368,1,3.1333333333333333,0.24101385220873459,0.6002241498337705,0.08356862447437416,0.16751989021262065,46,0.8610324590029954,0.00677998450047515,-0.002908467170150253,0.2033995350142545,-0.08725401510450759,0.22132472522488894,0.52524684998487,-2.644552407048739
95,2026-05-12 10:11:05.860059,1,3.1666666666666665,0.24762659070748294,0.5963642110952307,0.08356862447437416,0.16751989021262065,46,0.8603577901814574,0.006612738498748355,-0.0038599387385397366,0.19838215496245065,-0.1157981621561921,0.22970566768431627,-0.15052140155411564,-0.8563244115505353
96,2026-05-12 10:11:05.893867,1,3.2,0.25671307940062904,0.5976423496109491,0.08356862447437416,0.16751989021262065,46,0.9881516952567357,0.0090864886931461,0.0012781385157183411,0.272594660794383,0.038344155471550234,0.2752782653106328,2.2263751749579703,4.62426952883227
97,2026-05-12 10:11:05.931422,1,3.2333333333333334,0.26435721550658303,0.5971114068544093,0.08356862447437416,0.16751989021262065,46,0.8881487936751309,0.007644136105953991,-0.000530942756539754,0.22932408317861974,-0.01592828269619262,0.22987658714050097,-1.2981173284728975,-1.6281731450322856
98,2026-05-12 10:11:05.965147,1,3.2666666666666666,0.26974756125049903,0.5924327282314863,0.08356862447437416,0.16751989021262065,46,0.8838329495599336,0.005390345743916003,-0.004678678622923038,0.1617103723174801,-0.14036035868769114,0.21412910779713099,-2.0284113258341896,-3.7329622797449558
99,2026-05-12 10:11:05.998873,1,3.3,0.2802502735376084,0.5895396538169877,0.08356862447437416,0.16751989021262065,46,0.7891128970791723,0.010502712287109361,-0.0028930744144985976,0.31508136861328084,-0.08679223243495793,0.32681670774038146,4.601129888874023,1.6070437875819965
100,2026-05-12 10:11:06.032600,1,3.3333333333333335,0.2875431068821147,0.5835169976840906,0.08356862447437416,0.16751989021262065,46,0.7491485489833178,0.007292833344506311,-0.006022656132897097,0.21878500033518933,-0.18067968398691292,0.28374640892402414,-2.8888910483427455,-2.8166235465586498
101,2026-05-12 10:11:06.066277,1,3.3666666666666667,0.295167884962293,0.5857879094284545,0.08356862447437416,0.16751989021262065,46,0.9386384337934386,0.007624778080178307,0.0022709117443638904,0.22874334240534921,0.06812735233091671,0.2386731087290558,0.2987502621047966,7.464211089534889
102,2026-05-12 10:11:06.099960,1,3.4,0.2981821715971636,0.5853197285107961,0.08356862447437416,0.16751989021262065,46,0.8514029750811387,0.0030142866348705777,-0.00046818091765843395,0.09042859904611733,-0.014045427529753018,0.09151287100696272,-4.149442300776957,-2.465183395820092
103,2026-05-12 10:11:06.133947,1,3.433333333333333,0.31011101715572603,0.5799032003679201,0.08356862447437416,0.16751989021262065,46,0.738664139120495,0.01192884555856244,-0.005416528142875965,0.3578653667568732,-0.16249584428627895,0.393029922695896,8.023103031322677,-4.453512502695778
104,2026-05-12 10:11:06.167716,1,3.466666666666667,0.3136325255566664,0.578494148267126,0.08356862447437416,0.16751989021262065,46,0.7307207387780844,0.003521508400940343,-0.001409052100794117,0.10564525202821029,-0.04227156302382351,0.11378841907936481,-7.566603441859887,3.606728437873663
105,2026-05-12 10:11:06.201526,1,3.5,0.3228780756741278,0.5766212611478421,0.08356862447437416,0.16751989021262065,46,0.9347556074000236,0.00924555011746142,-0.0018728871192839058,0.2773665035238426,-0.056186613578517175,0.283000199332904,5.15163754486897,-0.4174515166408099
106,2026-05-12 10:11:06.235241,1,3.533333333333333,0.32937840910329474,0.5734111015111494,0.08356862447437416,0.16751989021262065,46,0.8199445900492948,0.006500333429166949,-0.0032101596366926888,0.19501000287500847,-0.09630478910078066,0.21749370939191934,-2.470695019465025,-1.2035452656679047
107,2026-05-12 10:11:06.271046,1,3.5666666666666664,0.33729448611090757,0.5688911721359458,0.08356862447437416,0.16751989021262065,46,0.8258764787685875,0.00791607700761282,-0.004519929375203624,0.23748231022838462,-0.13559788125610872,0.27346779165480617,1.2741692206012845,-1.1787927646598417
108,2026-05-12 10:11:06.305532,1,3.6,0.34057044232433437,0.5680809974964708,0.08356862447437416,0.16751989021262065,46,0.7144115419822665,0.0032759562134268005,-0.0008101746394749698,0.09827868640280402,-0.024305239184249094,0.10123954194317679,-4.176108714767418,3.338779262155789
109,2026-05-12 10:11:06.339647,1,3.6333333333333333,0.35070349501737913,0.5649114048608473,0.08356862447437416,0.16751989021262065,46,0.7603156423240697,0.010133052693044764,-0.0031695926356234416,0.3039915807913429,-0.09508777906870325,0.31851619569534934,6.171386831656167,-2.1234761965336246
110,2026-05-12 10:11:06.373357,1,3.6666666666666665,0.354506849058297,0.5603385729540533,0.08356862447437416,0.16751989021262065,46,0.760700348410506,0.0038033540409178612,-0.004572831906794028,0.11410062122753584,-0.13718495720382085,0.1784339212356321,-5.696728786914212,-1.262915344053528
111,2026-05-12 10:11:06.407041,1,3.6999999999999997,0.36435809661734375,0.5579912153305486,0.08356862447437416,0.16751989021262065,46,0.7264093022700927,0.00985124755904676,-0.0023473576235046867,0.2955374267714028,-0.0704207287051406,0.3038115364070714,5.44310416631601,2.0029268549604073
112,2026-05-12 10:11:06.440797,1,3.7333333333333334,0.36812425826979683,0.5553669246023885,0.08356862447437416,0.16751989021262065,46,0.9390607849683755,0.0037661616524530817,-0.0026242907281601724,0.11298484957359245,-0.07872872184480517,0.13770906969580476,-5.476577315934311,-0.24923979418993714
113,2026-05-12 10:11:06.474509,1,3.7666666666666666,0.37225607130226496,0.5554759570762227,0.08356862447437416,0.16751989021262065,46,0.7607690876529806,0.0041318130324681235,0.000109032473834203,0.1239543909740437,0.00327097421502609,0.1239975415645869,0.32908624201353764,2.459990881794938
114,2026-05-12 10:11:06.512406,1,3.8,0.3806308742957927,0.5526774966095801,0.08356862447437416,0.16751989021262065,46,0.9745977184358532,0.008374802993527719,-0.0027984604666425605,0.25124408980583157,-0.08395381399927682,0.2648996707196631,3.8186909649536362,-2.616743646429087
115,2026-05-12 10:11:06.545944,1,3.8333333333333335,0.38719414440718436,0.5484989009030734,0.08356862447437416,0.16751989021262065,46,0.9049505597354117,0.006563270111391684,-0.004178595706506694,0.1968981033417505,-0.1253578711952008,0.2334169209165677,-1.630379593922432,-1.2421217158777198
116,2026-05-12 10:11:06.579629,1,3.8666666666666667,0.3955453686253938,0.5504806696446488,0.08356862447437416,0.16751989021262065,46,0.9031506945724646,0.008351224218209441,0.001981768741575407,0.25053672654628323,0.05945306224726221,0.2574943066537665,1.6091586961359816,5.544328003273891
117,2026-05-12 10:11:06.613318,1,3.9,0.40148789619476266,0.5495417696158938,0.08356862447437416,0.16751989021262065,46,0.7842977667190771,0.005942527569368861,-0.0009389000287549631,0.17827582708106582,-0.028167000862648894,0.1804872584395767,-2.1678269839565223,-2.628601893297333
118,2026-05-12 10:11:06.646999,1,3.933333333333333,0.4047877227642978,0.5466891052268039,0.08356862447437416,0.16751989021262065,46,0.9084745766355505,0.003299826569535147,-0.0028526643890899317,0.09899479708605441,-0.08557993167269795,0.13085829952743822,-2.3784308998503425,-1.7223879243014717
119,2026-05-12 10:11:06.681354,1,3.966666666666667,0.40770367498090937,0.5457041803094937,0.08356862447437416,0.16751989021262065,46,0.9844499597933651,0.0029159522166115615,-0.0009849249173101704,0.08747856649834684,-0.029547747519305112,0.09233400771151598,-0.34548691763122696,1.6809655246017852
120,2026-05-12 10:11:06.716295,1,4.0,0.4141026100792518,0.5437411430777964,0.08356862447437416,0.16751989021262065,46,0.8781907608436528,0.00639893509834244,-0.001963037231697329,0.1919680529502732,-0.058891116950919864,0.20079814991489792,3.1346845935577905,-0.8803010829484426
121,2026-05-12 10:11:06.750922,1,4.033333333333333,0.41894949088990996,0.5406665036470444,0.08356862447437416,0.16751989021262065,46,0.820872453308907,0.00484688081065815,-0.0030746394307520353,0.1454064243197445,-0.09223918292256106,0.1721949334320707,-1.3968488589158612,-1.0004419791492358
122,2026-05-12 10:11:06.784865,1,4.066666666666666,0.42787450790445025,0.5385870899353578,0.08356862447437416,0.16751989021262065,46,0.850761399342495,0.008925017014540293,-0.0020794137116866285,0.2677505104362088,-0.062382411350598854,0.274921627168118,3.6703225834939293,0.8957031471588661
123,2026-05-12 10:11:06.818390,1,4.1,0.4286149808991602,0.5390800207976624,0.08356862447437416,0.16751989021262065,46,0.8951125893980776,0.0007404729947099731,0.0004929308623046191,0.022214189841299192,0.014787925869138574,0.026686194592268453,-7.366089617847288,2.315110116592123
124,2026-05-12 10:11:06.852182,1,4.133333333333333,0.43633275748573047,0.5347946622598727,0.08356862447437416,0.16751989021262065,46,0.8657114013828375,0.007717776586570246,-0.004285358537789663,0.2315332975971074,-0.1285607561336899,0.2648311460418823,6.279573232674246,-4.300460460084854
125,2026-05-12 10:11:06.885916,1,4.166666666666667,0.44158010059952324,0.5317730489917214,0.08356862447437416,0.16751989021262065,46,0.962699742237016,0.005247343113792768,-0.003021613268151313,0.15742029341378305,-0.09064839804453939,0.18165428937000855,-2.2233901254997304,1.137370742674515
126,2026-05-12 10:11:06.919615,1,4.2,0.4483986815930288,0.533906040958781,0.08356862447437416,0.16751989021262065,46,0.8223289113094256,0.006818580993505574,0.0021329919670596276,0.20455742980516722,0.06398975901178883,0.21433252517264553,1.4141140917415251,4.6391447116898465
127,2026-05-12 10:11:06.953913,1,4.233333333333333,0.4500849809944202,0.5301175765584778,0.08356862447437416,0.16751989021262065,46,0.747244310403852,0.0016862994013913668,-0.0037884644003032264,0.050588982041741004,-0.11365393200909679,0.12440442663003592,-4.619053432902787,-5.329310730626569
128,2026-05-12 10:11:06.988772,1,4.266666666666667,0.4604397344237579,0.5303851230902719,0.08356862447437416,0.16751989021262065,46,0.8648272416054748,0.010354753429337726,0.0002675465317940606,0.3106426028801318,0.008026395953821819,0.31074627874867755,7.801608625151724,3.6504098388875583
129,2026-05-12 10:11:07.022526,1,4.3,0.4654665136341425,0.527009488453327,0.08356862447437416,0.16751989021262065,46,0.8776237695123086,0.00502677921038458,-0.003375634636944902,0.1508033763115374,-0.10126903910834706,0.1816509746433723,-4.795176797057832,-3.2788630518650663
130,2026-05-12 10:11:07.056352,1,4.333333333333333,0.472838473651052,0.5274543607225763,0.08356862447437416,0.16751989021262065,46,0.965532174424185,0.00737196001690954,0.0004448722692493856,0.2211588005072862,0.013346168077481568,0.22156113207007677,2.1106627258724644,3.438456215574859
131,2026-05-12 10:11:07.090046,1,4.366666666666666,0.4751278939541724,0.5226098067966963,0.08356862447437416,0.16751989021262065,46,0.8544738729249619,0.0022894203031203486,-0.004844553925880013,0.06868260909361046,-0.1453366177764004,0.16074835382855154,-4.5742857424102725,-4.760483575616459
132,2026-05-12 10:11:07.123789,1,4.4,0.48696628813689663,0.5228620833595454,0.08356862447437416,0.16751989021262065,46,0.8267303538351192,0.011838394182724254,0.0002522765628490964,0.35515182548172763,0.007568296885472892,0.35523245665444225,8.594076491643515,4.587147439856198
133,2026-05-12 10:11:07.157482,1,4.433333333333334,0.4925621044508052,0.5233198176075021,0.08356862447437416,0.16751989021262065,46,0.7810044910561181,0.005595816313908597,0.00045773424795669815,0.1678744894172579,0.013732027438700944,0.16843518864739124,-5.618320081934092,0.18491191659684159
134,2026-05-12 10:11:07.191166,1,4.466666666666667,0.49308801984301726,0.5166202632542195,0.08356862447437416,0.16751989021262065,46,0.8819876257138015,0.0005259153922120285,-0.006699554353282622,0.015777461766360856,-0.20098663059847865,0.20160494532406267,-4.562910829526912,-6.441559741115388
135,2026-05-12 10:11:07.225365,1,4.5,0.5010442157952305,0.5176445475156215,0.08356862447437416,0.16751989021262065,46,0.8928906548839896,0.007956195952213252,0.0010242842614019976,0.23868587856639756,0.030728527842059927,0.24065575216552237,6.687252504001101,6.951454753216158
136,2026-05-12 10:11:07.259334,1,4.533333333333333,0.506455163452109,0.5143443348652259,0.08356862447437416,0.16751989021262065,46,0.7640975322766022,0.00541094765687844,-0.0033002126503955953,0.1623284297063532,-0.09900637951186786,0.19013884998857666,-2.290723465801331,-3.8920472206178336
137,2026-05-12 10:11:07.293075,1,4.566666666666666,0.5081784325599934,0.5166756637738338,0.08356862447437416,0.16751989021262065,46,0.9127483438405096,0.0017232691078844509,0.002331328908607877,0.051698073236533526,0.06993986725823631,0.0869728452361408,-3.31891069409459,5.0683874031031255
138,2026-05-12 10:11:07.327004,1,4.6,0.5144912606449508,0.5135722154443059,0.08356862447437416,0.16751989021262065,46,0.8788533155314316,0.006312828084957367,-0.0031034483295279136,0.189384842548721,-0.09310344988583741,0.2110328670322433,4.130603079365625,-4.8912995143222116
139,2026-05-12 10:11:07.361506,1,4.633333333333333,0.5173489924283335,0.5110836915741586,0.08356862447437416,0.16751989021262065,46,0.9812770191582576,0.0028577317833827776,-0.002488523870147308,0.08573195350148333,-0.07465571610441923,0.11368132563549803,-3.1095866714171305,0.5534320134425452
140,2026-05-12 10:11:07.395534,1,4.666666666666667,0.5206618338421195,0.5127626067439263,0.08356862447437416,0.16751989021262065,46,0.8048686209498734,0.0033128414137859608,0.001678915169767703,0.09938524241357882,0.05036745509303109,0.11141950880413326,0.4095986673628649,3.7506951359235097
141,2026-05-12 10:11:07.429316,1,4.7,0.5263571134422262,0.5083414303156597,0.08356862447437416,0.16751989021262065,46,0.8794778469072733,0.00569527960010674,-0.00442117642826656,0.1708583880032022,-0.1326352928479968,0.2162977338298454,2.144194367688701,-5.490082438230837
142,2026-05-12 10:11:07.463002,1,4.733333333333333,0.5306082694686093,0.5088400177220714,0.08356862447437416,0.16751989021262065,46,0.778840388856388,0.004251156026383041,0.0004985874064117324,0.12753468079149122,0.014957622192351971,0.1284088208272185,-1.2997112163513291,4.427787451210463
143,2026-05-12 10:11:07.511219,1,4.766666666666667,0.5352707810275031,0.5048145603888305,0.08356862447437416,0.16751989021262065,46,0.7740274370241776,0.004662511558893856,-0.004025457333240889,0.13987534676681568,-0.12076371999722668,0.1847944498644521,0.3702199792597338,-4.07164026568736
144,2026-05-12 10:11:07.546575,1,4.8,0.5391418216497961,0.5014114865636383,0.08356862447437416,0.16751989021262065,46,0.8906654778752512,0.0038710406222929317,-0.0034030738251922266,0.11613121866878795,-0.1020922147557668,0.15462625994065643,-0.7123238429408318,0.5601451572437965
145,2026-05-12 10:11:07.580317,1,4.833333333333333,0.5423221520175481,0.4988467290347134,0.08356862447437416,0.16751989021262065,46,0.8350070385635462,0.0031803303677520045,-0.0025647575289249325,0.09540991103256014,-0.07694272586774797,0.12256930360902135,-0.6216392290868344,0.7544846666405647
146,2026-05-12 10:11:07.618732,1,4.866666666666666,0.5435061083659638,0.49845819352816667,0.08356862447437416,0.16751989021262065,46,0.7719909259234528,0.0011839563484157267,-0.00038853550654671665,0.0355186904524718,-0.0116560651964015,0.03738236519164182,-1.79673661740265,1.9585998201403942
147,2026-05-12 10:11:07.652488,1,4.9,0.5485012256649271,0.4920994513885643,0.08356862447437416,0.16751989021262065,46,0.7279630463322011,0.004995117298963292,-0.006358742139602358,0.14985351896889876,-0.19076226418807074,0.2425826015721684,3.4300448554928087,-5.373185969750077
148,2026-05-12 10:11:07.686181,1,4.933333333333334,0.5578631041730951,0.4880936877390954,0.08356862447437416,0.16751989021262065,46,0.9239388195923436,0.009361878508168053,-0.004005763649468919,0.2808563552450416,-0.12017290948406756,0.3054862033797842,3.9300850882842853,2.1176806411200957
149,2026-05-12 10:11:07.720497,1,4.966666666666667,0.5660123099772473,0.48646975495733175,0.08356862447437416,0.16751989021262065,46,0.8192462619960669,0.008149205804152126,-0.0016239327817636484,0.2444761741245638,-0.04871798345290945,0.24928305523300615,-1.0914054336143342,2.143647780934743
150,2026-05-12 10:11:07.754225,1,5.0,0.5695073124213603,0.4804995138847391,0.08356862447437416,0.16751989021262065,46,0.8109404598139396,0.003495002444113049,-0.005970241072592641,0.10485007332339147,-0.17910723217777924,0.2075402093434077,-4.18878302403517,-3.911677461746094
151,2026-05-12 10:11:07.787953,1,5.033333333333333,0.5749504387122444,0.47869571084852647,0.08356862447437416,0.16751989021262065,46,0.8268420468740392,0.005443126290884059,-0.0018038030362126367,0.16329378872652178,-0.0541140910863791,0.17202673132617172,1.7533114620939094,3.7497942327420044
152,2026-05-12 10:11:07.822530,1,5.066666666666666,0.5821120243982273,0.47365431944467096,0.08356862447437416,0.16751989021262065,46,0.9636411489594916,0.0071615856859829075,-0.005041391403855511,0.21484757057948722,-0.15124174211566532,0.2627423512532556,1.5466134555889632,-2.9138295308785866
153,2026-05-12 10:11:07.856285,1,5.1,0.5890279130279786,0.4651705250533928,0.08356862447437416,0.16751989021262065,46,0.9152335212573611,0.006915888629751343,-0.008483794391278165,0.2074766588925403,-0.25451383173834496,0.32836542834370686,-0.2211273506084077,-3.0981626886803895
154,2026-05-12 10:11:07.889956,1,5.133333333333333,0.5935152147537909,0.46430707322071285,0.08356862447437416,0.16751989021262065,46,0.9465165752810614,0.004487301725812243,-0.0008634518326799401,0.13461905177436728,-0.025903554980398202,0.13708859639390977,-2.1857282135451905,6.858308302738403
155,2026-05-12 10:11:07.924036,1,5.166666666666667,0.5961366053532182,0.4618315230725076,0.08356862447437416,0.16751989021262065,46,0.894896461022309,0.0026213905994273423,-0.0024755501482052744,0.07864171798282027,-0.07426650444615823,0.10816669307111444,-1.6793200137464104,-1.450888483972801
156,2026-05-12 10:11:07.957840,1,5.2,0.6070799781490065,0.4544911848385483,0.08356862447437416,0.16751989021262065,46,0.9868390504050643,0.010943372795788275,-0.007340338233959298,0.32830118387364826,-0.22021014701877895,0.3953152870594195,7.48978397672484,-4.378309277178621
157,2026-05-12 10:11:07.991676,1,5.233333333333333,0.6085416048174325,0.4521218390793482,0.08356862447437416,0.16751989021262065,46,0.8962112142439762,0.0014616266684259749,-0.002369345759200059,0.043848800052779247,-0.07108037277600177,0.08351728360072534,-8.53357151462607,4.473893227283315
158,2026-05-12 10:11:08.025365,1,5.266666666666667,0.6110095463969555,0.4461947709485546,0.08356862447437416,0.16751989021262065,46,0.7138336767318019,0.002467941579523014,-0.0059270681307936335,0.07403824738569043,-0.177812043923809,0.1926104489385435,0.9056834199873354,-3.201950134434217
159,2026-05-12 10:11:08.059136,1,5.3,0.6218103233300529,0.44302660180493686,0.08356862447437416,0.16751989021262065,46,0.867690671075327,0.010800776933097445,-0.0031681691436177273,0.32402330799292334,-0.09504507430853182,0.3376753918676799,7.499551818216988,2.483009088458316
160,2026-05-12 10:11:08.092650,1,5.333333333333333,0.6287492232680243,0.4346442037922997,0.08356862447437416,0.16751989021262065,46,0.759496076612418,0.006938899937971366,-0.008382398012637182,0.20816699813914097,-0.25147194037911547,0.3264531144166012,-3.475689295613471,-4.69280598211751
161,2026-05-12 10:11:08.126148,1,5.366666666666666,0.6326942379091178,0.4331221664748861,0.08356862447437416,0.16751989021262065,46,0.9442951138784522,0.003945014641093536,-0.0015220373174135715,0.11835043923280608,-0.045661119522407145,0.12685331805923594,-2.6944967671900466,6.174324625701249
162,2026-05-12 10:11:08.159683,1,5.4,0.638690869878645,0.4311985114277302,0.08356862447437416,0.16751989021262065,46,0.856888507199242,0.005996631969527155,-0.0019236550471559144,0.17989895908581466,-0.05770965141467743,0.18892866205677528,1.8464555955902573,-0.3614559567681086
163,2026-05-12 10:11:08.193198,1,5.433333333333334,0.649224761248622,0.42382801756757466,0.08356862447437416,0.16751989021262065,46,0.846218799318591,0.010533891369977066,-0.007370493860155536,0.316016741099312,-0.22111481580466608,0.38569203054167583,4.0835334604049205,-4.902154931699659
164,2026-05-12 10:11:08.226707,1,5.466666666666667,0.6523474018064077,0.41851781004697425,0.08356862447437416,0.16751989021262065,46,0.9328425564432872,0.003122640557785661,-0.005310207520600407,0.09367921673356983,-0.15930622561801222,0.18480873672116305,-6.6701257309722655,1.8542577055996157
165,2026-05-12 10:11:08.261160,1,5.5,0.6580729379657062,0.41623088086210575,0.08356862447437416,0.16751989021262065,46,0.8969539366040862,0.005725536159298494,-0.0022869291848685025,0.17176608477895483,-0.06860787554605507,0.18496115394112916,2.34260604136155,2.7209505021587144
166,2026-05-12 10:11:08.295321,1,5.533333333333333,0.6706119460751427,0.41069818366717237,0.08356862447437416,0.16751989021262065,46,0.8917937943139971,0.012539008109436534,-0.005532697194933378,0.376170243283096,-0.16598091584800134,0.41116142372236836,6.132124755124235,-2.9211912090583882
167,2026-05-12 10:11:08.329048,1,5.566666666666666,0.6745612923735709,0.40484754837201015,0.08356862447437416,0.16751989021262065,46,0.8317172066717573,0.003949346298428136,-0.005850635295162221,0.11848038895284407,-0.17551905885486663,0.21176530071689117,-7.730695629907558,-0.28614429020595855
168,2026-05-12 10:11:08.362714,1,5.6,0.683245199174169,0.40177457319558857,0.08356862447437416,0.16751989021262065,46,0.8368906279255397,0.008683906800598162,-0.0030729751764215774,0.26051720401794487,-0.09218925529264732,0.2763477381502161,4.261104451953024,2.4998941068665794
169,2026-05-12 10:11:08.396384,1,5.633333333333333,0.6823505415957802,0.3951789266862676,0.08356862447437416,0.16751989021262065,46,0.9790386539438278,-0.0008946575783888022,-0.006595646509320985,-0.026839727351664067,-0.19786939527962955,0.19968141764480227,-8.620707941088268,-3.1704041996094667
170,2026-05-12 10:11:08.430121,1,5.666666666666667,0.6954164532207728,0.3922927838824249,0.08356862447437416,0.16751989021262065,46,0.7914221795706614,0.013065911624992599,-0.002886142803842695,0.39197734874977797,-0.08658428411528085,0.40142630729520046,12.56451228304326,3.338553334930461
171,2026-05-12 10:11:08.463773,1,5.7,0.7000728268302766,0.3855236946855322,0.08356862447437416,0.16751989021262065,46,0.8126232695467461,0.004656373609503772,-0.006769089196892675,0.13969120828511317,-0.20307267590678024,0.2464795029451639,-7.568584213939944,-3.4946517537449817
172,2026-05-12 10:11:08.497437,1,5.733333333333333,0.706504647586949,0.38426787907897475,0.08356862447437416,0.16751989021262065,46,0.7731441288202144,0.006431820756672368,-0.0012558156065574644,0.19295462270017105,-0.03767446819672393,0.19659819931848646,1.5979024324517366,4.961946231301689
173,2026-05-12 10:11:08.531125,1,5.766666666666667,0.7134718249922847,0.3793539515210581,0.08356862447437416,0.16751989021262065,46,0.787504675934235,0.0069671774053357005,-0.004913927557916642,0.20901532216007102,-0.14741782673749926,0.25577220438836906,0.4818209837969989,-3.29230075622326
174,2026-05-12 10:11:08.566104,1,5.8,0.7248708184588321,0.3755236314711901,0.08356862447437416,0.16751989021262065,46,0.9877235860814464,0.01139899346654738,-0.003830320049867997,0.3419698039964214,-0.1149096014960399,0.36075970307301447,3.9886344550905117,0.9752467572437806
175,2026-05-12 10:11:08.599923,1,5.833333333333333,0.7317568164165278,0.37224955969385687,0.08356862447437416,0.16751989021262065,46,0.9705115559156965,0.006885997957695733,-0.003274071777333243,0.206579938730872,-0.09822215331999729,0.22874191240100245,-4.061695957966482,0.5006234452812786
176,2026-05-12 10:11:08.633628,1,5.866666666666666,0.7400755797317392,0.36921541024482774,0.08356862447437416,0.16751989021262065,46,0.702640331838877,0.00831876331521142,-0.003034149449029133,0.24956289945634258,-0.091024483470874,0.26564468256713886,1.2894888217641176,0.21593009547369868
177,2026-05-12 10:11:08.667296,1,5.9,0.7468720834148891,0.364096130957447,0.08356862447437416,0.16751989021262065,46,0.898295396575885,0.006796503683149879,-0.005119279287380762,0.20389511049449638,-0.15357837862142287,0.2552636567620781,-1.370033668855386,-1.8766168545164663
178,2026-05-12 10:11:08.700999,1,5.933333333333334,0.7593694705447678,0.35854606025620545,0.08356862447437416,0.16751989021262065,46,0.7117072445502874,0.01249738712987869,-0.005550070701241527,0.3749216138963607,-0.16650212103724582,0.4102306337617334,5.13079510205593,-0.3877122724746884
179,2026-05-12 10:11:08.740114,1,5.966666666666667,0.7626954642950566,0.35367874248503633,0.08356862447437416,0.16751989021262065,46,0.9740253660001388,0.003325993750288858,-0.004867317771169111,0.09977981250866574,-0.14601953313507332,0.17685506789812178,-8.25425404163085,0.614477637065175
180,2026-05-12 10:11:08.773838,1,6.0,0.7723857976801844,0.35108988430308014,0.08356862447437416,0.16751989021262065,46,0.9721938754175232,0.009690333385127814,-0.0025888581819561995,0.2907100015538344,-0.07766574545868599,0.3009057543834677,5.72790567135506,2.05061363029162
181,2026-05-12 10:11:08.807527,1,6.033333333333333,0.7845917843767549,0.3447461731923978,0.08356862447437416,0.16751989021262065,46,0.8296626291209508,0.01220598669657047,-0.006343711110682326,0.3661796008971141,-0.1903113333204698,0.4126813585605542,2.2640879802983904,-3.379367635853514
182,2026-05-12 10:11:08.841293,1,6.066666666666666,0.7915605776751888,0.34063781284175687,0.08356862447437416,0.16751989021262065,46,0.8913215523336078,0.006968793298433917,-0.004108360350640938,0.20906379895301752,-0.12325081051922815,0.2426899963457794,-4.713474058322897,2.0118156840372494
183,2026-05-12 10:11:08.875939,1,6.1,0.8051114472581602,0.33836693281539415,0.08356862447437416,0.16751989021262065,46,0.9846608500092657,0.013550869582971359,-0.0022708800263627205,0.40652608748914076,-0.06812640079088161,0.4121949372492927,5.923868656083697,1.653732291850396
184,2026-05-12 10:11:08.909739,1,6.133333333333333,0.812783119106193,0.3331554254472586,0.08356862447437416,0.16751989021262065,46,0.8146012344793008,0.007671671848032857,-0.005211507368135526,0.23015015544098572,-0.15634522104406579,0.2782317778270981,-5.291277961444652,-2.646564607595525
185,2026-05-12 10:11:08.943423,1,6.166666666666667,0.8225055132357642,0.3273176255797988,0.08356862447437416,0.16751989021262065,46,0.8562329746759627,0.0097223941295711,-0.005837799867459803,0.291671823887133,-0.1751339960237941,0.3402122417152402,1.8456500533844178,-0.5636632493918492
186,2026-05-12 10:11:08.977129,1,6.2,0.8325326638887988,0.32065269574948196,0.08356862447437416,0.16751989021262065,46,0.9608987745334097,0.010027150653034611,-0.006664929830316857,0.30081451959103833,-0.1999478949095057,0.36120428551656186,0.2742808711171607,-0.7444169665713485
187,2026-05-12 10:11:09.011632,1,6.233333333333333,0.8429678485360972,0.318125990231734,0.08356862447437416,0.16751989021262065,46,0.8509992469795306,0.010435184647298423,-0.0025267055177479736,0.3130555394189527,-0.07580116553243921,0.32210182777650875,0.36723059483743103,3.7244018813119952
188,2026-05-12 10:11:09.045574,1,6.266666666666667,0.8560543004545121,0.315767038753608,0.08356862447437416,0.16751989021262065,46,0.7292421372328384,0.013086451918414954,-0.0023589514781259813,0.3925935575524486,-0.07076854434377944,0.39892090481726483,2.3861405440048777,0.15097863565979308
189,2026-05-12 10:11:09.079312,1,6.3,0.8653566195397915,0.3044549880416083,0.08356862447437416,0.16751989021262065,46,0.9788455872093215,0.009302319085279342,-0.0113120507119997,0.2790695725583803,-0.339361521359991,0.4393700814890389,-3.4057195498220505,-8.057789310486346
190,2026-05-12 10:11:09.113362,1,6.333333333333333,0.8742254800198396,0.29873123193192114,0.08356862447437416,0.16751989021262065,46,0.8528178591320053,0.00886886048004809,-0.0057237561096871725,0.2660658144014427,-0.17171268329061518,0.31666427521267076,-0.3901127447081265,5.029465142081274
191,2026-05-12 10:11:09.151704,1,6.366666666666666,0.8813679200887425,0.29847867521227095,0.08356862447437416,0.16751989021262065,46,0.816412279006988,0.0071424400689029666,-0.00025255671965018767,0.214273202067089,-0.00757670158950563,0.2144071163256014,-1.5537783700306118,4.924079451033286
192,2026-05-12 10:11:09.185426,1,6.4,0.8904618810405509,0.2913958483275342,0.08356862447437416,0.16751989021262065,46,0.9126401213711535,0.009093960951808366,-0.00708282688473677,0.272818828554251,-0.2124848065421031,0.3458032767701151,1.7563687946148598,-6.147243148577925
193,2026-05-12 10:11:09.219170,1,6.433333333333334,0.9005195381655,0.2858661244839057,0.08356862447437416,0.16751989021262065,46,0.9776163348551112,0.010057657124949104,-0.005529723843628487,0.3017297137484731,-0.1658917153088546,0.3443267073098594,0.8673265558266641,1.3977927369974552
194,2026-05-12 10:11:09.252902,1,6.466666666666667,0.9135517255488504,0.28489829649910553,0.08356862447437416,0.16751989021262065,46,0.936173670000078,0.013032187383350435,-0.0009678279848001625,0.39096562150051306,-0.029034839544004876,0.3920422669848604,2.677077232561198,4.105706272945492
195,2026-05-12 10:11:09.286592,1,6.5,0.9200239876139706,0.2808451485166115,0.08356862447437416,0.16751989021262065,46,0.7948525659432485,0.006472262065120193,-0.00405314798249401,0.1941678619536058,-0.12159443947482029,0.22909903170207913,-5.903932786407218,-2.7767879979244627
196,2026-05-12 10:11:09.320286,1,6.533333333333333,0.9267048104484591,0.2758308660782418,0.08356862447437416,0.16751989021262065,46,0.8361518337004747,0.0066808228344884535,-0.0050142824383697104,0.2004246850346536,-0.1504284731510913,0.2505968473580797,0.18770469243143406,-0.8650210102881306
197,2026-05-12 10:11:09.354867,1,6.566666666666666,0.9425395904296461,0.2706201306321113,0.08356862447437416,0.16751989021262065,46,0.818730315207692,0.015834779981186986,-0.005210735446130488,0.4750433994356096,-0.15632206338391463,0.5001028082784026,8.23856143202868,-0.1768077069846996
198,2026-05-12 10:11:09.388822,1,6.6,0.9497033801009102,0.2709276850988237,0.08356862447437416,0.16751989021262065,46,0.7229063685079412,0.007163789671264076,0.0003075544667123786,0.21491369013792228,0.009226634001371359,0.21511165701489574,-7.803891278930619,4.96646092155858
199,2026-05-12 10:11:09.422650,1,6.633333333333333,0.9378853195740307,0.2664435356994443,0.08356862447437416,0.16751989021262065,46,0.7313775088194195,-0.011818060526879504,-0.004484149399379411,-0.3545418158063851,-0.13452448198138234,0.37920540002437725,-17.083665178329223,-4.312533479482611
200,2026-05-12 10:11:09.456397,1,6.666666666666667,0.9300269589624391,0.25542818022060604,0.08356862447437416,0.16751989021262065,46,0.8786031578691942,-0.007858360611591508,-0.011015355478838251,-0.23575081834774525,-0.33046066436514754,0.4059343531216424,3.5637299237591957,-5.878085471512956
201,2026-05-12 10:11:09.490077,1,6.7,0.9196938935235045,0.2491911235449322,0.08356862447437416,0.16751989021262065,46,0.828121869676606,-0.010333065438934641,-0.006237056675673841,-0.30999196316803923,-0.18711170027021523,0.3620853567969656,-2.2272343446088194,4.300468922847969
202,2026-05-12 10:11:09.523794,1,6.733333333333333,0.9083315522835268,0.24386213517465077,0.08356862447437416,0.16751989021262065,46,0.8229395112120141,-0.011362341239977702,-0.005328988370281423,-0.34087023719933107,-0.1598696511084427,0.3764981061756665,-0.9263482209387552,0.8172614748531759
203,2026-05-12 10:11:09.557465,1,6.766666666666667,0.8960262801628177,0.24119395148954084,0.08356862447437416,0.16751989021262065,46,0.7257134117348415,-0.012305272120709088,-0.0026681836851099316,-0.36915816362127263,-0.08004551055329795,0.37773672515122014,-0.8486377926582467,2.3947242166543425
204,2026-05-12 10:11:09.591135,1,6.8,0.8851859296876683,0.2404280116174005,0.08356862447437416,0.16751989021262065,46,0.9479179742017523,-0.010840350475149418,-0.0007659398721403532,-0.32521051425448255,-0.022978196164210596,0.3260212816376041,1.3184294810037023,1.7120194316726207
205,2026-05-12 10:11:09.624810,1,6.833333333333333,0.8757755336509173,0.2351741466412085,0.08356862447437416,0.16751989021262065,46,0.7778515092807539,-0.009410396036750979,-0.005253864976191985,-0.28231188110252936,-0.15761594928575956,0.32333076822489354,1.2869589945585957,-4.039132593646469
206,2026-05-12 10:11:09.658514,1,6.866666666666666,0.8642649584036581,0.23095710093731278,0.08356862447437416,0.16751989021262065,46,0.9026497461220923,-0.01151057524725918,-0.004217045703895722,-0.3453172574177754,-0.12651137111687166,0.3677623353368381,-1.8901612894573816,0.9331373450666369
207,2026-05-12 10:11:09.692177,1,6.8999999999999995,0.8570404898626053,0.22616231900804176,0.08356862447437416,0.16751989021262065,46,0.7063020042555679,-0.007224468541052853,-0.004794781929271019,-0.2167340562315856,-0.14384345787813058,0.2601241847751447,3.8574960355856946,-0.5199626028377674
208,2026-05-12 10:11:09.725867,1,6.933333333333334,0.8419687513005211,0.22062234365722128,0.08356862447437416,0.16751989021262065,46,0.9828374777438338,-0.015071738562084214,-0.005539975350820486,-0.4521521568625264,-0.1661992605246146,0.4817299732779386,-7.062543018928225,-0.6706740793945204
209,2026-05-12 10:11:09.759536,1,6.966666666666667,0.837941277700189,0.21598995181132138,0.08356862447437416,0.16751989021262065,46,0.9237183581495297,-0.0040274736003320655,-0.004632391845899891,-0.12082420800996196,-0.13897175537699674,0.1841511282447066,9.939838465576933,0.8168251544285354
210,2026-05-12 10:11:09.793256,1,7.0,0.8252732679859365,0.2126697244475939,0.08356862447437416,0.16751989021262065,46,0.946818997161065,-0.012668009714252526,-0.0033202273637274737,-0.3800402914275758,-0.09960682091182421,0.39287675151441187,-7.776482502528415,1.180948033955176
211,2026-05-12 10:11:09.826932,1,7.033333333333333,0.8120264283908889,0.20493976996961005,0.08356862447437416,0.16751989021262065,46,0.9653072328400238,-0.013246839595047577,-0.007729954477983858,-0.3974051878514273,-0.23189863433951574,0.4601172241285482,-0.5209468927155458,-3.9687544028307458
212,2026-05-12 10:11:09.861393,1,7.066666666666666,0.8016856895408935,0.20641901289457074,0.08356862447437416,0.16751989021262065,46,0.939127260899792,-0.010340738849995423,0.001479242924960683,-0.3102221654998627,0.04437728774882049,0.31338017747676034,2.6154906705469383,8.288277662650087
213,2026-05-12 10:11:09.895846,1,7.1,0.792608874220094,0.19900628986182994,0.08356862447437416,0.16751989021262065,46,0.7227925146965162,-0.009076815320799514,-0.007412723032740792,-0.2723044596239854,-0.22238169098222377,0.35157265993706616,1.1375311762763185,-8.002769361931328
214,2026-05-12 10:11:09.929583,1,7.133333333333333,0.7822975876562075,0.19678467840523287,0.08356862447437416,0.16751989021262065,46,0.8351157378403425,-0.010311286563886468,-0.002221611456597078,-0.30933859691659404,-0.06664834369791234,0.3164369909792502,-1.1110241187782588,4.672000418529343
215,2026-05-12 10:11:09.963285,1,7.166666666666667,0.7742022397759293,0.19351003041408782,0.08356862447437416,0.16751989021262065,46,0.8248346593511738,-0.008095347880278214,-0.0032746479911450466,-0.24286043640834643,-0.0982394397343514,0.2619774400435498,1.9943448152474286,-0.9477328810931718
216,2026-05-12 10:11:09.996934,1,7.2,0.7580930630671268,0.18682404414069953,0.08356862447437416,0.16751989021262065,46,0.9423987206309687,-0.01610917670880252,-0.006685986273388289,-0.4832753012640756,-0.20057958820164867,0.523246775446372,-7.212445945671875,-3.0702044540189184
217,2026-05-12 10:11:10.030621,1,7.233333333333333,0.7524397078063526,0.18220838688822794,0.08356862447437416,0.16751989021262065,46,0.8644025499898454,-0.005653355260774151,-0.004615657252471594,-0.16960065782322453,-0.13846971757414783,0.21894804365222073,9.410239303225532,1.8632961188250252
218,2026-05-12 10:11:10.072417,1,7.266666666666667,0.7409708926841054,0.1777537706937142,0.08356862447437416,0.16751989021262065,46,0.9005720587221947,-0.011468815122247178,-0.004454616194513733,-0.34406445366741534,-0.133638485835412,0.36910647945252684,-5.233913875325724,0.14493695216207525
219,2026-05-12 10:11:10.106386,1,7.3,0.7306767055319121,0.17482831774487184,0.08356862447437416,0.16751989021262065,46,0.7746557321990915,-0.010294187152193324,-0.002925452948842361,-0.3088256145657997,-0.08776358846527083,0.3210540572430838,1.0571651730484688,1.376246921104235
220,2026-05-12 10:11:10.140586,1,7.333333333333333,0.7205439030700121,0.1703671643011764,0.08356862447437416,0.16751989021262065,46,0.8201902229488529,-0.010132802461899959,-0.004461153443695437,-0.30398407385699877,-0.1338346033108631,0.33214156349676166,0.1452462212640282,-1.3821304453677685
221,2026-05-12 10:11:10.174497,1,7.366666666666666,0.7098228889502759,0.1658833120843175,0.08356862447437416,0.16751989021262065,46,0.8376604281044863,-0.01072101411973625,-0.004483852216858902,-0.3216304235920875,-0.13451556650576707,0.3486266871775497,-0.5293904920526615,-0.020428895847118822
222,2026-05-12 10:11:10.209433,1,7.3999999999999995,0.7034224453725072,0.16400466081279855,0.08356862447437416,0.16751989021262065,46,0.9155340566760729,-0.0064004435777687,-0.0018786512715189552,-0.192013307333061,-0.056359538145568655,0.20011373699214738,3.888513487770795,2.3446808508059527
223,2026-05-12 10:11:10.243311,1,7.433333333333334,0.6894739811327913,0.16177270177809155,0.08356862447437416,0.16751989021262065,46,0.710825172618716,-0.013948464239715852,-0.002231959034706993,-0.41845392719147556,-0.06695877104120979,0.4237772601276735,-6.793218595752437,-0.3179769868692339
224,2026-05-12 10:11:10.276834,1,7.466666666666667,0.6750337541548649,0.15669873413037688,0.08356862447437416,0.16751989021262065,46,0.78010792528618,-0.014440226977926462,-0.005073967647714672,-0.4332068093377939,-0.15221902943144017,0.45917183338885387,-0.4425864643895494,-2.5578077517069113
225,2026-05-12 10:11:10.310370,1,7.5,0.6663480758022581,0.15326421028448498,0.08356862447437416,0.16751989021262065,46,0.8881022497752868,-0.008685678352606807,-0.003434523845891907,-0.2605703505782042,-0.10303571537675721,0.2802021881492869,5.17909376278769,1.4754994216404889
226,2026-05-12 10:11:10.343867,1,7.533333333333333,0.657794848783439,0.14682180562725886,0.08356862447437416,0.16751989021262065,46,0.9791065156634495,-0.00855322701881911,-0.0064424046572261195,-0.2565968105645733,-0.1932721397167836,0.32124140950788926,0.11920620040892782,-2.707092730200791
227,2026-05-12 10:11:10.377375,1,7.566666666666666,0.6431628520643523,0.14948437968996908,0.08356862447437416,0.16751989021262065,46,0.866786228471442,-0.01463199671908666,0.002662574062710227,-0.4389599015725998,0.0798772218813068,0.446168315508959,-5.470892730240795,8.194480847942712
228,2026-05-12 10:11:10.410873,1,7.6,0.6348997420892759,0.14105712345057247,0.08356862447437416,0.16751989021262065,46,0.8071321465482557,-0.0082631099750764,-0.008427256239396608,-0.24789329925229198,-0.25281768718189823,0.35407325621429037,5.731998069609235,-9.98084727189615
229,2026-05-12 10:11:10.444381,1,7.633333333333333,0.6257076996713603,0.1378070543963339,0.08356862447437416,0.16751989021262065,46,0.8077419649250366,-0.009192042417915602,-0.00325006905423858,-0.27576127253746807,-0.0975020716271574,0.29249091165892843,-0.8360391985552829,4.659468466642225
230,2026-05-12 10:11:10.477960,1,7.666666666666667,0.6148150183945608,0.13258475785679205,0.08356862447437416,0.16751989021262065,46,0.7779889147151319,-0.010892681276799543,-0.005222296539541843,-0.3267804383039863,-0.1566688961862553,0.3623956372396956,-1.5305749729955465,-1.7750047367729367
231,2026-05-12 10:11:10.511458,1,7.7,0.6038741717404632,0.13598001037738647,0.08356862447437416,0.16751989021262065,46,0.9072582137739716,-0.010940846654097558,0.003395252520594416,-0.32822539962292674,0.10185757561783249,0.34366681345217553,-0.04334883956821356,7.755794154122634
232,2026-05-12 10:11:10.544952,1,7.733333333333333,0.5949787110639844,0.12846160463199519,0.08356862447437416,0.16751989021262065,46,0.7525636149883907,-0.008895460676478839,-0.007518405745391282,-0.2668638202943652,-0.22555217236173847,0.34941391076945205,1.840847379856847,-9.822292439387128
233,2026-05-12 10:11:10.578461,1,7.766666666666667,0.5854519993779442,0.12693774102309235,0.08356862447437416,0.16751989021262065,46,0.9664344582664469,-0.009526711686040135,-0.0015238636089028312,-0.28580135058120404,-0.04571590826708494,0.28943454573137056,-0.568125908605166,5.395087922839606
234,2026-05-12 10:11:10.611967,1,7.8,0.5782604375276852,0.12048516030664834,0.08356862447437416,0.16751989021262065,46,0.805988649857209,-0.007191561850259043,-0.006452580716444015,-0.21574685550777128,-0.19357742149332044,0.28986017969616623,2.1016348522029826,-4.435845396787065
235,2026-05-12 10:11:10.645462,1,7.833333333333333,0.5685060367089597,0.11678043269145404,0.08356862447437416,0.16751989021262065,46,0.7744523133860561,-0.009754400818725473,-0.003704727615194303,-0.2926320245617642,-0.1111418284558291,0.31302716788103535,-2.306555071619787,2.4730677911247403
236,2026-05-12 10:11:10.678993,1,7.866666666666666,0.5557773272711793,0.11411061940783687,0.08356862447437416,0.16751989021262065,46,0.7304191939444787,-0.012728709437780372,-0.0026698132836171645,-0.38186128313341117,-0.08009439850851494,0.39017067064136945,-2.6768777571494096,0.9314228984194248
237,2026-05-12 10:11:10.712521,1,7.8999999999999995,0.5445879034638489,0.1085374342861924,0.08356862447437416,0.16751989021262065,46,0.978784796464139,-0.011189423807330456,-0.005573185121644467,-0.3356827142199137,-0.167195553649334,0.37501631669322816,1.3853570674049243,-2.613034654224572
238,2026-05-12 10:11:10.746017,1,7.933333333333334,0.538708485908134,0.10803916571968566,0.08356862447437416,0.16751989021262065,46,0.7792519899525896,-0.005879417555714861,-0.0004982685665067405,-0.17638252667144583,-0.014948056995202214,0.17701480198823802,4.779005626454036,4.567424899623954
239,2026-05-12 10:11:10.779510,1,7.966666666666667,0.5277183039302078,0.09982406692927258,0.08356862447437416,0.16751989021262065,46,0.872361530677173,-0.010990181977926228,-0.008215098790413086,-0.32970545933778683,-0.2464529637123926,0.41163667625682104,-4.599687979990231,-6.945147201515711
240,2026-05-12 10:11:10.813018,1,8.0,0.5188243192646862,0.09402516547067077,0.08356862447437416,0.16751989021262065,46,0.7333242754780187,-0.008893984665521604,-0.0057989014586018045,-0.2668195399656481,-0.17396704375805414,0.31852346730091463,1.8865775811641616,2.1745775986301537
241,2026-05-12 10:11:10.846554,1,8.033333333333333,0.5108739208954033,0.09176223016092316,0.08356862447437416,0.16751989021262065,46,0.8146914712619231,-0.007950398369282907,-0.00226293530974761,-0.23851195107848722,-0.0678880592924283,0.2479853612650532,0.8492276666148268,3.182369533968775
242,2026-05-12 10:11:10.880077,1,8.066666666666666,0.5068852235084444,0.08763245920497519,0.08356862447437416,0.16751989021262065,46,0.7364703037062674,-0.003988697386958839,-0.004129770955947978,-0.11966092160876518,-0.12389312867843935,0.1722447197855173,3.565530884091661,-1.6801520815803315
243,2026-05-12 10:11:10.913571,1,8.1,0.49836918785161904,0.08125464084430971,0.08356862447437416,0.16751989021262065,46,0.9853433976406295,-0.008516035656825405,-0.006377818360665477,-0.25548106970476214,-0.1913345508199643,0.3191856627653677,-4.074604442879909,-2.023242664245749
244,2026-05-12 10:11:10.947063,1,8.133333333333333,0.48698116509154826,0.07890978057836442,0.08356862447437416,0.16751989021262065,46,0.8821709147645121,-0.011388022760070782,-0.002344860265945284,-0.34164068280212345,-0.07034580797835852,0.34880781075777134,-2.5847883929208395,3.6296622852481737
245,2026-05-12 10:11:10.980570,1,8.166666666666666,0.48270586631373585,0.07235921365150018,0.08356862447437416,0.16751989021262065,46,0.7317585782895504,-0.0042752987778124085,-0.006550566926864246,-0.12825896333437226,-0.19651700780592737,0.23466848112305747,6.401451584032536,-3.785135994827066
246,2026-05-12 10:11:11.014064,1,8.2,0.4721770887026239,0.07072395613442227,0.08356862447437416,0.16751989021262065,46,0.7716516168021803,-0.010528777611111928,-0.0016352575170779093,-0.31586332833335784,-0.04905772551233728,0.3196502817428298,-5.6281309499695675,4.423778468807703
247,2026-05-12 10:11:11.047572,1,8.233333333333333,0.4679326282000878,0.06933631356846938,0.08356862447437416,0.16751989021262065,46,0.965985805562344,-0.004244460502536129,-0.0013876425659528902,-0.12733381507608388,-0.041629276978586705,0.13396602988664782,5.655885397718219,0.22285345601251727
248,2026-05-12 10:11:11.081067,1,8.266666666666666,0.4596995326789845,0.06357313755237082,0.08356862447437416,0.16751989021262065,46,0.7179909375448623,-0.008233095521103295,-0.005763176016098562,-0.24699286563309886,-0.17289528048295685,0.3014933725423004,-3.5897715167104494,-3.9379801051311043
249,2026-05-12 10:11:11.114799,1,8.3,0.44880968259895054,0.059363717788417675,0.08356862447437416,0.16751989021262065,46,0.7089160314057077,-0.010889850080033958,-0.004209419763953143,-0.32669550240101874,-0.12628259291859428,0.35025311499442435,-2.3910791030375966,1.3983806269308772
250,2026-05-12 10:11:11.149155,1,8.333333333333334,0.44314582146953957,0.05278151331296365,0.08356862447437416,0.16751989021262065,46,0.8704337057327314,-0.005663861129410974,-0.006582204475454025,-0.16991583388232923,-0.19746613426362075,0.26050770580722865,4.703390055560686,-2.1355062403507943
251,2026-05-12 10:11:11.183572,1,8.366666666666667,0.43494989713577764,0.04913019088663833,0.08356862447437416,0.16751989021262065,46,0.7923392832753776,-0.008195924333761928,-0.0036513224263253208,-0.24587773001285784,-0.10953967278975962,0.269174289320439,-2.2788568839158585,2.637793844215834
252,2026-05-12 10:11:11.217379,1,8.4,0.4290915297163725,0.05375288509136621,0.08356862447437416,0.16751989021262065,46,0.7279578200939356,-0.005858367419405153,0.004622694204727884,-0.17575102258215458,0.13868082614183652,0.22387673724184767,2.103801222921098,7.446614967947885
253,2026-05-12 10:11:11.251106,1,8.433333333333334,0.4221061059137851,0.05886315604168466,0.08356862447437416,0.16751989021262065,46,0.8749584469218348,-0.006985423802587376,0.005110270950318449,-0.20956271407762128,0.15330812850955347,0.2596534486554735,-1.014350744864001,0.43881907103150847
254,2026-05-12 10:11:11.284785,1,8.466666666666667,0.4149020884382278,0.0637791405329041,0.08356862447437416,0.16751989021262065,46,0.8269916612657026,-0.007204017475557323,0.004915984491219431,-0.21612052426671968,0.14747953473658296,0.26164535955266005,-0.19673430567295203,-0.17485781318911542
255,2026-05-12 10:11:11.318451,1,8.5,0.4050096092861695,0.0703243975444323,0.08356862447437416,0.16751989021262065,46,0.8183969672697753,-0.009892479152058264,0.006545257011528208,-0.29677437456174793,0.19635771034584623,0.35585303119234474,-2.4196155088508475,1.4663452682778984
256,2026-05-12 10:11:11.352152,1,8.533333333333333,0.39873791838032674,0.06720733039807841,0.08356862447437416,0.16751989021262065,46,0.8404590627253478,-0.006271690905842786,-0.0031170671463538885,-0.18815072717528358,-0.09351201439061665,0.21010757476107064,3.2587094215939305,-8.696091742093886
257,2026-05-12 10:11:11.385846,1,8.566666666666666,0.39042358838681984,0.07397303499091842,0.08356862447437416,0.16751989021262065,46,0.745668621530837,-0.008314329993506897,0.006765704592840011,-0.2494298998052069,0.20297113778520032,0.32157822950357556,-1.8383751788976999,8.89449456527451
258,2026-05-12 10:11:11.419525,1,8.6,0.3829643172983947,0.08244484259124234,0.08356862447437416,0.16751989021262065,46,0.8067156439775999,-0.007459271088425146,0.008471807600323913,-0.22377813265275437,0.25415422800971743,0.3386311035164507,0.7695530145735763,1.5354927067355135
259,2026-05-12 10:11:11.453240,1,8.633333333333333,0.3758923015679801,0.08833490898311078,0.08356862447437416,0.16751989021262065,46,0.8589185280186464,-0.007072015730414605,0.00589006639186844,-0.21216047191243814,0.1767019917560532,0.27610805807267697,0.3485298222094868,-2.323567087609927
260,2026-05-12 10:11:11.486974,1,8.666666666666666,0.36974538686233527,0.09191943541562601,0.08356862447437416,0.16751989021262065,46,0.761173096219464,-0.006146914705644824,0.0035845264325152365,-0.1844074411693447,0.1075357929754571,0.21347142930492058,0.832590922292803,-2.074985963417883
261,2026-05-12 10:11:11.520642,1,8.7,0.35942707622704556,0.09634081743320132,0.08356862447437416,0.16751989021262065,46,0.8940176684068236,-0.010318310635289707,0.004421382017575304,-0.3095493190586912,0.13264146052725911,0.3367707498885612,-3.754256336680395,0.7531700265540606
262,2026-05-12 10:11:11.554308,1,8.733333333333333,0.3566428750424503,0.10073297979940497,0.08356862447437416,0.16751989021262065,46,0.7982338341227064,-0.0027842011845952697,0.004392162366203656,-0.08352603553785809,0.13176487098610967,0.15600826849451813,6.7806985056249935,-0.026297686234483253
263,2026-05-12 10:11:11.588009,1,8.766666666666666,0.3462516738545948,0.10932838153050864,0.08356862447437416,0.16751989021262065,46,0.8304490847648063,-0.01039120118785547,0.008595401731103666,-0.3117360356356641,0.25786205193311,0.4045642022485355,-6.84630000293418,3.78291542841001
264,2026-05-12 10:11:11.624074,1,8.8,0.3371436725472556,0.12182344249398284,0.08356862447437416,0.16751989021262065,46,0.9393299484206381,-0.009108001307339242,0.012495060963474205,-0.27324003922017726,0.3748518289042262,0.46386852950581514,1.1548798924646053,3.5096933091334854
265,2026-05-12 10:11:11.657743,1,8.833333333333334,0.3355612364669715,0.12104734916526831,0.08356862447437416,0.16751989021262065,46,0.9821650247220803,-0.0015824360802840776,-0.0007760933287145333,-0.04747308240852233,-0.023282799861436,0.05287515789814756,6.773008704349648,-11.944038862969865
266,2026-05-12 10:11:11.691271,1,8.866666666666667,0.32774281453275356,0.1279074324761058,0.08356862447437416,0.16751989021262065,46,0.9391887342724209,-0.007818421934217945,0.0068600833108374976,-0.23455265802653835,0.20580249932512493,0.3120410519719838,-5.6123872685404805,6.872558975596828
267,2026-05-12 10:11:11.724778,1,8.9,0.32005472554773784,0.1352897617930811,0.08356862447437416,0.16751989021262065,46,0.9232033202534173,-0.0076880889850157175,0.0073823293169753,-0.23064266955047152,0.221469879509259,0.31975764032656623,0.11729965428200484,0.47002140552402233
268,2026-05-12 10:11:11.758300,1,8.933333333333334,0.3116054274819133,0.14161592780758697,0.08356862447437416,0.16751989021262065,46,0.8453302953360636,-0.008449298065824562,0.006326166014505863,-0.25347894197473686,0.1897849804351759,0.3166542480741607,-0.6850881727279601,-0.9505469722224935
269,2026-05-12 10:11:11.791801,1,8.966666666666667,0.30191690521061604,0.14612849490252985,0.08356862447437416,0.16751989021262065,46,0.9529151955591317,-0.00968852227129724,0.004512567094942882,-0.2906556681389172,0.13537701284828646,0.32063632518634794,-1.1153017849254099,-1.632239027606683
270,2026-05-12 10:11:11.825299,1,9.0,0.29759759051600554,0.15413404686331061,0.08356862447437416,0.16751989021262065,46,0.7307217030378389,-0.004319314694610499,0.00800555196078076,-0.12957944083831496,0.2401665588234228,0.27289339945307395,4.832286819018067,3.1436863792540906
271,2026-05-12 10:11:11.858835,1,9.033333333333333,0.28964894833609517,0.15922697056443263,0.08356862447437416,0.16751989021262065,46,0.9581486534605259,-0.00794864217991037,0.005092923701122021,-0.2384592653973111,0.15278771103366062,0.28320823769221587,-3.2663947367698842,-2.6213654336928656
272,2026-05-12 10:11:11.892353,1,9.066666666666666,0.28010598500070877,0.1682304835432693,0.08356862447437416,0.16751989021262065,46,0.7482560333184289,-0.0095429633353864,0.00900351297883667,-0.286288900061592,0.2701053893651001,0.39359656459698494,-1.4348890399284275,3.5195303499431843
273,2026-05-12 10:11:11.926291,1,9.1,0.27120932899156747,0.1744904953554457,0.08356862447437416,0.16751989021262065,46,0.8837322603448886,-0.008896656009141302,0.0062600118121763915,-0.26689968027423905,0.18780035436529174,0.32635013778183114,0.5816765936205892,-2.4691510499942506
274,2026-05-12 10:11:11.959968,1,9.133333333333333,0.2602971794357456,0.18128435241579435,0.08356862447437416,0.16751989021262065,46,0.8237334729674449,-0.01091214955582187,0.006793857060348657,-0.3273644866746561,0.2038157118104597,0.38562721832952285,-1.8139441920125121,0.480460723355039
275,2026-05-12 10:11:11.993896,1,9.166666666666666,0.2592066121077066,0.18451330685643105,0.08356862447437416,0.16751989021262065,46,0.7268811360029344,-0.0010905673280389716,0.0032289544406367,-0.03271701984116915,0.096868633219101,0.10224448879535841,8.83942400500461,-3.2084123577407615
276,2026-05-12 10:11:12.027433,1,9.2,0.24155882750156876,0.19438215542315798,0.08356862447437416,0.16751989021262065,46,0.7575867557625502,-0.017647784606137862,0.009868848566726929,-0.5294335381841359,0.29606545700180786,0.6065926361108105,-14.901495550289,5.975904713481206
277,2026-05-12 10:11:12.061060,1,9.233333333333333,0.23420410144270662,0.20282320011237703,0.08356862447437416,0.16751989021262065,46,0.9648132825704681,-0.007354726058862143,0.008441044689219052,-0.2206417817658643,0.25323134067657155,0.33587037345033743,9.263752692548147,-1.2850234897570896
278,2026-05-12 10:11:12.094594,1,9.266666666666666,0.22883044945871372,0.20925158913888026,0.08356862447437416,0.16751989021262065,46,0.7832829003918664,-0.005373651983992894,0.006428389026503223,-0.16120955951978683,0.19285167079509669,0.2513568956862414,1.7829666673823241,-1.811390096444246
279,2026-05-12 10:11:12.132571,1,9.3,0.2165187763433854,0.22004910012146459,0.08356862447437416,0.16751989021262065,46,0.9830708518435591,-0.012311673115328325,0.01079751098258433,-0.36935019345984976,0.3239253294775299,0.4912709888503032,-6.244219018201888,3.932209760472996
280,2026-05-12 10:11:12.166929,1,9.333333333333334,0.21200713669814014,0.22500962896208826,0.08356862447437416,0.16751989021262065,46,0.7070724241049878,-0.004511639645245258,0.004960528840623674,-0.13534918935735774,0.1488158652187102,0.20116054484040155,7.020030123074761,-5.25328392776459
281,2026-05-12 10:11:12.201368,1,9.366666666666667,0.20552017042517293,0.2321988810104218,0.08356862447437416,0.16751989021262065,46,0.8604758072417629,-0.006486966272967215,0.007189252048333539,-0.19460898818901645,0.21567756145000616,0.2904986554133666,-1.7777939649497616,2.0058508869388785
282,2026-05-12 10:11:12.235074,1,9.4,0.1944927177080002,0.23711917503949234,0.08356862447437416,0.16751989021262065,46,0.913225101716441,-0.011027452717172731,0.004920294029070543,-0.33082358151518193,0.1476088208721163,0.3622604119770593,-4.086437799784965,-2.042062217336696
283,2026-05-12 10:11:12.268777,1,9.433333333333334,0.18158805525948327,0.24841792873312382,0.08356862447437416,0.16751989021262065,46,0.9866056079589389,-0.01290466244851693,0.01129875369363148,-0.3871398734555079,0.3389626108089444,0.5145609129593527,-1.6894887582097784,5.740613698104843
284,2026-05-12 10:11:12.302481,1,9.466666666666667,0.17309244989253983,0.2573262566632109,0.08356862447437416,0.16751989021262065,46,0.9065051260790951,-0.008495605366943437,0.008908327930087084,-0.2548681610083031,0.26724983790261253,0.36929697447275,3.9681513734161427,-2.1513831871899565
285,2026-05-12 10:11:12.336164,1,9.5,0.16122401456287444,0.2683518438801248,0.08356862447437416,0.16751989021262065,46,0.8503762819667063,-0.011868435329665389,0.011025587216913879,-0.35605305988996166,0.3307676165074164,0.48598456517362965,-3.0355469664497563,1.9055333581441154
286,2026-05-12 10:11:12.369833,1,9.533333333333333,0.15382577916931303,0.27526071804837654,0.08356862447437416,0.16751989021262065,46,0.9865522302043619,-0.007398235393561409,0.006908874168251755,-0.22194706180684226,0.20726622504755265,0.30367710860411096,4.023179942493583,-3.7050417437959116
287,2026-05-12 10:11:12.403504,1,9.566666666666666,0.1453518717422701,0.28143779658146467,0.08356862447437416,0.16751989021262065,46,0.9644265058613049,-0.008473907427042932,0.006177078533088132,-0.25421722281128795,0.18531235599264395,0.3145903139917509,-0.9681048301333706,-0.6586160716472611
288,2026-05-12 10:11:12.437246,1,9.6,0.13548402400774998,0.2936973914299296,0.08356862447437416,0.16751989021262065,46,0.9740025224396848,-0.009867847734520124,0.01225959484846495,-0.29603543203560373,0.3677878454539485,0.4721280295472448,-1.2545462767294735,5.474264683839136
289,2026-05-12 10:11:12.470932,1,9.633333333333333,0.12439009004889626,0.30125610298199074,0.08356862447437416,0.16751989021262065,46,0.8781666392306035,-0.011093933958853719,0.007558711552061115,-0.33281801876561157,0.22676134656183344,0.40272638591182836,-1.1034776019002352,-4.230794966763452
290,2026-05-12 10:11:12.504731,1,9.666666666666666,0.12012023131937986,0.3111813740418577,0.08356862447437416,0.16751989021262065,46,0.8292379537173055,-0.004269858729516393,0.009925271059866958,-0.1280957618854918,0.29775813179600874,0.32414260636897757,6.141667706403593,2.129903557025259
291,2026-05-12 10:11:12.538405,1,9.7,0.10643822767364465,0.3207722188197601,0.08356862447437416,0.16751989021262065,46,0.9055686824922374,-0.013682003645735213,0.009590844777902396,-0.4104601093720564,0.2877253433370719,0.5012617824891066,-8.470930424596938,-0.30098365376810543
292,2026-05-12 10:11:12.572292,1,9.733333333333333,0.09670917826944286,0.3277895213446721,0.08356862447437416,0.16751989021262065,46,0.978445414781336,-0.009729049404201787,0.007017302524912006,-0.2918714821260536,0.21051907574736017,0.3598711482350065,3.557658817380083,-2.316188027691352
293,2026-05-12 10:11:12.606091,1,9.766666666666666,0.09020000358518977,0.33900349660993173,0.08356862447437416,0.16751989021262065,46,0.7905901625145797,-0.006509174684253091,0.011213975265259635,-0.19527524052759274,0.33641925795778904,0.3889862937019486,2.8978872479538267,3.777005466312866
294,2026-05-12 10:11:12.640689,1,9.8,0.07698795639989436,0.351914185301195,0.08356862447437416,0.16751989021262065,46,0.875621929686907,-0.013212047185295409,0.012910688691263272,-0.3963614155588623,0.38732066073789817,0.5541837835756899,-6.032585250938086,1.5270420834032739
295,2026-05-12 10:11:12.674584,1,9.833333333333334,0.07309378378631964,0.3628231335821418,0.08356862447437416,0.16751989021262065,46,0.9793523140400093,-0.00389417261357472,0.010908948280946795,-0.1168251784072416,0.32726844842840386,0.34749497787251354,8.386087114548621,-1.8015663692848294
296,2026-05-12 10:11:12.708193,1,9.866666666666667,0.0604099807961309,0.37435619356180416,0.08356862447437416,0.16751989021262065,46,0.7262130046098344,-0.012683802990188744,0.011533059979662363,-0.38051408970566236,0.3459917993898709,0.5142968964611487,-7.9106673389526225,0.5617005288440113
297,2026-05-12 10:11:12.742052,1,9.9,0.055055505603720335,0.38149649352518344,0.08356862447437416,0.16751989021262065,46,0.7877913901858636,-0.005354475192410564,0.007140299963379282,-0.16063425577231694,0.21420899890137846,0.2677477531891853,6.596395018000363,-3.9534840146547734
298,2026-05-12 10:11:12.775992,1,9.933333333333334,0.04916719044030677,0.39219652940546806,0.08356862447437416,0.16751989021262065,46,0.9127468980688653,-0.0058883151634135655,0.01070003588028462,-0.17664945490240697,0.3210010764085386,0.3663969445461547,-0.4804559739027009,3.203762325214804
299,2026-05-12 10:11:12.809668,1,9.966666666666667,0.060553102828193935,0.400713827246529,0.08356862447437416,0.16751989021262065,46,0.763425875266293,0.011385912387887165,0.008517297841060922,0.34157737163661495,0.25551893523182767,0.4265735892858173,15.54680479617066,-1.9644642353013275
300,2026-05-12 10:11:12.843190,1,10.0,0.06629430309445651,0.41083939601369873,0.08356862447437416,0.16751989021262065,46,0.7588410716658553,0.005741200266262576,0.010125568767169746,0.1722360079878773,0.3037670630150924,0.3491986125694305,-5.0802409094621295,1.4474438334979411
301,2026-05-12 10:11:12.876692,1,10.033333333333333,0.07512509657204797,0.419315192308822,0.08356862447437416,0.16751989021262065,46,0.7803829912668042,0.008830793477591456,0.008475796295123295,0.2649238043277437,0.25427388885369884,0.3672054365777661,2.780633890195992,-1.4847952248418061
302,2026-05-12 10:11:12.910375,1,10.066666666666666,0.08551474265531256,0.4304933560158517,0.08356862447437416,0.16751989021262065,46,0.8767714287269806,0.010389646083264592,0.011178163707029676,0.31168938249793776,0.3353449112108903,0.45782800333420587,1.4029673451058218,2.4321306707157433
303,2026-05-12 10:11:12.944075,1,10.1,0.09219506571915635,0.4382061488101462,0.08356862447437416,0.16751989021262065,46,0.9704040229209637,0.006680323063843793,0.007712792794294487,0.2004096919153138,0.23138378382883462,0.3061086408981946,-3.338390717478719,-3.1188338214616698
304,2026-05-12 10:11:12.977754,1,10.133333333333333,0.09731090308267135,0.4486416434055699,0.08356862447437416,0.16751989021262065,46,0.8524442350183974,0.005115837363514994,0.0104354945954237,0.15347512090544982,0.313064837862711,0.3486605877396354,-1.4080371302959194,2.4504316210162913
305,2026-05-12 10:11:13.011436,1,10.166666666666666,0.10927197752438231,0.4600204585189098,0.08356862447437416,0.16751989021262065,46,0.7262488246984289,0.011961074441710962,0.011378815113339935,0.35883223325132885,0.34136445340019805,0.49526786859774385,6.160713370376371,0.8489884661246117
306,2026-05-12 10:11:13.045105,1,10.2,0.10987769643699791,0.46335850116412564,0.08356862447437416,0.16751989021262065,46,0.9342849876783864,0.0006057189126155993,0.0033380426452158107,0.01817156737846798,0.10014127935647432,0.1017766264529417,-10.219819976185827,-7.236695221311712
307,2026-05-12 10:11:13.078798,1,10.233333333333333,0.1233517290504795,0.48053998574761864,0.08356862447437416,0.16751989021262065,46,0.8411689841717922,0.013474032613481596,0.017181484583493,0.4042209784044479,0.51544453750479,0.6550402053506151,11.581482330779396,12.45909774444947
308,2026-05-12 10:11:13.112479,1,10.266666666666666,0.1316229607248554,0.4918812445163994,0.08356862447437416,0.16751989021262065,46,0.9174533229277628,0.008271231674375906,0.011341258768780782,0.2481369502312772,0.34023776306342346,0.42111005863607864,-4.68252084519512,-5.256203233240997
309,2026-05-12 10:11:13.146164,1,10.3,0.1369043667609169,0.49899665023850603,0.08356862447437416,0.16751989021262065,46,0.7749287413708057,0.005281406036061503,0.007115405722106616,0.1584421810818451,0.21346217166319847,0.2658383408711787,-2.6908430744829626,-3.8032677420067498
310,2026-05-12 10:11:13.179845,1,10.333333333333334,0.14137540983265026,0.5110000134728128,0.08356862447437416,0.16751989021262065,46,0.7172257255119596,0.004471043071733349,0.01200336323430673,0.13413129215200048,0.3601008970292019,0.3842705551764293,-0.7293266678953386,4.399161760980102
311,2026-05-12 10:11:13.213422,1,10.366666666666667,0.1503654006225028,0.5223915958458105,0.08356862447437416,0.16751989021262065,46,0.9880172562257508,0.008989990789852548,0.011391582372997755,0.26969972369557643,0.34174747118993265,0.4353496009257205,4.067052946307278,-0.5506027751780773
312,2026-05-12 10:11:13.246921,1,10.4,0.15411020194294617,0.5343355626303786,0.08356862447437416,0.16751989021262065,46,0.8932252095496841,0.0037448013204433583,0.011943966784568105,0.11234403961330075,0.35831900353704316,0.37551789775244326,-4.720670522468271,0.4971459704133152
313,2026-05-12 10:11:13.281669,1,10.433333333333334,0.16172115011827576,0.5439298229013659,0.08356862447437416,0.16751989021262065,46,0.7898050726055915,0.0076109481753295904,0.00959426027098731,0.2283284452598877,0.2878278081296193,0.3673945100943922,3.479532169397609,-2.1147358622227164
314,2026-05-12 10:11:13.316183,1,10.466666666666667,0.16935485273873668,0.5497802291650659,0.08356862447437416,0.16751989021262065,46,0.9596365597921792,0.007633702620460925,0.0058504062636999254,0.22901107861382775,0.17551218791099776,0.2885318045435792,0.02047900061820096,-3.3694686065586454
315,2026-05-12 10:11:13.350036,1,10.5,0.17886966776011587,0.5729583284530133,0.08356862447437416,0.16751989021262065,46,0.7633810862543806,0.009514815021379186,0.02317809928794745,0.2854444506413756,0.6953429786384235,0.7516517759865348,1.693001160826435,15.594923721822774
316,2026-05-12 10:11:13.383717,1,10.533333333333333,0.18097218641804444,0.5787158773247394,0.08356862447437416,0.16751989021262065,46,0.849223254009284,0.0021025186579285704,0.005757548871726081,0.06307555973785711,0.17272646615178244,0.18388300178517542,-6.671066727105554,-15.678495374599233
317,2026-05-12 10:11:13.417411,1,10.566666666666666,0.187752189425743,0.5871946293307883,0.08356862447437416,0.16751989021262065,46,0.9127196970327229,0.006780003007698571,0.008478752006048862,0.20340009023095712,0.25436256018146586,0.3256868261505696,4.209735914793001,2.4490828208905024
318,2026-05-12 10:11:13.451086,1,10.6,0.19838843922409902,0.6024538790782988,0.08356862447437416,0.16751989021262065,46,0.8286386108646115,0.010636249798356007,0.015259249747510584,0.3190874939506802,0.4577774924253175,0.5580117036110774,3.4706221115916924,6.10244796731555
319,2026-05-12 10:11:13.484787,1,10.633333333333333,0.19844583524767156,0.6127666619137815,0.08356862447437416,0.16751989021262065,46,0.9435002060397624,5.7396023572547916e-05,0.010312782835482648,0.0017218807071764375,0.30938348506447944,0.30938827661017265,-9.520968397305113,-4.451820220825143
320,2026-05-12 10:11:13.518488,1,10.666666666666666,0.20547661779793708,0.6252986644088556,0.08356862447437416,0.16751989021262065,46,0.9855244296034877,0.007030782550265513,0.012532002495074135,0.2109234765079654,0.37596007485222405,0.4310854797196214,6.276047874023669,1.9972976936323383
321,2026-05-12 10:11:13.552180,1,10.7,0.21276290933050213,0.6350378639459023,0.08356862447437416,0.16751989021262065,46,0.8705303180912,0.007286291532565048,0.009739199537046717,0.21858874597695144,0.2921759861114015,0.36489429528007983,0.2299580840695814,-2.5135226622246765
322,2026-05-12 10:11:13.585868,1,10.733333333333333,0.2151501112699074,0.653023886647038,0.08356862447437416,0.16751989021262065,46,0.7935971808567788,0.0023872019394052812,0.017986022701135695,0.07161605818215844,0.5395806810340709,0.5443125674966012,-4.40918063384379,7.422140847680081
323,2026-05-12 10:11:13.619574,1,10.766666666666666,0.22408125387238964,0.6619000973464017,0.08356862447437416,0.16751989021262065,46,0.98319888814439,0.008931142602482234,0.008876210699363618,0.267934278074467,0.26628632098090854,0.3777528055605057,5.889546596769257,-8.19883080159487
324,2026-05-12 10:11:13.653434,1,10.8,0.22634747328629537,0.675771690551371,0.08356862447437416,0.16751989021262065,46,0.7696289783594461,0.002266219413905729,0.013871593204969335,0.06798658241717187,0.41614779614908004,0.4216647526513251,-5.998430869718854,4.495844255045145
325,2026-05-12 10:11:13.687289,1,10.833333333333334,0.23197301201669163,0.6887556129317404,0.08356862447437416,0.16751989021262065,46,0.7381372763303439,0.005625538730396257,0.012983922380369384,0.1687661619118877,0.3895176714110815,0.42450681236934323,3.023387384841475,-0.7989037421399559
326,2026-05-12 10:11:13.721016,1,10.866666666666667,0.23956933060809182,0.70477989811615,0.08356862447437416,0.16751989021262065,46,0.9401863176444909,0.007596318591400197,0.01602428518440968,0.22788955774200592,0.48072855553229044,0.5320090174348641,1.7737018749035467,2.7363265236362677
327,2026-05-12 10:11:13.756708,1,10.9,0.24346744281668073,0.7130558503325074,0.08356862447437416,0.16751989021262065,46,0.8070905886630982,0.0038981122085889053,0.008275952216357352,0.11694336625766716,0.24827856649072055,0.2744412459714502,-3.328385744530163,-6.9734996712470965
328,2026-05-12 10:11:13.790462,1,10.933333333333334,0.25143555206479784,0.7275915885698444,0.08356862447437416,0.16751989021262065,46,0.9561852406496978,0.007968109248117111,0.014535738237337004,0.23904327744351334,0.4360721471201101,0.4972932796498254,3.6629973355753855,5.633807418881687
329,2026-05-12 10:11:13.824133,1,10.966666666666667,0.2561171733651684,0.7391003794753136,0.08356862447437416,0.16751989021262065,46,0.7203878705601396,0.0046816213003705864,0.01150879090546919,0.1404486390111176,0.3452637271640757,0.3727369870234299,-2.9578391529718724,-2.7242525986810318
330,2026-05-12 10:11:13.857795,1,11.0,0.26152723777290326,0.7501728006822602,0.08356862447437416,0.16751989021262065,46,0.7870749987130816,0.005410064407734838,0.011072421206946625,0.16230193223204514,0.33217263620839876,0.3697033641338588,0.6555987966278265,-0.3927327286703086
331,2026-05-12 10:11:13.891481,1,11.033333333333333,0.2651801812808164,0.7662650570159975,0.08356862447437416,0.16751989021262065,46,0.7634838021507309,0.00365294350791312,0.01609225633373723,0.1095883052373936,0.48276769001211695,0.4950497340312785,-1.5814088098395462,4.517851614111546
332,2026-05-12 10:11:13.929552,1,11.066666666666666,0.27339107590487105,0.7795248539426487,0.08356862447437416,0.16751989021262065,46,0.9626935321160877,0.008210894624054665,0.013259796926651246,0.24632683872163996,0.3977939077995374,0.4678855678015979,4.102156004527391,-2.549213466377387
333,2026-05-12 10:11:13.975965,1,11.1,0.2795115780800262,0.7958444697693496,0.08356862447437416,0.16751989021262065,46,0.7622554292072625,0.00612050217515514,0.01631961582670094,0.1836150652546542,0.4895884748010282,0.5228875279125215,-1.8813532040095726,2.753837010044724
334,2026-05-12 10:11:14.009712,1,11.133333333333333,0.28919801903818526,0.8042049940997027,0.08356862447437416,0.16751989021262065,46,0.9716417039020875,0.00968644095815907,0.008360524330353059,0.2905932287447721,0.25081572991059176,0.3838658033257122,3.209344904703537,-7.163182346713093
335,2026-05-12 10:11:14.043401,1,11.166666666666666,0.2920558116406206,0.8172399116500041,0.08356862447437416,0.16751989021262065,46,0.9200411890632465,0.0028577926024353495,0.013034917550301395,0.08573377807306048,0.39104752650904184,0.4003354202309865,-6.145783520151349,4.206953897953503
336,2026-05-12 10:11:14.077164,1,11.2,0.29954499495156445,0.8361584996321375,0.08356862447437416,0.16751989021262065,46,0.8160370196435209,0.007489183310943837,0.018918587982133417,0.2246754993283151,0.5675576394640025,0.6104103161909851,4.168251637657638,5.29530338864882
337,2026-05-12 10:11:14.110847,1,11.233333333333333,0.30775650820258266,0.8443264902331142,0.08356862447437416,0.16751989021262065,46,0.7693966329887615,0.00821151325101821,0.008167990600976727,0.2463453975305463,0.2450397180293018,0.3474629739934352,0.6500969460669359,-9.675537643041022
338,2026-05-12 10:11:14.144581,1,11.266666666666666,0.3126759458800053,0.8625554844030201,0.08356862447437416,0.16751989021262065,46,0.7244240714088628,0.0049194376774226445,0.018228994169905866,0.14758313032267933,0.546869825097176,0.5664339202039871,-2.962868016236009,9.054903212036225
339,2026-05-12 10:11:14.178268,1,11.3,0.32277513618733844,0.873079618463387,0.08356862447437416,0.16751989021262065,46,0.7442809674423264,0.010099190307333139,0.010524134060366896,0.30297570921999417,0.3157240218110069,0.4375796365530229,4.661777366919445,-6.934374098585073
340,2026-05-12 10:11:14.211955,1,11.333333333333334,0.32758718297442047,0.8949274688675066,0.08356862447437416,0.16751989021262065,46,0.8435018689475695,0.004812046787082025,0.02184785040411963,0.14436140361246075,0.6554355121235889,0.671145234212142,-4.7584291682260025,10.191344709377459
341,2026-05-12 10:11:14.246028,1,11.366666666666667,0.33831842870495105,0.9016196491993113,0.08356862447437416,0.16751989021262065,46,0.7728692297111966,0.01073124573053058,0.006692180331804631,0.3219373719159174,0.20076540995413894,0.3794079878839944,5.3272790491037005,-13.640103065083498
342,2026-05-12 10:11:14.279876,1,11.4,0.3427990844752527,0.9128616570619035,0.08356862447437416,0.16751989021262065,46,0.8963877969703598,0.004480655770301656,0.011242007862592218,0.13441967310904968,0.33726023587776655,0.36306075968502916,-5.625530964206033,4.094844777708828
343,2026-05-12 10:11:14.313647,1,11.433333333333334,0.3488441411333147,0.9319011390508569,0.08356862447437416,0.16751989021262065,46,0.9763525442553616,0.006045056658061987,0.019039481988953444,0.1813516997418596,0.5711844596686033,0.5992830099094884,1.407960798984298,7.017726713725104
344,2026-05-12 10:11:14.347354,1,11.466666666666667,0.3561019651561357,0.9467358170508494,0.08356862447437416,0.16751989021262065,46,0.8585020103588463,0.007257824022820991,0.014834677999992496,0.21773472068462973,0.4450403399997749,0.49544859755450815,1.0914906282831038,-3.784323590064853
345,2026-05-12 10:11:14.388206,1,11.5,0.36405899128576774,0.9482929793081418,0.08356862447437416,0.16751989021262065,46,0.8649178661154558,0.007957026129632061,0.0015571622572924104,0.23871078388896183,0.04671486771877231,0.24323880695905625,0.6292818961299629,-11.949764168430077
346,2026-05-12 10:11:14.428129,1,11.533333333333333,0.3715133317494965,0.939409659260412,0.08356862447437416,0.16751989021262065,46,0.9497499571031749,0.007454340463728781,-0.008883320047729848,0.22363021391186344,-0.26649960143189544,0.34789726951734606,-0.4524170993129517,-9.396434074520032
347,2026-05-12 10:11:14.461841,1,11.566666666666666,0.3760894921704186,0.9222131504613673,0.08356862447437416,0.16751989021262065,46,0.8362493276829615,0.004576160420922071,-0.017196508799044663,0.13728481262766212,-0.5158952639713399,0.5338492700812382,-2.5903620385260395,-7.4818698761833335
348,2026-05-12 10:11:14.495528,1,11.6,0.38803492778111653,0.9119258824990671,0.08356862447437416,0.16751989021262065,46,0.7657311733532416,0.011945435610697941,-0.010287267962300173,0.3583630683209382,-0.3086180388690052,0.47293676390374667,6.632347670798283,6.218316753070042
349,2026-05-12 10:11:14.529057,1,11.633333333333333,0.3904409233347331,0.8945223776395715,0.08356862447437416,0.16751989021262065,46,0.965339928928042,0.002405995553616591,-0.0174035048594956,0.07217986660849773,-0.522105145784868,0.527070883656704,-8.585496051373214,-6.404613207475885
350,2026-05-12 10:11:14.562602,1,11.666666666666666,0.3990551962094025,0.8749938622760294,0.08356862447437416,0.16751989021262065,46,0.9418988938675316,0.00861427287466937,-0.019528515363542165,0.2584281862400811,-0.585855460906265,0.6403215977280714,5.587449588947502,-1.9125094536419085
351,2026-05-12 10:11:14.596104,1,11.7,0.4095411701147755,0.8615938828027383,0.08356862447437416,0.16751989021262065,46,0.7054233152583058,0.01048597390537298,-0.01339997947329108,0.3145792171611894,-0.4019993841987324,0.5104542964516087,1.6845309276332487,5.5156823012259775
352,2026-05-12 10:11:14.629599,1,11.733333333333333,0.4131663404793492,0.8443373545601291,0.08356862447437416,0.16751989021262065,46,0.9365110361074975,0.0036251703645737154,-0.017256528242609148,0.10875511093721146,-0.5176958472782744,0.5289959021052391,-6.174723186719339,-3.470893892386262
353,2026-05-12 10:11:14.663094,1,11.766666666666666,0.4231657335532329,0.8332230436892486,0.08356862447437416,0.16751989021262065,46,0.856278497847461,0.0099993930738837,-0.01111431087088055,0.299981792216511,-0.3334293261264165,0.44851331215756146,5.736800438378986,5.527995634555738
354,2026-05-12 10:11:14.702688,1,11.8,0.4271606191042292,0.8129389752772683,0.08356862447437416,0.16751989021262065,46,0.9733814473869765,0.003994885550996308,-0.02028406841198027,0.11984656652988923,-0.6085220523594081,0.6202114862824691,-5.404056770598653,-8.252781786989749
355,2026-05-12 10:11:14.736522,1,11.833333333333334,0.4329635283695738,0.7964607302852474,0.08356862447437416,0.16751989021262065,46,0.911102655994362,0.005802909265344602,-0.016478244992020885,0.17408727796033807,-0.49434734976062655,0.5241046484844369,1.6272213429134652,3.425241077963448
356,2026-05-12 10:11:14.770247,1,11.866666666666667,0.44404019195991173,0.7828455724580602,0.08356862447437416,0.16751989021262065,46,0.7119412721931795,0.011076663590337932,-0.013615157827187252,0.33229990771013795,-0.40845473481561756,0.5265534151987458,4.746378892493997,2.57677844835027
357,2026-05-12 10:11:14.803934,1,11.9,0.44799924981366396,0.7625395651214952,0.08356862447437416,0.16751989021262065,46,0.8557312550506739,0.003959057853752224,-0.020306007336564957,0.11877173561256671,-0.6091802200969487,0.6206506793179142,-6.405845162927138,-6.021764558439935
358,2026-05-12 10:11:14.839572,1,11.933333333333334,0.4546263605393005,0.7468738195080239,0.08356862447437416,0.16751989021262065,46,0.7156768717756818,0.0066271107256365425,-0.015665745613471338,0.19881332176909627,-0.46997236840414014,0.5102947814511324,2.401247584695887,4.1762355507842575
359,2026-05-12 10:11:14.873296,1,11.966666666666667,0.461453467676441,0.7268809140682687,0.08356862447437416,0.16751989021262065,46,0.8157220986925825,0.00682710713714052,-0.019992905439755182,0.2048132141142156,-0.5997871631926555,0.6337926268161288,0.17999677035357986,-3.8944438436554596
360,2026-05-12 10:11:14.907080,1,12.0,0.471525034280644,0.7142931899857474,0.08356862447437416,0.16751989021262065,46,0.7396531569812432,0.010071566604202997,-0.01258772408252129,0.3021469981260899,-0.3776317224756387,0.4836305679922695,2.9200135203562296,6.664663221510503
361,2026-05-12 10:11:14.940815,1,12.033333333333333,0.4748746090589657,0.6983908164362805,0.08356862447437416,0.16751989021262065,46,0.8367860194854662,0.0033495747783217067,-0.015902373549466886,0.1004872433496512,-0.4770712064840066,0.4875393544444568,-6.049792643293162,-2.9831845202510365
362,2026-05-12 10:11:14.974540,1,12.066666666666666,0.4816129105291777,0.683150870604397,0.08356862447437416,0.16751989021262065,46,0.8463624440761904,0.0067383014702119826,-0.015239945831883484,0.20214904410635948,-0.4571983749565045,0.4998945789823924,3.0498540227012483,0.5961849458250623
363,2026-05-12 10:11:15.008281,1,12.1,0.4898334902381418,0.669333333422276,0.08356862447437416,0.16751989021262065,46,0.9167075753085654,0.008220579708964115,-0.013817537182121087,0.24661739126892346,-0.4145261154636326,0.4823401684264521,1.3340504148769194,1.280167784786157
364,2026-05-12 10:11:15.041985,1,12.133333333333333,0.49565309714908473,0.6503893402753781,0.08356862447437416,0.16751989021262065,46,0.8104463759101422,0.005819606910942909,-0.018943993146897875,0.17458820732828728,-0.5683197944069363,0.5945321108677372,-2.1608755182190853,-4.613810368299109
365,2026-05-12 10:11:15.075645,1,12.166666666666666,0.5019682754875006,0.6368795489137886,0.08356862447437416,0.16751989021262065,46,0.8199699935417804,0.006315178338415828,-0.013509791361589474,0.18945535015247483,-0.4052937408476842,0.44738836157381956,0.44601428472562654,4.890781606777561
366,2026-05-12 10:11:15.109328,1,12.2,0.5143059105831185,0.6211783832234249,0.08356862447437416,0.16751989021262065,46,0.7316155271245358,0.012337635095617916,-0.015701165690363728,0.3701290528685375,-0.4710349707109118,0.5990571420240227,5.420211081481879,-1.9722368958968284
367,2026-05-12 10:11:15.142982,1,12.233333333333333,0.5159335771446906,0.604543849494158,0.08356862447437416,0.16751989021262065,46,0.9583329193667107,0.0016276665615720942,-0.01663453372926693,0.048829996847162827,-0.49903601187800795,0.5014192953439279,-9.638971680641239,-0.8400312350128836
368,2026-05-12 10:11:15.176678,1,12.266666666666666,0.5227506572949537,0.5911567627315293,0.08356862447437416,0.16751989021262065,46,0.7827564835659591,0.006817080150263166,-0.013387086762628675,0.20451240450789498,-0.40161260287886025,0.450686150651131,4.670472229821965,2.922702269974431
369,2026-05-12 10:11:15.210902,1,12.3,0.526386777718709,0.5684848690391657,0.08356862447437416,0.16751989021262065,46,0.7331237981152908,0.0036361204237552736,-0.022671893692363554,0.1090836127126582,-0.6801568107709066,0.6888486929656585,-2.8628637538571033,-8.356326236761392
370,2026-05-12 10:11:15.244670,1,12.333333333333334,0.5322372566437281,0.5567550699109773,0.08356862447437416,0.16751989021262065,46,0.9871177585853848,0.005850478925019109,-0.01172979912818839,0.17551436775057327,-0.3518939738456517,0.39323614039882915,1.992922651137452,9.847885107757648
371,2026-05-12 10:11:15.278365,1,12.366666666666667,0.5403760660440862,0.5427333620890226,0.08356862447437416,0.16751989021262065,46,0.8026665264225191,0.008138809400358049,-0.014021707821954776,0.24416428201074147,-0.4206512346586433,0.4863781017168247,2.059497427805046,-2.062717824389748
372,2026-05-12 10:11:15.312243,1,12.4,0.5447552363102264,0.5256342497413233,0.08356862447437416,0.16751989021262065,46,0.9661615120332597,0.004379170266140209,-0.01709911234769923,0.13137510798420626,-0.5129733704309769,0.5295291283481751,-3.3836752207960563,-2.7696640731700084
373,2026-05-12 10:11:15.345939,1,12.433333333333334,0.5549541374103225,0.5124498086196857,0.08356862447437416,0.16751989021262065,46,0.9764495035869353,0.010198901100096136,-0.013184441121637636,0.3059670330028841,-0.39553323364912907,0.5000623603167154,5.237757750560335,3.523204103455435
374,2026-05-12 10:11:15.379621,1,12.466666666666667,0.5606112856054593,0.49684408457489637,0.08356862447437416,0.16751989021262065,46,0.8690404303807617,0.005657148195136741,-0.015605724044789326,0.16971444585410222,-0.4681717213436798,0.49798368828453526,-4.087577614463456,-2.1791546308365217
375,2026-05-12 10:11:15.413324,1,12.5,0.565755090449673,0.4835510674823793,0.08356862447437416,0.16751989021262065,46,0.8958510121699907,0.0051438048442137285,-0.013293017092517068,0.15431414532641186,-0.39879051277551203,0.42760580974488266,-0.4620090158307111,2.081436257045033
376,2026-05-12 10:11:15.447014,1,12.533333333333333,0.5720177919515717,0.4620536771765736,0.08356862447437416,0.16751989021262065,46,0.8562458084400046,0.006262701501898671,-0.02149739030580572,0.18788104505696013,-0.6449217091741716,0.67173156696394,1.0070069919164482,-7.383935891959786
377,2026-05-12 10:11:15.480698,1,12.566666666666666,0.5823058802394567,0.45381227891924597,0.08356862447437416,0.16751989021262065,46,0.8230208853868255,0.010288088287885078,-0.008241398257327615,0.30864264863655233,-0.24724194771982844,0.3954603207272263,3.622848107387766,11.930392843630294
378,2026-05-12 10:11:15.514321,1,12.6,0.5897386615042336,0.4387166084483049,0.08356862447437416,0.16751989021262065,46,0.8865607170056893,0.0074327812647768665,-0.01509567047094107,0.222983437943306,-0.4528701141282321,0.504790009674849,-2.56977632079739,-6.16884499225211
379,2026-05-12 10:11:15.548232,1,12.633333333333333,0.5930745094354682,0.42330468855243497,0.08356862447437416,0.16751989021262065,46,0.8944656628556272,0.003335847931234648,-0.01541191989586993,0.10007543793703944,-0.4623575968760979,0.4730640978422802,-3.687240000187997,-0.2846244824359745
380,2026-05-12 10:11:15.594175,1,12.666666666666666,0.6009481542304165,0.40895291134275136,0.08356862447437416,0.16751989021262065,46,0.9660890169192948,0.007873644794948231,-0.014351777209683614,0.23620934384844694,-0.4305533162905084,0.4910916536554744,4.084017177342226,0.9541284175676845
381,2026-05-12 10:11:15.628001,1,12.7,0.6108565579095758,0.3958147295290113,0.08356862447437416,0.16751989021262065,46,0.836141036962234,0.00990840367915935,-0.013138181813740046,0.2972521103747805,-0.3941454544122014,0.4936693796014306,1.8312829957900068,1.0922358563492107
382,2026-05-12 10:11:15.661523,1,12.733333333333333,0.615300822083317,0.3801326420557631,0.08356862447437416,0.16751989021262065,46,0.9776095762062968,0.004444264173741219,-0.01568208747324823,0.13332792521223658,-0.4704626241974469,0.48899020072814126,-4.917725554876318,-2.289515093557365
383,2026-05-12 10:11:15.695022,1,12.766666666666666,0.6216193685410618,0.3599422420208198,0.08356862447437416,0.16751989021262065,46,0.8028904369990311,0.006318546457744767,-0.020190400034943268,0.189556393732343,-0.605712001048298,0.6346799623579938,1.686854055603193,-4.057481305525535
384,2026-05-12 10:11:15.728515,1,12.8,0.6292790678271121,0.351994639014589,0.08356862447437416,0.16751989021262065,46,0.7522872128270414,0.007659699286050259,-0.007947603006230819,0.22979097858150777,-0.23842809018692457,0.3311372042335793,1.2070375454749427,11.018517325841204
385,2026-05-12 10:11:15.762026,1,12.833333333333334,0.6393726857895603,0.33257850598903704,0.08356862447437416,0.16751989021262065,46,0.8554651489616081,0.010093617962448231,-0.01941613302555195,0.30280853887344694,-0.5824839907665585,0.6564911352897372,2.1905268087581753,-10.32167701738902
386,2026-05-12 10:11:15.795597,1,12.866666666666667,0.6404489180064521,0.31258256900662523,0.08356862447437416,0.16751989021262065,46,0.7784348337882079,0.0010762322168917926,-0.01999593698241181,0.03228696650675378,-0.5998781094723543,0.6007463644753368,-8.115647171000795,-0.5218235611738731
387,2026-05-12 10:11:15.829109,1,12.9,0.6500429535245212,0.29718954230978645,0.08356862447437416,0.16751989021262065,46,0.8061135463068708,0.009594035518069144,-0.015393026696838785,0.2878210655420743,-0.46179080090516356,0.5441430965935408,7.666022971059617,4.142619257015723
388,2026-05-12 10:11:15.862617,1,12.933333333333334,0.6564872823298763,0.2836011380352934,0.08356862447437416,0.16751989021262065,46,0.8459912841897007,0.00644432880535506,-0.013588404274493038,0.1933298641606518,-0.40765212823479113,0.45117257677160594,-2.834736041442676,1.6241601801111727
389,2026-05-12 10:11:15.896139,1,12.966666666666667,0.6623884857896037,0.2661473479902509,0.08356862447437416,0.16751989021262065,46,0.9724396533567058,0.005901203459727444,-0.017453790045042494,0.17703610379182333,-0.5236137013512748,0.5527323857786617,-0.48881281106485375,-3.478847193494511
390,2026-05-12 10:11:15.929653,1,13.0,0.6746338308246768,0.25180123516191416,0.08356862447437416,0.16751989021262065,46,0.8741213701931899,0.012245345035073019,-0.014346112828336754,0.36736035105219056,-0.43038338485010263,0.5658475814918893,5.709727417811017,2.796909495035166
391,2026-05-12 10:11:15.963196,1,13.033333333333333,0.6792187151710717,0.23340193616425492,0.08356862447437416,0.16751989021262065,46,0.7623181914309194,0.004584884346394924,-0.01839929899765924,0.13754653039184772,-0.5519789699297772,0.5688583578251913,-6.894414619810285,-3.647867552390238
392,2026-05-12 10:11:15.996707,1,13.066666666666666,0.6835435270759581,0.21992374156207453,0.08356862447437416,0.16751989021262065,46,0.8199482908098901,0.0043248119048864275,-0.013478194602180388,0.12974435714659283,-0.40434583806541163,0.4246518043906122,-0.23406519735764686,4.428993955930968
393,2026-05-12 10:11:16.030233,1,13.1,0.6923990708963405,0.20700932878487632,0.08356862447437416,0.16751989021262065,46,0.7301317720651808,0.008855543820382339,-0.012914412777198209,0.26566631461147017,-0.38743238331594626,0.46976849868963644,4.07765872394632,0.5074036424839612
394,2026-05-12 10:11:16.063728,1,13.133333333333333,0.6977155729388516,0.18408484725908572,0.08356862447437416,0.16751989021262065,46,0.8600606790825627,0.0053165020425111065,-0.022924481525790602,0.1594950612753332,-0.6877344457737181,0.7059867863316603,-3.185137600084109,-9.009061873733156
395,2026-05-12 10:11:16.097222,1,13.166666666666666,0.7028864883576986,0.17221354366009342,0.08356862447437416,0.16751989021262065,46,0.7968635054118474,0.005170915418847066,-0.0118713035989923,0.155127462565412,-0.356139107969769,0.3884579692418294,-0.13102796129763616,9.947860134118473
396,2026-05-12 10:11:16.130714,1,13.2,0.7102626637186932,0.15740850778658047,0.08356862447437416,0.16751989021262065,46,0.8739624719008201,0.007376175360994552,-0.01480503587351295,0.22128526082983657,-0.4441510762053885,0.4962230800304775,1.9847339479327375,-2.6403590470685856
397,2026-05-12 10:11:16.164234,1,13.233333333333333,0.7168236032095988,0.13777940189425544,0.08356862447437416,0.16751989021262065,46,0.8243158701039718,0.006560939490905637,-0.019629105892325027,0.19682818472716912,-0.5888731767697508,0.6208968937125477,-0.7337122830800236,-4.341663016930869
398,2026-05-12 10:11:16.197732,1,13.266666666666666,0.724607072785494,0.12276831727844599,0.08356862447437416,0.16751989021262065,46,0.8568197443459956,0.007783469575895152,-0.015011084615809453,0.23350408727685457,-0.4503325384742836,0.5072706910355546,1.1002770764905634,4.156219148864016
399,2026-05-12 10:11:16.231663,1,13.299999999999999,0.7357724670028374,0.10742263105016656,0.08356862447437416,0.16751989021262065,46,0.7378588743715365,0.011165394217343416,-0.015345686228279434,0.3349618265203025,-0.46037058684838306,0.5693333842845876,3.0437321773034376,-0.3011414512229832
400,2026-05-12 10:11:16.270648,1,13.333333333333334,0.7420057447083753,0.08869997140475817,0.08356862447437416,0.16751989021262065,46,0.7207489471854314,0.006233277705537943,-0.018722659645408382,0.1869983311661383,-0.5616797893622515,0.591990339141564,-4.438904860624926,-3.039276075416053
401,2026-05-12 10:11:16.304403,1,13.366666666666667,0.7479965591351019,0.07423644383916216,0.08356862447437416,0.16751989021262065,46,0.8136001051674667,0.005990814426726554,-0.014463527565596018,0.17972443280179662,-0.43390582696788055,0.4696542754224726,-0.21821695093025006,3.833218871831128
402,2026-05-12 10:11:16.338079,1,13.4,0.756807228565739,0.056830010145443914,0.08356862447437416,0.16751989021262065,46,0.9677379865323248,0.00881066943063713,-0.01740643369371824,0.2643200829191139,-0.5221930108115472,0.5852782643963433,2.5378695035195187,-2.6486155153100004
403,2026-05-12 10:11:16.374191,1,13.433333333333334,0.7676502130696069,0.05398359545721528,0.08356862447437416,0.16751989021262065,46,0.9370722838054383,0.010842984503867892,-0.0028464146882286323,0.32528953511603675,-0.08539244064685897,0.3363110919604565,1.8290835659076854,13.104017104940649
404,2026-05-12 10:11:16.407969,1,13.466666666666667,0.7750823870082237,0.06778990085398857,0.08356862447437416,0.16751989021262065,46,0.8316197851138801,0.007432173938616837,0.013806305396773293,0.22296521815850512,0.41418916190319877,0.4703893603670729,-3.069729508725949,14.987448076501732
405,2026-05-12 10:11:16.441662,1,13.5,0.7796741533951157,0.0845380380572755,0.08356862447437416,0.16751989021262065,46,0.8649908462614804,0.00459176638689196,0.016748137203286925,0.1377529916067588,0.5024441160986077,0.5209855818530135,-2.5563667965523895,2.647648625862269
406,2026-05-12 10:11:16.475502,1,13.533333333333333,0.7862066163151906,0.10516676053414069,0.08356862447437416,0.16751989021262065,46,0.7521808197515896,0.006532462920074922,0.02062872247686519,0.19597388760224765,0.6188616743059556,0.6491498567716927,1.7466268798646656,3.492526746220437
407,2026-05-12 10:11:16.509218,1,13.566666666666666,0.792183653157775,0.11979821865084321,0.08356862447437416,0.16751989021262065,46,0.9078605250960137,0.005977036842584327,0.014631458116702523,0.1793111052775298,0.4389437435010757,0.4741561793698227,-0.4998834697415355,-5.397537924146398
408,2026-05-12 10:11:16.542906,1,13.6,0.7997201898782053,0.1382864066148693,0.08356862447437416,0.16751989021262065,46,0.8916040067942392,0.007536536720430309,0.018488187964026084,0.22609610161290927,0.5546456389207826,0.5989584559369691,1.403549890061384,3.4710568625912064
409,2026-05-12 10:11:16.577182,1,13.633333333333333,0.8096785888498665,0.15767980501961806,0.08356862447437416,0.16751989021262065,46,0.7760056838046282,0.009958398971661286,0.01939339840474877,0.2987519691498386,0.5818019521424631,0.6540231269517057,2.1796760261078796,0.8146893966504165
410,2026-05-12 10:11:16.611430,1,13.666666666666666,0.819564300608835,0.1761181481089622,0.08356862447437416,0.16751989021262065,46,0.793141476053697,0.009885711758968463,0.01843834308934414,0.2965713527690539,0.5531502926803242,0.6276382824331185,-0.06541849142354117,-0.8595497838641664
411,2026-05-12 10:11:16.645066,1,13.7,0.8232837184743383,0.19561621014816363,0.08356862447437416,0.16751989021262065,46,0.8304567692967689,0.0037194178655033383,0.01949806203920143,0.11158253596510015,0.584941861176043,0.5954894149256525,-5.549664504118613,0.9537470548715621
412,2026-05-12 10:11:16.678615,1,13.733333333333333,0.835875660621276,0.2114979256021733,0.08356862447437416,0.16751989021262065,46,0.7657182043550809,0.012591942146937707,0.015881715454009654,0.3777582644081312,0.4764514636202896,0.6080356104000486,7.985271853290932,-3.2547119266726003
413,2026-05-12 10:11:16.712131,1,13.766666666666666,0.8433319687926775,0.22600333374349482,0.08356862447437416,0.16751989021262065,46,0.8878053419762997,0.007456308171401416,0.014505408141321535,0.22368924514204247,0.43516224423964606,0.4892883170523307,-4.6220705779826625,-1.2386765814193068
414,2026-05-12 10:11:16.745626,1,13.799999999999999,0.8536231934854689,0.24552183451814394,0.08356862447437416,0.16751989021262065,46,0.8620964783729365,0.010291224692791423,0.019518500774649117,0.3087367407837427,0.5855550232394735,0.6619615248265931,2.5514248692510066,4.5117833699948235
415,2026-05-12 10:11:16.779196,1,13.833333333333334,0.8600426176276866,0.25561156457208983,0.08356862447437416,0.16751989021262065,46,0.9454274016383031,0.0064194241422177445,0.010089730053945895,0.19258272426653233,0.30269190161837684,0.3587624464618173,-3.4846204955163107,-8.485893648632901
416,2026-05-12 10:11:16.812707,1,13.866666666666667,0.8690068794757008,0.2765326463253711,0.08356862447437416,0.16751989021262065,46,0.7587034681648597,0.008964261848014132,0.02092108175328128,0.26892785544042397,0.6276324525984384,0.6828211237114128,2.290353935216749,9.748216529401846
417,2026-05-12 10:11:16.846217,1,13.9,0.8777096839615253,0.2920642241459553,0.08356862447437416,0.16751989021262065,46,0.9614469416730094,0.0087028044858245,0.015531577820584175,0.261084134574735,0.46594733461752524,0.5341084571169178,-0.2353116259706689,-4.850553539427394
418,2026-05-12 10:11:16.879712,1,13.933333333333334,0.889561689273862,0.3077252306002197,0.08356862447437416,0.16751989021262065,46,0.986522839380869,0.011852005312336766,0.015661006454264437,0.355560159370103,0.4698301936279331,0.5892057686205678,2.8342807438610396,0.11648577031223573
419,2026-05-12 10:11:16.913208,1,13.966666666666667,0.8974067308964129,0.3275062596475082,0.08356862447437416,0.16751989021262065,46,0.9271738272970358,0.007845041622550841,0.019781029047288456,0.23535124867652524,0.5934308714186537,0.6383967492134514,-3.6062673208073326,3.7080203337216178
420,2026-05-12 10:11:16.946715,1,14.0,0.9065939085914845,0.3396426891667243,0.08356862447437416,0.16751989021262065,46,0.8595952543150465,0.009187177695071602,0.012136429519216119,0.27561533085214807,0.36409288557648356,0.45664804820359123,1.2079224652686849,-6.880139575265104
421,2026-05-12 10:11:16.980210,1,14.033333333333333,0.9137218280043286,0.3608799058223459,0.08356862447437416,0.16751989021262065,46,0.7963545293657958,0.007127919412844075,0.021237216655621616,0.21383758238532224,0.6371164996686485,0.6720446010425427,-1.8533324540047746,8.190708422764947
422,2026-05-12 10:11:17.013705,1,14.066666666666666,0.9221698782299447,0.3763164193187168,0.08356862447437416,0.16751989021262065,46,0.860675477206295,0.008448050225616122,0.015436513496370874,0.25344150676848365,0.4630954048911262,0.5279109312984108,1.1881177314948421,-5.220632843325668
423,2026-05-12 10:11:17.047213,1,14.1,0.9323216105507405,0.39436438026635817,0.08356862447437416,0.16751989021262065,46,0.8932013398898657,0.010151732320795803,0.018047960947641384,0.3045519696238741,0.5414388284292415,0.6212148639018634,1.5333138856617134,2.350302706143459
424,2026-05-12 10:11:17.080721,1,14.133333333333333,0.9336321970301921,0.4112663522583744,0.08356862447437416,0.16751989021262065,46,0.7806663071525365,0.001310586479451592,0.016901971992016207,0.03931759438354776,0.5070591597604862,0.508581227263767,-7.95703125720979,-1.031390060062659
425,2026-05-12 10:11:17.114217,1,14.166666666666666,0.9493310918841195,0.429605681696057,0.08356862447437416,0.16751989021262065,46,0.8623209481064974,0.015698894853927392,0.018339329437682628,0.47096684561782176,0.5501798831304788,0.7242290200431549,12.949477537028221,1.2936217010997786
426,2026-05-12 10:11:17.147723,1,14.2,0.9518421962398419,0.44431225521024437,0.08356862447437416,0.16751989021262065,46,0.8400890480620221,0.0025111043557224377,0.01470657351418736,0.07533313067167313,0.4411972054256208,0.447582455701933,-11.869011448384459,-3.269480331145741
427,2026-05-12 10:11:17.181499,1,14.233333333333333,0.9414600028370766,0.45862038532569743,0.08356862447437416,0.16751989021262065,46,0.8290485190364428,-0.01038219340276525,0.014308130115453066,-0.3114658020829575,0.429243903463592,0.5303407155101723,-11.603967982638919,-0.3585990588608645
428,2026-05-12 10:11:17.228639,1,14.266666666666666,0.9351396349226532,0.4773342401767857,0.08356862447437416,0.16751989021262065,46,0.7524551449067824,-0.006320367914423475,0.018713854851088285,-0.18961103743270424,0.5614156455326486,0.5925705633636782,3.6556429395075973,3.9651522620716975
429,2026-05-12 10:11:17.262356,1,14.299999999999999,0.9239254763589144,0.49454133136760464,0.08356862447437416,0.16751989021262065,46,0.8174057541383273,-0.011214158563738752,0.017207091190818924,-0.33642475691216256,0.5162127357245677,0.6161632945799759,-4.40441158438375,-1.3560872942424251
430,2026-05-12 10:11:17.296023,1,14.333333333333334,0.9110423323233884,0.5082736766353548,0.08356862447437416,0.16751989021262065,46,0.7795686974221474,-0.01288314403552604,0.01373234526775019,-0.3864943210657812,0.4119703580325057,0.5648871003249499,-1.5020869246085589,-3.1272713307618605
431,2026-05-12 10:11:17.329694,1,14.366666666666667,0.9080381240280458,0.5266280614439846,0.08356862447437416,0.16751989021262065,46,0.9425574787311264,-0.0030042082953425364,0.01835438480862972,-0.09012624886027609,0.5506315442588916,0.5579586349063487,8.891042166165153,4.159835586791577
432,2026-05-12 10:11:17.364123,1,14.4,0.8973034724730504,0.5452710981769406,0.08356862447437416,0.16751989021262065,46,0.7241407365662054,-0.010734651554995422,0.018643036732956086,-0.3220395466498627,0.5592911019886826,0.6453805128528162,-6.957398933687598,0.2597867318937297
433,2026-05-12 10:11:17.397796,1,14.433333333333334,0.887314713802913,0.5657912764651966,0.08356862447437416,0.16751989021262065,46,0.745860067173713,-0.009988758670137377,0.02052017828825592,-0.2996627601041213,0.6156053486476776,0.6846661340221588,0.6713035963722414,1.6894273997698495
434,2026-05-12 10:11:17.435505,1,14.466666666666667,0.8754555417550698,0.5815391082500231,0.08356862447437416,0.16751989021262065,46,0.8619880814304897,-0.011859172047843258,0.015747831784826527,-0.35577516143529775,0.4724349535447958,0.5914141956574813,-1.6833720399352936,-4.295111853086453
435,2026-05-12 10:11:17.471840,1,14.5,0.864866554897179,0.6006977785658835,0.08356862447437416,0.16751989021262065,46,0.7923033509608898,-0.010588986857890781,0.019158670315860382,-0.3176696057367234,0.5747601094758115,0.656706298015766,1.1431666709572297,3.0697546779304696
436,2026-05-12 10:11:17.505613,1,14.533333333333333,0.854315401450592,0.6184258897725592,0.08356862447437416,0.16751989021262065,46,0.7010276365432097,-0.01055115344658697,0.017728111206675723,-0.3165346033976091,0.5318433362002717,0.6189115360119868,0.034050070173430314,-1.2875031982661933
437,2026-05-12 10:11:17.541051,1,14.566666666666666,0.8468431853239977,0.636529180505304,0.08356862447437416,0.16751989021262065,46,0.7392383274369981,-0.007472216126594322,0.01810329073274486,-0.22416648379782966,0.5430987219823458,0.5875430488714337,2.7710435879933826,0.33766157346222236
438,2026-05-12 10:11:17.574829,1,14.6,0.8326023111896471,0.654715820370411,0.08356862447437416,0.16751989021262065,46,0.7832777488799915,-0.0142408741343506,0.018186639865106935,-0.427226224030518,0.545599195953208,0.6929651716530647,-6.091792206980651,0.07501421912586848
439,2026-05-12 10:11:17.618456,1,14.633333333333333,0.8239828213191969,0.6713239984314133,0.08356862447437416,0.16751989021262065,46,0.9782411553419894,-0.008619489870450248,0.016608178061002343,-0.25858469611350743,0.4982453418300703,0.5613505729216623,5.059245837510318,-1.4206156236941325
440,2026-05-12 10:11:17.652025,1,14.666666666666666,0.8116164236247279,0.6931071723489007,0.08356862447437416,0.16751989021262065,46,0.7217829126608107,-0.012366397694469011,0.02178317391748741,-0.37099193083407034,0.6534952175246223,0.7514592550974037,-3.3722170416168873,4.657496270836559
441,2026-05-12 10:11:17.685540,1,14.7,0.7979897142279462,0.7093868643822089,0.08356862447437416,0.16751989021262065,46,0.9503660929267468,-0.013626709396781678,0.016279692033308146,-0.40880128190345033,0.4883907609992444,0.6369018947336594,-1.1342805320813998,-4.953133695761336
442,2026-05-12 10:11:17.719037,1,14.733333333333333,0.7860117927542861,0.7283690848839978,0.08356862447437416,0.16751989021262065,46,0.7126839176589712,-0.011977921473660058,0.018982220501788882,-0.35933764420980174,0.5694666150536665,0.6733615434571022,1.4839091308094576,2.4322756216326624
443,2026-05-12 10:11:17.752532,1,14.766666666666666,0.7802791317913313,0.7437514870801206,0.08356862447437416,0.16751989021262065,46,0.808661747667282,-0.005732660962954772,0.015382402196122857,-0.17197982888864316,0.4614720658836857,0.492476932592303,5.6207344596347575,-3.2398364750994224
444,2026-05-12 10:11:17.786038,1,14.799999999999999,0.7677174746069804,0.7637487473290172,0.08356862447437416,0.16751989021262065,46,0.7296128440791694,-0.012561657184350983,0.019997260248896587,-0.3768497155305295,0.5999178074668976,0.7084610672516385,-6.14609659925659,4.153372247496357
445,2026-05-12 10:11:17.819533,1,14.833333333333334,0.7516361757424083,0.7786874011284338,0.08356862447437416,0.16751989021262065,46,0.7522477328862043,-0.016081298864572102,0.014938653799416612,-0.48243896593716307,0.4481596139824984,0.6584788496675206,-3.1676775121990075,-4.552745804531977
446,2026-05-12 10:11:17.853027,1,14.866666666666667,0.7438766687400747,0.7971959642552918,0.08356862447437416,0.16751989021262065,46,0.9876746464978696,-0.007759507002333521,0.018508563126858002,-0.23278521007000563,0.5552568938057401,0.602079041444008,7.4896126760147235,3.2129183946972506
447,2026-05-12 10:11:17.886531,1,14.9,0.7361118499905231,0.8155954281814709,0.08356862447437416,0.16751989021262065,46,0.9535907034045937,-0.007764818749551594,0.018399463926179083,-0.23294456248654782,0.5519839177853725,0.5991238725720567,-0.004780572496265734,-0.09818928061102739
448,2026-05-12 10:11:17.920040,1,14.933333333333334,0.7244869193886425,0.8324336274828112,0.08356862447437416,0.16751989021262065,46,0.9500363571520916,-0.011624930601880634,0.01683819930134034,-0.348747918056419,0.5051459790402102,0.6138383911822225,-3.474100667096136,-1.4051381623548687
449,2026-05-12 10:11:17.953793,1,14.966666666666667,0.7192029834643202,0.8485763367787451,0.08356862447437416,0.16751989021262065,46,0.987735310747019,-0.005283935924322303,0.016142709295933866,-0.15851807772966908,0.484281278878016,0.5095648516517167,5.706895209802498,-0.6259410048658265
450,2026-05-12 10:11:17.987464,1,15.0,0.7030389359749305,0.8658809614686074,0.08356862447437416,0.16751989021262065,46,0.8574973585354912,-0.01616404748938971,0.01730462468986227,-0.4849214246816913,0.5191387406958681,0.7103899071683191,-9.792100408560668,1.045723854535563
451,2026-05-12 10:11:18.021053,1,15.033333333333333,0.6941809045218282,0.8840340620381091,0.08356862447437416,0.16751989021262065,46,0.8396830869599491,-0.008858031453102266,0.0181531005695017,-0.265740943593068,0.544593017085051,0.6059701340491401,6.575414432658699,0.7636282916754888
452,2026-05-12 10:11:18.054557,1,15.066666666666666,0.6839154651169044,0.9041842907406958,0.08356862447437416,0.16751989021262065,46,0.8831746212448279,-0.01026543940492386,0.02015022870258676,-0.3079631821477158,0.6045068610776028,0.6784319174747333,-1.2666671566394339,1.797415319776552
453,2026-05-12 10:11:18.088062,1,15.1,0.6732512286042963,0.9170291387528834,0.08356862447437416,0.16751989021262065,46,0.7467182466902279,-0.01066423651260806,0.012844848012187549,-0.3199270953782418,0.38534544036562646,0.5008437428657138,-0.35891739691578106,-6.57484262135929
454,2026-05-12 10:11:18.121557,1,15.133333333333333,0.6640871497779535,0.9337426861914836,0.08356862447437416,0.16751989021262065,46,0.9345850087838213,-0.009164078826342847,0.016713547438600207,-0.2749223647902854,0.5014064231580062,0.5718310133649523,1.350141917638692,3.4818294837713926
455,2026-05-12 10:11:18.155145,1,15.166666666666666,0.6549297534522699,0.9521224682005567,0.08356862447437416,0.16751989021262065,46,0.8521542695225117,-0.009157396325683576,0.018379782009073087,-0.27472188977050727,0.5513934602721926,0.6160412849395898,0.0060142505933447055,1.4996111134255918
456,2026-05-12 10:11:18.189133,1,15.2,0.6424106506103603,0.9314028664650528,0.08356862447437416,0.16751989021262065,46,0.8086534014828635,-0.012519102841909602,-0.020719601735503912,-0.37557308525728805,-0.6215880520651174,0.7262415912351655,-3.0255358646034236,-35.1894453701193
457,2026-05-12 10:11:18.222804,1,15.233333333333333,0.6324702833715878,0.9153678030390763,0.08356862447437416,0.16751989021262065,46,0.8570195978815224,-0.009940367238772452,-0.016035063425976492,-0.29821101716317355,-0.48105190277929477,0.5659865227415531,2.320862042823435,4.216084478574678
458,2026-05-12 10:11:18.256545,1,15.266666666666666,0.6221149406570825,0.8984723346783913,0.08356862447437416,0.16751989021262065,46,0.7803958008290616,-0.010355342714505333,-0.016895468360685006,-0.31066028143516,-0.5068640508205502,0.594492200517038,-0.37347792815959346,-0.7743644412376627
459,2026-05-12 10:11:18.290266,1,15.299999999999999,0.6118403950547885,0.8793692711714118,0.08356862447437416,0.16751989021262065,46,0.7926064770390527,-0.010274545602294016,-0.019103063506979434,-0.3082363680688205,-0.573091905209383,0.6507257413202415,0.07271740099018542,-1.986835631664985
460,2026-05-12 10:11:18.323973,1,15.333333333333334,0.6034130549510571,0.8613971487795536,0.08356862447437416,0.16751989021262065,46,0.7909242411940977,-0.008427340103731362,-0.017972122391858192,-0.25282020311194087,-0.5391636717557458,0.595496028570049,1.6624849487063886,1.017847003609118
461,2026-05-12 10:11:18.357654,1,15.366666666666667,0.5897892412435196,0.8447736035583006,0.08356862447437416,0.16751989021262065,46,0.9555843496550278,-0.013623813707537513,-0.01662354522125309,-0.4087144112261254,-0.49870635663759266,0.644791051500143,-4.676826243425536,1.2137194535445928
462,2026-05-12 10:11:18.391417,1,15.4,0.5806774629673438,0.8244285181442121,0.08356862447437416,0.16751989021262065,46,0.8988408846298879,-0.00911177827617582,-0.020345085414088415,-0.2733533482852746,-0.6103525624226525,0.6687692453116161,4.0608318882255245,-3.349386173551794
463,2026-05-12 10:11:18.425029,1,15.433333333333334,0.5695063559088299,0.8039965300485179,0.08356862447437416,0.16751989021262065,46,0.874081222207183,-0.011171107058513874,-0.020431988095694242,-0.3351332117554162,-0.6129596428708273,0.6985941550069201,-1.8533959041042491,-0.07821241344524443
464,2026-05-12 10:11:18.458531,1,15.466666666666667,0.5581511175142848,0.7860046551795894,0.08356862447437416,0.16751989021262065,46,0.701429397815856,-0.011355238394545109,-0.017991874868928504,-0.34065715183635326,-0.5397562460678551,0.6382664806070575,-0.1657182024281112,2.196101904089165
465,2026-05-12 10:11:18.492025,1,15.5,0.5491682060434733,0.7670237540114515,0.08356862447437416,0.16751989021262065,46,0.7183846212811392,-0.008982911470811539,-0.018980901168137887,-0.26948734412434616,-0.5694270350441366,0.629976647886531,2.135094231360213,-0.8901236692884451
466,2026-05-12 10:11:18.525534,1,15.533333333333333,0.5359937474168014,0.7542533578736088,0.08356862447437416,0.16751989021262065,46,0.79716313152907,-0.013174458626671881,-0.012770396137842699,-0.39523375880015643,-0.38311188413528097,0.5504402236946218,-3.772392440274308,5.589454527265669
467,2026-05-12 10:11:18.559056,1,15.566666666666666,0.5292487869508299,0.7339106904098769,0.08356862447437416,0.16751989021262065,46,0.8202542421357343,-0.006744960465971506,-0.020342667463731923,-0.20234881397914517,-0.6102800239119577,0.6429515923494912,5.786548344630338,-6.815044193300301
468,2026-05-12 10:11:18.608009,1,15.6,0.5176653969017867,0.7211579875493668,0.08356862447437416,0.16751989021262065,46,0.9210584804958384,-0.011583390049043185,-0.012752702860510112,-0.34750170147129555,-0.38258108581530337,0.5168420646087758,-4.3545866247645115,6.830968142899629
469,2026-05-12 10:11:18.641565,1,15.633333333333333,0.5090012045650014,0.6994710539914759,0.08356862447437416,0.16751989021262065,46,0.8313344113560186,-0.008664192336785281,-0.021686933557890864,-0.25992577010355844,-0.6506080067367259,0.7006084387115699,2.6272779410321134,-8.040807627642677
470,2026-05-12 10:11:18.675071,1,15.666666666666666,0.4962798576356522,0.6816031651534549,0.08356862447437416,0.16751989021262065,46,0.7069319919098649,-0.012721346929349231,-0.01786788883802104,-0.38164040788047693,-0.5360366651406312,0.6580157348439823,-3.6514391333075547,3.4371402478828417
471,2026-05-12 10:11:18.712901,1,15.7,0.48462317293151014,0.6601932708626396,0.08356862447437416,0.16751989021262065,46,0.7766822127001553,-0.01165668470414205,-0.0214098942908153,-0.3497005411242615,-0.642296828724459,0.731324609631112,0.9581960026864622,-3.187804907514835
472,2026-05-12 10:11:18.746445,1,15.733333333333333,0.4738435972383087,0.6419094493094667,0.08356862447437416,0.16751989021262065,46,0.8192397979354257,-0.010779575693201426,-0.018283821553172874,-0.3233872707960428,-0.5485146465951862,0.6367477086274871,0.7893981098465619,2.813465463878184
473,2026-05-12 10:11:18.779947,1,15.766666666666666,0.45862664996901403,0.6264894455533674,0.08356862447437416,0.16751989021262065,46,0.8309148923787261,-0.015216947269294678,-0.01542000375609931,-0.45650841807884035,-0.4626001126829793,0.6499221492080035,-3.9936344184839268,2.577436017366208
474,2026-05-12 10:11:18.813443,1,15.799999999999999,0.44846211894164123,0.607104945354069,0.08356862447437416,0.16751989021262065,46,0.7715684242987915,-0.010164531027372803,-0.019384500199298382,-0.3049359308211841,-0.5815350059789515,0.6566345140827743,4.547174617729688,-3.5680467988791653
475,2026-05-12 10:11:18.846981,1,15.833333333333334,0.43650643326564537,0.5997647690575859,0.08356862447437416,0.16751989021262065,46,0.8297116376325072,-0.011955685675995864,-0.007340176296483092,-0.3586705702798759,-0.22020528889449276,0.4208740277588989,-1.612039183760755,10.839891512533761
476,2026-05-12 10:11:18.880563,1,15.866666666666667,0.42206933429074756,0.5768023232112821,0.08356862447437416,0.16751989021262065,46,0.9018975258004981,-0.01443709897489781,-0.022962445846303803,-0.4331129692469343,-0.6888733753891141,0.8137157805093171,-2.233271969011752,-14.06004259483864
477,2026-05-12 10:11:18.914062,1,15.9,0.4087059558812813,0.5595891380123078,0.08356862447437416,0.16751989021262065,46,0.7196070832287103,-0.013363378409466276,-0.0172131851989743,-0.40090135228398827,-0.516395555969229,0.6537478600254838,0.9663485088883816,5.174334582596551
478,2026-05-12 10:11:18.947587,1,15.933333333333334,0.40349535408298837,0.5413393883784873,0.08356862447437416,0.16751989021262065,46,0.982724132903716,-0.005210601798292913,-0.018249749633820533,-0.1563180539487874,-0.547492489014616,0.5693710209676599,7.337498950056026,-0.932907991361609
479,2026-05-12 10:11:18.981653,1,15.966666666666667,0.3920325922890641,0.5284945548684029,0.08356862447437416,0.16751989021262065,46,0.7565018395204264,-0.011462761793924248,-0.012844833510084364,-0.34388285381772743,-0.3853450053025309,0.5164747721442279,-5.626943996068201,4.864424511362553
480,2026-05-12 10:11:19.021521,1,16.0,0.37782082914818677,0.5112128137046503,0.08356862447437416,0.16751989021262065,46,0.9205382590029956,-0.014211763140877354,-0.017281741163752584,-0.4263528942263206,-0.5184522349125775,0.6712447469448134,-2.4741012122577954,-3.9932168883013985
481,2026-05-12 10:11:19.055244,1,16.03333333333333,0.36372994343636833,0.4922186233801668,0.08356862447437416,0.16751989021262065,46,0.8174761998818544,-0.014090885711818435,-0.018994190324483518,-0.42272657135455305,-0.5698257097345055,0.7095062322514222,0.10878968615302687,-1.54120424465784
482,2026-05-12 10:11:19.090696,1,16.066666666666666,0.35299767752731664,0.4756691848037459,0.08356862447437416,0.16751989021262065,46,0.7935808378453296,-0.010732265909051686,-0.016549438576420883,-0.3219679772715506,-0.4964831572926265,0.5917422613466007,3.022757822490074,2.2002765732563714
483,2026-05-12 10:11:19.126713,1,16.1,0.34010901397892085,0.4590161107714642,0.08356862447437416,0.16751989021262065,46,0.8145583823255587,-0.012888663548395796,-0.016653074032281723,-0.38665990645187387,-0.4995922209684517,0.6317422500589637,-1.9407578754096988,-0.0932719102747559
484,2026-05-12 10:11:19.160460,1,16.133333333333333,0.32772160192721245,0.44529860783176517,0.08356862447437416,0.16751989021262065,46,0.8414199822920816,-0.012387412051708402,-0.013717502939699033,-0.37162236155125206,-0.411525088190971,0.5544872206061344,0.4511263470186544,2.6420139833244205
485,2026-05-12 10:11:19.194150,1,16.166666666666668,0.3173274910178127,0.4267592987870975,0.08356862447437416,0.16751989021262065,46,0.920449779364767,-0.010394110909399734,-0.018539309044667662,-0.311823327281992,-0.5561792713400299,0.6376277670440167,1.793971028077801,-4.3396254944717665
486,2026-05-12 10:11:19.228488,1,16.2,0.3046971236973457,0.41175505001103313,0.08356862447437416,0.16751989021262065,46,0.7367053286694942,-0.012630367320467017,-0.015004248776064377,-0.3789110196140105,-0.4501274632819313,0.5883776797139364,-2.012630769960555,3.1815542417429565
487,2026-05-12 10:11:19.262366,1,16.233333333333334,0.2871243751926177,0.39697256063203473,0.08356862447437416,0.16751989021262065,46,0.7193992239633372,-0.01757274850472801,-0.014782489378998398,-0.5271824551418403,-0.44347468136995194,0.6889057511921053,-4.448143065834892,0.19958345735938132
488,2026-05-12 10:11:19.296351,1,16.266666666666666,0.27876534117051,0.3809856398459624,0.08356862447437416,0.16751989021262065,46,0.9512577313225936,-0.008359034022107692,-0.015986920786072334,-0.25077102066323076,-0.47960762358217,0.5412112133008841,8.292343034358286,-1.0839882663665423
489,2026-05-12 10:11:19.330299,1,16.3,0.26573864798683317,0.36343527412339943,0.08356862447437416,0.16751989021262065,46,0.9245491706918045,-0.01302669318367683,-0.017550365722562966,-0.3908007955103049,-0.526510971676889,0.6556973883336954,-4.200893245412224,-1.407100442841569
490,2026-05-12 10:11:19.364031,1,16.333333333333332,0.25260790617158757,0.34602645437023344,0.08356862447437416,0.16751989021262065,46,0.9158929697613113,-0.013130741815245595,-0.017408819753165994,-0.39392225445736784,-0.5222645925949798,0.6541674458693092,-0.09364376841188848,0.12739137245727505
491,2026-05-12 10:11:19.397695,1,16.366666666666667,0.23622701051892808,0.3289110163466848,0.08356862447437416,0.16751989021262065,46,0.77762721372441,-0.01638089565265949,-0.017115438023548646,-0.49142686957978465,-0.5134631407064594,0.7107353691840079,-2.9251384536725045,0.2640435566556132
492,2026-05-12 10:11:19.431441,1,16.4,0.2301238506725501,0.31645509643179026,0.08356862447437416,0.16751989021262065,46,0.8171822987144488,-0.006103159846377992,-0.012455919914894531,-0.18309479539133977,-0.37367759744683593,0.4161233602347219,9.249962225653347,4.193566297788704
493,2026-05-12 10:11:19.465472,1,16.433333333333334,0.21528197664077123,0.2970277049617874,0.08356862447437416,0.16751989021262065,46,0.7539004164740857,-0.014841874031778862,-0.019427391470002886,-0.44525622095336587,-0.5828217441000866,0.7334400368765939,-7.864842766860783,-6.2743243995975195
494,2026-05-12 10:11:19.499160,1,16.466666666666665,0.20188481199714997,0.275500718356985,0.08356862447437416,0.16751989021262065,46,0.9264888137764127,-0.013397164643621257,-0.0215269866048024,-0.4019149393086377,-0.645809598144072,0.7606613277237602,1.300238449341845,-1.889635621319563
495,2026-05-12 10:11:19.532816,1,16.5,0.18884445369980102,0.26256495674117974,0.08356862447437416,0.16751989021262065,46,0.8385827451586256,-0.013040358297348953,-0.01293576161580523,-0.3912107489204686,-0.3880728484741569,0.5510411833917316,0.3211257116450733,7.7321024900974535
496,2026-05-12 10:11:19.566483,1,16.53333333333333,0.1761828924154604,0.2428484620531406,0.08356862447437416,0.16751989021262065,46,0.9488722820054537,-0.012661561284340622,-0.019716494688039155,-0.37984683853021867,-0.5914948406411746,0.7029578701789536,0.3409173117074976,-6.102659765010532
497,2026-05-12 10:11:19.600183,1,16.566666666666666,0.16942313527692732,0.2282866191995937,0.08356862447437416,0.16751989021262065,46,0.9005514235353632,-0.006759757138533079,-0.014561842853546891,-0.20279271415599237,-0.43685528560640674,0.481629967378494,5.311623731226789,4.639186651043037
498,2026-05-12 10:11:19.634151,1,16.6,0.16033266476284158,0.21197392700845116,0.08356862447437416,0.16751989021262065,46,0.9095380708590811,-0.009090470514085736,-0.016312692191142536,-0.27271411542257207,-0.4893807657342761,0.560237916086891,-2.097642037997391,-1.5757644038360803
499,2026-05-12 10:11:19.667743,1,16.633333333333333,0.14794607586508068,0.20097439885252885,0.08356862447437416,0.16751989021262065,46,0.8342313608228585,-0.012386588897760897,-0.010999528155922311,-0.3715976669328269,-0.32998584467766934,0.4969662803023512,-2.9665065453076456,4.781847631698202
0,2026-05-12 10:11:02.623717,2,0.0,0.4347787008459195,0.34625496369192865,0.05058384592310829,0.13308636865235546,42,0.8341872328371779,,,,,,,
1,2026-05-12 10:11:02.661296,2,0.03333333333333333,0.42752058500341855,0.3527237167760984,0.05058384592310829,0.13308636865235546,42,0.8512379692188576,-0.007258115842500967,0.0064687530841697205,-0.21774347527502902,0.19406259252509162,0.29167192330151853,,
2,2026-05-12 10:11:02.695060,2,0.06666666666666667,0.4180362314951238,0.3521971854739155,0.05058384592310829,0.13308636865235546,42,0.9102441497733735,-0.00948435350829474,-0.0005265313021828866,-0.2845306052488422,-0.015795939065486597,0.28496872988844413,-2.003613899214396,-6.295755947717346
3,2026-05-12 10:11:02.728737,2,0.1,0.4092596093445386,0.35902668272546684,0.05058384592310829,0.13308636865235546,42,0.9299533447116122,-0.008776622150585223,0.006829497251551353,-0.2632986645175567,0.2048849175465406,0.33362256544601654,0.6369582219385661,6.620425698360815
4,2026-05-12 10:11:02.762439,2,0.13333333333333333,0.397321582840535,0.365370636557731,0.05058384592310829,0.13308636865235546,42,0.978889229899055,-0.011938026504003607,0.00634395383226416,-0.3581407951201082,0.1903186149679248,0.4055687418090459,-2.845263918076546,-0.4369890773584739
5,2026-05-12 10:11:02.796117,2,0.16666666666666666,0.3938234818186808,0.3723877514375264,0.05058384592310829,0.13308636865235546,42,0.8161496966072637,-0.003498101021854161,0.007017114879795394,-0.10494303065562482,0.21051344639386183,0.2352210679250665,7.595932933934502,0.605844942778111
6,2026-05-12 10:11:02.829772,2,0.2,0.3844635321785087,0.3677472121200972,0.05058384592310829,0.13308636865235546,42,0.9643602843766945,-0.009359949640172116,-0.004640539317429193,-0.2807984892051635,-0.1392161795228758,0.3134149584510093,-5.27566375648616,-10.491888777502128
7,2026-05-12 10:11:02.863486,2,0.23333333333333334,0.38022262161739573,0.3724670836588614,0.05058384592310829,0.13308636865235546,42,0.8153391914092929,-0.004240910561112976,0.0047198715387641865,-0.12722731683338928,0.1415961461629256,0.19035823795364415,4.607135171153226,8.424369770574042
8,2026-05-12 10:11:02.897144,2,0.26666666666666666,0.3691460056786573,0.37621711938819974,0.05058384592310829,0.13308636865235546,42,0.7758469252253373,-0.011076615938738432,0.0037500357293383524,-0.33229847816215297,0.11250107188015057,0.35082583964563624,-6.152134839862911,-0.8728522284832507
9,2026-05-12 10:11:02.930795,2,0.3,0.3621387222881151,0.3798054344892254,0.05058384592310829,0.13308636865235546,42,0.8579570858272374,-0.007007283390542185,0.003588315101025641,-0.21021850171626555,0.10764945303076923,0.2361783715788881,3.6623992933766227,-0.14554856548144035
10,2026-05-12 10:11:02.964449,2,0.3333333333333333,0.3537426904632749,0.3836928262633689,0.05058384592310829,0.13308636865235546,42,0.7856497311951489,-0.008396031824840222,0.003887391774143545,-0.25188095474520666,0.11662175322430635,0.2775691782033226,-1.2498735908682335,0.2691690058061136
11,2026-05-12 10:11:02.998163,2,0.36666666666666664,0.3472971574851893,0.3874214595561467,0.05058384592310829,0.13308636865235546,42,0.7275095635238521,-0.0064455329780855886,0.003728633292777783,-0.19336598934256766,0.1118589987833335,0.22338943896979507,1.7554489620791702,-0.14288263322918549
12,2026-05-12 10:11:03.031826,2,0.4,0.3421886012753283,0.3896427239041704,0.05058384592310829,0.13308636865235546,42,0.9843774113501995,-0.005108556209861004,0.002221264348023666,-0.1532566862958301,0.06663793044070998,0.16711740085281182,1.2032790914021263,-1.3566320502787055
13,2026-05-12 10:11:03.065486,2,0.43333333333333335,0.3372555466744739,0.3946714909002677,0.05058384592310829,0.13308636865235546,42,0.87840434597577,-0.004933054600854414,0.005028766996097334,-0.14799163802563242,0.15086300988292,0.2113319017007225,0.15795144810593076,2.526752383266301
14,2026-05-12 10:11:03.099184,2,0.4666666666666667,0.3238384223304861,0.39856197669257515,0.05058384592310829,0.13308636865235546,42,0.7723030847229602,-0.013417124343987785,0.003890485792307441,-0.40251373031963356,0.11671457376922323,0.41909377808070375,-7.635662768820034,-1.0244530834109034
15,2026-05-12 10:11:03.132861,2,0.5,0.32325090458562694,0.404713132540404,0.05058384592310829,0.13308636865235546,42,0.8466791452687825,-0.0005875177448591562,0.006151155847828826,-0.017625532345774686,0.1845346754348648,0.18537450155920268,11.546645939215766,2.034603049969247
16,2026-05-12 10:11:03.166523,2,0.5333333333333333,0.31121231715429837,0.40917684230749235,0.05058384592310829,0.13308636865235546,42,0.771787143647442,-0.012038587431328573,0.004463709767088375,-0.3611576229398572,0.13391129301265126,0.38518445322194433,-10.305962717822476,-1.518701472666406
17,2026-05-12 10:11:03.200205,2,0.5666666666666667,0.3081850835803143,0.4116572278028477,0.05058384592310829,0.13308636865235546,42,0.7132837632242546,-0.003027233573984045,0.0024803854953553417,-0.09081700721952135,0.07441156486066025,0.11740872959589861,8.110218471610075,-1.7849918445597301
18,2026-05-12 10:11:03.233858,2,0.6,0.2998616826361219,0.41352160386483167,0.05058384592310829,0.13308636865235546,42,0.8069457383517844,-0.008323400944192427,0.0018643760619839744,-0.24970202832577282,0.05593128185951923,0.2558894512098028,-4.766550633187544,-0.5544084900342305
19,2026-05-12 10:11:03.267544,2,0.6333333333333333,0.29500643658652187,0.4200518374602471,0.05058384592310829,0.13308636865235546,42,0.8339157318610205,-0.004855246049600026,0.006530233595415436,-0.14565738148800078,0.19590700786246307,0.2441221589933289,3.121339405133161,4.199271780088315
20,2026-05-12 10:11:03.302208,2,0.6666666666666666,0.29016697933134666,0.42591703738890363,0.05058384592310829,0.13308636865235546,42,0.8385441900163262,-0.004839457255175206,0.005865199928656528,-0.14518371765525617,0.17595599785969585,0.22812019870016428,0.014209914982338256,-0.5985303000830167
21,2026-05-12 10:11:03.335890,2,0.7,0.28548566062363084,0.43062530469793636,0.05058384592310829,0.13308636865235546,42,0.9875447448152406,-0.00468131870771582,0.004708267309032732,-0.1404395612314746,0.14124801927098196,0.19918401870347127,0.14232469271344694,-1.0412393576614165
22,2026-05-12 10:11:03.369577,2,0.7333333333333333,0.2773026523066636,0.4317025361178245,0.05058384592310829,0.13308636865235546,42,0.7997544976621886,-0.008183008316967222,0.001077231419888136,-0.24549024950901666,0.03231694259664408,0.2476082538664534,-3.1515206483262617,-3.2679323002301364
23,2026-05-12 10:11:03.403255,2,0.7666666666666666,0.2718806233443873,0.4391478585926957,0.05058384592310829,0.13308636865235546,42,0.8271157927368376,-0.005422028962276337,0.007445322474871174,-0.16266086886829012,0.22335967424613523,0.2763116037019197,2.484881419221796,5.7312819494847345
24,2026-05-12 10:11:03.436910,2,0.8,0.26641485564906775,0.4457491097165586,0.05058384592310829,0.13308636865235546,42,0.7798494758775864,-0.0054657676953195344,0.00660125112386295,-0.16397303085958603,0.1980375337158885,0.2571109091609114,-0.03936485973887738,-0.7596642159074019
25,2026-05-12 10:11:03.470549,2,0.8333333333333334,0.2627877987045382,0.4532773412401414,0.05058384592310829,0.13308636865235546,42,0.9844406152074399,-0.0036270569445295275,0.007528231523582785,-0.10881170833588583,0.22584694570748354,0.25069270184106457,1.6548396757110062,0.834282359747851
26,2026-05-12 10:11:03.504221,2,0.8666666666666667,0.2526597652389492,0.4547163338852174,0.05058384592310829,0.13308636865235546,42,0.7856300055645388,-0.010128033465589048,0.0014389926450760204,-0.30384100396767144,0.04316977935228061,0.30689246576188073,-5.8508788689535685,-5.480314990656088
27,2026-05-12 10:11:03.538128,2,0.9,0.2485271035021596,0.46041669532702323,0.05058384592310829,0.13308636865235546,42,0.888258714592933,-0.0041326617367895835,0.005700361441805801,-0.1239798521036875,0.17101084325417404,0.21122431734569747,5.395834555919518,3.8352319170568028
28,2026-05-12 10:11:03.571808,2,0.9333333333333333,0.23974719594715818,0.4650708924217053,0.05058384592310829,0.13308636865235546,42,0.8308941707995768,-0.00877990755500141,0.0046541970946820665,-0.2633972266500423,0.139625912840462,0.29811657877995656,-4.182521236390643,-0.9415479124113613
29,2026-05-12 10:11:03.605467,2,0.9666666666666667,0.2359373927413181,0.4697052445083804,0.05058384592310829,0.13308636865235546,42,0.9519639509095608,-0.0038098032058400677,0.00463435208667512,-0.11429409617520203,0.1390305626002536,0.17997954816436607,4.473093914245208,-0.017860507206252096
30,2026-05-12 10:11:03.639189,2,1.0,0.22775396177144222,0.4756877552981134,0.05058384592310829,0.13308636865235546,42,0.9124217807828829,-0.008183430969875893,0.005982510789732998,-0.2455029290962768,0.17947532369198993,0.3041103089492299,-3.936264987632243,1.21334283275209
31,2026-05-12 10:11:03.672841,2,1.0333333333333332,0.2224864581456578,0.48535133476399805,0.05058384592310829,0.13308636865235546,42,0.969743707057462,-0.005267503625784431,0.009663579465884642,-0.15802510877353293,0.28990738397653926,0.33017908214635205,2.6243346096823164,3.31296180853648
32,2026-05-12 10:11:03.706479,2,1.0666666666666667,0.2146017636188103,0.4868865934556732,0.05058384592310829,0.13308636865235546,42,0.9226425237414115,-0.00788469452684748,0.0015352586916751454,-0.2365408358054244,0.04605776075025436,0.24098316191978314,-2.355471810956744,-7.315488696788547
33,2026-05-12 10:11:03.740126,2,1.1,0.20674692691215824,0.4893393487596946,0.05058384592310829,0.13308636865235546,42,0.706747883464077,-0.007854836706652074,0.0024527553040213923,-0.23564510119956222,0.07358265912064177,0.24686640403792592,0.026872038175865254,0.8257469511116222
34,2026-05-12 10:11:03.773817,2,1.1333333333333333,0.19977225242284072,0.49754865934375647,0.05058384592310829,0.13308636865235546,42,0.8742931703256747,-0.006974674489317517,0.00820931058406188,-0.20924023467952552,0.2462793175218564,0.32316401106523956,0.7921459956011012,5.180899752036439
35,2026-05-12 10:11:03.807483,2,1.1666666666666667,0.19159442419954992,0.5028468459129971,0.05058384592310829,0.13308636865235546,42,0.7481536983254168,-0.0081778282232908,0.005298186569240637,-0.24533484669872402,0.15894559707721911,0.2923232625620481,-1.082838360575955,-2.6200116133391185
36,2026-05-12 10:11:03.841183,2,1.2,0.18043326950112892,0.503490752795393,0.05058384592310829,0.13308636865235546,42,0.7430080226841407,-0.011161154698420994,0.000643906882395906,-0.3348346409526298,0.01931720647187718,0.33539140008019536,-2.6849938276171743,-4.188851718160258
37,2026-05-12 10:11:03.874849,2,1.2333333333333334,0.1800115504816589,0.5103899919485325,0.05058384592310829,0.13308636865235546,42,0.7218402151528316,-0.00042171901947002377,0.0068992391531395025,-0.012651570584100713,0.20697717459418508,0.20736348049074663,9.665492111055874,5.629799043669237
38,2026-05-12 10:11:03.908526,2,1.2666666666666666,0.1713171452955959,0.5160782100249578,0.05058384592310829,0.13308636865235546,42,0.9331401645665556,-0.008694405186062987,0.005688218076425278,-0.2608321555818896,0.17064654229275833,0.31169481192661713,-7.445417549933667,-1.0899189690428024
39,2026-05-12 10:11:03.942179,2,1.3,0.16193404450325133,0.5197520232760559,0.05058384592310829,0.13308636865235546,42,0.947504426079125,-0.009383100792344584,0.003673813251098057,-0.2814930237703375,0.11021439753294171,0.30230040664034363,-0.6198260456534377,-1.8129643427944986
40,2026-05-12 10:11:03.975858,2,1.3333333333333333,0.1532058336683166,0.5275756642784378,0.05058384592310829,0.13308636865235546,42,0.8263942292392122,-0.008728210834934719,0.007823641002381976,-0.26184632504804156,0.23470923007145927,0.3516417503964821,0.5894009616688789,3.734844976155527
41,2026-05-12 10:11:04.009534,2,1.3666666666666667,0.14573084478459175,0.528822689018568,0.05058384592310829,0.13308636865235546,42,0.961868418050462,-0.007474988883724859,0.0012470247401301648,-0.22424966651174577,0.037410742203904945,0.22734879934337948,1.1278997560888737,-5.91895463602663
42,2026-05-12 10:11:04.043223,2,1.4,0.13711012147412893,0.5353352565495703,0.05058384592310829,0.13308636865235546,42,0.8916163504156676,-0.008620723310462819,0.006512567531002267,-0.25862169931388457,0.195377025930068,0.32412553990279724,-1.031160984064164,4.738988511784892
43,2026-05-12 10:11:04.076893,2,1.4333333333333333,0.13148346933245245,0.5443227012123847,0.05058384592310829,0.13308636865235546,42,0.723975440322247,-0.005626652141676486,0.008987444662814426,-0.16879956425029458,0.26962333988443277,0.3181038168609828,2.6946640519077,2.227389418630943
44,2026-05-12 10:11:04.110550,2,1.4666666666666666,0.12388730845910499,0.545382339314389,0.05058384592310829,0.13308636865235546,42,0.7949579712859178,-0.0075961608733474545,0.0010596381020042678,-0.22788482620042363,0.03178914306012803,0.2300913810400002,-1.7725578585038717,-7.135025904729142
45,2026-05-12 10:11:04.144207,2,1.5,0.11778622372217747,0.5488629605522178,0.05058384592310829,0.13308636865235546,42,0.8568738758764065,-0.006101084736927526,0.0034806212378288848,-0.18303254210782577,0.10441863713486654,0.21072295378424236,1.345568522777936,2.1788848222421553
46,2026-05-12 10:11:04.180430,2,1.5333333333333332,0.10763205696684083,0.5533052023021561,0.05058384592310829,0.13308636865235546,42,0.9807732503506332,-0.010154166755336633,0.004442241749938236,-0.304625002660099,0.13326725249814708,0.3325004553892674,-3.6477738165681974,0.8654584608984162
47,2026-05-12 10:11:04.220687,2,1.5666666666666667,0.09587517833118418,0.5535164416811081,0.05058384592310829,0.13308636865235546,42,0.861968570177776,-0.01175687863565665,0.00021123937895206613,-0.35270635906969955,0.006337181368561984,0.3527632854987915,-1.4424406922880162,-3.807902133887553
48,2026-05-12 10:11:04.254400,2,1.6,0.08287797320413444,0.5590285831656847,0.05058384592310829,0.13308636865235546,42,0.7124869020948071,-0.012997205127049744,0.0055121414845765715,-0.3899161538114923,0.16536424453729714,0.42353269103404323,-1.1162938422537827,4.770811895062055
49,2026-05-12 10:11:04.292886,2,1.6333333333333333,0.07581287790824452,0.5684854745335718,0.05058384592310829,0.13308636865235546,42,0.9536537881518681,-0.007065095295889917,0.009456891367887077,-0.21195285887669751,0.2837067410366123,0.3541377264506292,5.3388988480438435,3.550274894979455
50,2026-05-12 10:11:04.327127,2,1.6666666666666667,0.06517582397770492,0.5752654768338457,0.05058384592310829,0.13308636865235546,42,0.9434726604337866,-0.010637053930539597,0.0067800023002738685,-0.3191116179161879,0.20340006900821606,0.3784227963028049,-3.214762771184712,-2.4092001608518876
51,2026-05-12 10:11:04.360925,2,1.7,0.05864701003906745,0.5781580872335472,0.05058384592310829,0.13308636865235546,42,0.8758990372723505,-0.006528813938637475,0.0028926103997015673,-0.19586441815912425,0.08677831199104702,0.21422732256373783,3.69741599271191,-3.498652710515071
52,2026-05-12 10:11:04.395553,2,1.7333333333333334,0.04827396764234309,0.5846927336328342,0.05058384592310829,0.13308636865235546,42,0.9014446293882583,-0.01037304239672436,0.006534646399287025,-0.31119127190173085,0.19603939197861076,0.36779267381931413,-3.4598056122781977,3.277832399626912
53,2026-05-12 10:11:04.429383,2,1.7666666666666666,0.05761956703711482,0.5872127565985554,0.05058384592310829,0.13308636865235546,42,0.8091151884159872,0.009345599394771732,0.0025200229657211803,0.280367981843152,0.07560068897163541,0.29038193713760496,17.746777612346484,-3.6131610902092604
54,2026-05-12 10:11:04.463117,2,1.8,0.06488512705520309,0.5943527903634573,0.05058384592310829,0.13308636865235546,42,0.742390147665437,0.007265560018088271,0.00714003376490191,0.21796680054264814,0.2142010129470573,0.3056003928111742,-1.8720354390151153,4.158009719262656
55,2026-05-12 10:11:04.496806,2,1.8333333333333333,0.07439939350006743,0.5979063421468453,0.05058384592310829,0.13308636865235546,42,0.8260836401384514,0.009514266444864333,0.0035535517833880093,0.28542799334593,0.10660655350164028,0.3046868829388334,2.023835784098456,-3.2278337833625104
56,2026-05-12 10:11:04.530476,2,1.8666666666666667,0.0892582165294056,0.6042639956970826,0.05058384592310829,0.13308636865235546,42,0.9737677139782125,0.014858823029338178,0.006357653550237208,0.44576469088014536,0.19072960650711623,0.48485455802109456,4.810100926026461,2.5236915901642787
57,2026-05-12 10:11:04.564247,2,1.9,0.09461481364048283,0.6123895672712187,0.05058384592310829,0.13308636865235546,42,0.9608892954758959,0.0053565971110772215,0.008125571574136181,0.16069791333231664,0.24376714722408543,0.29196958988074373,-8.552003326434862,1.591126221509076
58,2026-05-12 10:11:04.598654,2,1.9333333333333333,0.10953509847623616,0.6174097837625818,0.05058384592310829,0.13308636865235546,42,0.9592327349894523,0.014920284835753334,0.005020216491363083,0.4476085450726,0.1506064947408925,0.4722665834887625,8.607318952208502,-2.794819574495788
59,2026-05-12 10:11:04.633221,2,1.9666666666666666,0.12324465805011024,0.6216941871429328,0.05058384592310829,0.13308636865235546,42,0.9779197661162751,0.013709559573874083,0.004284403380350965,0.4112867872162225,0.12853210141052895,0.4309029153204336,-1.0896527356913244,-0.6622317999109062
60,2026-05-12 10:11:04.667037,2,2.0,0.12691780069709452,0.6288038496525611,0.05058384592310829,0.13308636865235546,42,0.9158498182920033,0.003673142646984276,0.007109662509628301,0.11019427940952828,0.21328987528884902,0.2400736347775781,-9.032775234200829,2.542733216349602
61,2026-05-12 10:11:04.700793,2,2.033333333333333,0.13894359283024582,0.634691493951784,0.05058384592310829,0.13308636865235546,42,0.7167969465839794,0.012025792133151303,0.005887644299222949,0.3607737639945391,0.17662932897668848,0.4016909616129577,7.517384537550323,-1.099816389364816
62,2026-05-12 10:11:04.734990,2,2.0666666666666664,0.14812514398085905,0.6432104205902671,0.05058384592310829,0.13308636865235546,42,0.8082005380577778,0.009181551150613226,0.008518926638483082,0.2754465345183968,0.25556779915449246,0.3757468474157373,-2.559816884284269,2.3681541053341193
63,2026-05-12 10:11:04.768687,2,2.1,0.15929205703418375,0.6490231578715271,0.05058384592310829,0.13308636865235546,42,0.9475873056177074,0.011166913053324706,0.005812737281259972,0.3350073915997412,0.17438211843779916,0.37767588704776606,1.786825712440332,-2.435570421500799
64,2026-05-12 10:11:04.802352,2,2.1333333333333333,0.1693574664906666,0.655812804695513,0.05058384592310829,0.13308636865235546,42,0.7280254754461305,0.010065409456482849,0.006789646823985862,0.30196228369448547,0.20368940471957586,0.36423974847482543,-0.9913532371576717,0.879218588453301
65,2026-05-12 10:11:04.836224,2,2.1666666666666665,0.1782955689734233,0.6624467118318983,0.05058384592310829,0.13308636865235546,42,0.7507622569539425,0.008938102482756699,0.006633907136385342,0.26814307448270097,0.19901721409156026,0.33392897433107127,-1.0145762763535349,-0.14016571884046813
66,2026-05-12 10:11:04.870313,2,2.2,0.188710303735578,0.6680880661215388,0.05058384592310829,0.13308636865235546,42,0.9285127789163597,0.01041473476215471,0.005641354289640521,0.3124420428646413,0.16924062868921563,0.3553342377938711,1.3289690514582093,-0.8932975620703387
67,2026-05-12 10:11:04.903999,2,2.2333333333333334,0.20188166307077154,0.676043548639905,0.05058384592310829,0.13308636865235546,42,0.7766747731952552,0.013171359335193533,0.007955482518366197,0.395140780055806,0.2386644755509859,0.4616242714081854,2.4809621157349415,2.0827154058531083
68,2026-05-12 10:11:04.937668,2,2.2666666666666666,0.21347919445833105,0.6864680355026802,0.05058384592310829,0.13308636865235546,42,0.8365637682205609,0.011597531387559507,0.010424486862775195,0.3479259416267852,0.31273460588325586,0.4678198313173999,-1.4164451528706241,2.2221039099680984
69,2026-05-12 10:11:04.971354,2,2.3,0.2216447808431592,0.6907336672836589,0.05058384592310829,0.13308636865235546,42,0.9062782713808065,0.008165586384828144,0.004265631780978718,0.24496759154484432,0.12796895342936154,0.2763786785356059,-3.0887505024582262,-5.54296957361683
70,2026-05-12 10:11:05.005123,2,2.3333333333333335,0.23283369215480113,0.6994801490429614,0.05058384592310829,0.13308636865235546,42,0.9863160531007036,0.01118891131164193,0.008746481759302482,0.3356673393492579,0.26239445277907447,0.4260556437310035,2.7209924341324077,4.032764980491388
71,2026-05-12 10:11:05.038842,2,2.3666666666666667,0.23928546544989138,0.706706290211039,0.05058384592310829,0.13308636865235546,42,0.8156729262673603,0.006451773295090252,0.007226141168077627,0.19355319885270755,0.2167842350423288,0.29061700801743073,-4.263424214896511,-1.3683065321023702
72,2026-05-12 10:11:05.072510,2,2.4,0.25338278147147686,0.7092970640787574,0.05058384592310829,0.13308636865235546,42,0.742707116574763,0.014097316021585482,0.0025907738677183323,0.42291948064756446,0.07772321603154997,0.4300020760664914,6.880988453845707,-4.171830570323365
73,2026-05-12 10:11:05.106197,2,2.433333333333333,0.26223908199651796,0.7193020604954039,0.05058384592310829,0.13308636865235546,42,0.9711636049714708,0.008856300525041105,0.010004996416646539,0.26568901575123316,0.30014989249939616,0.4008498609931879,-4.716913946889939,6.672800294035386
74,2026-05-12 10:11:05.139855,2,2.466666666666667,0.27324872159580443,0.7235881662845143,0.05058384592310829,0.13308636865235546,42,0.8119963573526885,0.01100963959928647,0.004286105789110373,0.3302891879785941,0.12858317367331118,0.3544355798272233,1.9380051668208276,-5.14700156478255
75,2026-05-12 10:11:05.173489,2,2.5,0.2838797579558513,0.7307060847783277,0.05058384592310829,0.13308636865235546,42,0.7171687836885176,0.010631036360046864,0.00711791849381338,0.3189310908014059,0.2135375548144014,0.38381678962219473,-0.34074291531564493,2.5486314342327065
76,2026-05-12 10:11:05.207142,2,2.533333333333333,0.2912273104758148,0.7367906753938768,0.05058384592310829,0.13308636865235546,42,0.8163586552005344,0.007347552519963496,0.0060845906155491125,0.22042657559890488,0.18253771846647338,0.28619555184035483,-2.955135456075031,-0.9299950904378407
77,2026-05-12 10:11:05.240993,2,2.5666666666666664,0.3009174263977777,0.7450322813344737,0.05058384592310829,0.13308636865235546,42,0.7330227242744249,0.009690115921962894,0.008241605940596974,0.2907034776588868,0.24724817821790923,0.3816283185968331,2.1083070617994584,1.9413137925430757
78,2026-05-12 10:11:05.285661,2,2.6,0.3125977084696747,0.7548915089145244,0.05058384592310829,0.13308636865235546,42,0.881438163904563,0.01168028207189703,0.009859227580050645,0.3504084621569109,0.29577682740151934,0.4585520929827705,1.7911495349407225,1.4558594755083032
79,2026-05-12 10:11:05.319406,2,2.6333333333333333,0.32408375417458335,0.7596046484992788,0.05058384592310829,0.13308636865235546,42,0.8934431593548546,0.011486045704908632,0.004713139584754389,0.34458137114725895,0.14139418754263167,0.37246293454861507,-0.17481273028955857,-4.63147919576663
80,2026-05-12 10:11:05.353102,2,2.6666666666666665,0.331230564574695,0.7691996174128283,0.05058384592310829,0.13308636865235546,42,0.7142407338291077,0.0071468104001116695,0.009594968913549495,0.21440431200335008,0.28784906740648486,0.358923800565542,-3.905311774317266,4.393646395915596
81,2026-05-12 10:11:05.386862,2,2.7,0.3449743446792806,0.7765293542483828,0.05058384592310829,0.13308636865235546,42,0.8127886902179902,0.013743780104585601,0.00732973683555449,0.41231340313756804,0.2198921050666347,0.46728458168178266,5.937272734026538,-2.0387088701955047
82,2026-05-12 10:11:05.420616,2,2.7333333333333334,0.35901768612652224,0.7819519188407689,0.05058384592310829,0.13308636865235546,42,0.9847285652120303,0.01404334144724162,0.005422564592386103,0.4213002434172486,0.1626769377715831,0.4516167414812835,0.2696052083904166,-1.7164550188515482
83,2026-05-12 10:11:05.454413,2,2.7666666666666666,0.3636832679947429,0.7882507611862498,0.05058384592310829,0.13308636865235546,42,0.943504995741833,0.004665581868220636,0.006298842345480948,0.1399674560466191,0.18896527036442845,0.23515688838744186,-8.439983621118886,0.7886499777853606
84,2026-05-12 10:11:05.488207,2,2.8,0.37822560200143945,0.7986054330368786,0.05058384592310829,0.13308636865235546,42,0.9323882711671071,0.014542334006696578,0.010354671850628772,0.43627002020089733,0.31064015551886315,0.5355640360842715,8.889076924628348,3.650246554633041
85,2026-05-12 10:11:05.522600,2,2.8333333333333335,0.388280717076804,0.8062841019717966,0.05058384592310829,0.13308636865235546,42,0.8085718330300288,0.010055115075364551,0.007678668934917976,0.30165345226093654,0.23036006804753928,0.37955311382177864,-4.038497038198824,-2.408402624139716
86,2026-05-12 10:11:05.556347,2,2.8666666666666667,0.3991923395257211,0.8121460436204109,0.05058384592310829,0.13308636865235546,42,0.9509815196500594,0.01091162244891708,0.0058619416486143106,0.3273486734675124,0.17585824945842932,0.37159558383210534,0.7708566361972757,-1.6350545576732989
87,2026-05-12 10:11:05.590055,2,2.9,0.4138836473047677,0.818364494549788,0.05058384592310829,0.13308636865235546,42,0.966323419794059,0.014691307779046592,0.006218450929377117,0.44073923337139775,0.18655352788131352,0.4785951217864338,3.4017167971165607,0.32085835268652607
88,2026-05-12 10:11:05.623731,2,2.933333333333333,0.4247570880350955,0.8271880337614802,0.05058384592310829,0.13308636865235546,42,0.7213855608818583,0.01087344073032781,0.00882353921169221,0.3262032219098343,0.2647061763507663,0.4200927299806551,-3.4360803438469034,2.344579454083584
89,2026-05-12 10:11:05.657438,2,2.966666666666667,0.4347281764934156,0.8335390267871464,0.05058384592310829,0.13308636865235546,42,0.9480456385102815,0.009971088458320121,0.006350993025666218,0.2991326537496036,0.19052979076998655,0.3546575047988342,-0.8121170448069204,-2.225291567423393
90,2026-05-12 10:11:05.691109,2,3.0,0.44682833632181707,0.8381033992713548,0.05058384592310829,0.13308636865235546,42,0.8564150364579969,0.012100159828401458,0.004564372484208379,0.36300479485204373,0.13693117452625136,0.38797245732488933,1.9161642330732032,-1.6079584873120556
91,2026-05-12 10:11:05.725031,2,3.033333333333333,0.46337583043560243,0.8491315337633475,0.05058384592310829,0.13308636865235546,42,0.7197221508249821,0.016547494113785366,0.011028134491992692,0.496424823413561,0.33084403475978075,0.5965696779399001,4.002600856845517,5.8173858070058815
92,2026-05-12 10:11:05.758722,2,3.0666666666666664,0.47697618699385314,0.8576543238580715,0.05058384592310829,0.13308636865235546,42,0.9839976787633196,0.013600356558250704,0.008522790094724009,0.4080106967475211,0.25568370284172026,0.48150481260237754,-2.652423799981196,-2.2548099575418146
93,2026-05-12 10:11:05.792530,2,3.1,0.4892005597966371,0.8633954582252059,0.05058384592310829,0.13308636865235546,42,0.9791166125299597,0.01222437280278399,0.005741134367134415,0.3667311840835197,0.17223403101403245,0.4051620944987858,-1.2383853799200428,-2.5034901548306343
94,2026-05-12 10:11:05.826368,2,3.1333333333333333,0.49842657603009494,0.8738411727061058,0.05058384592310829,0.13308636865235546,42,0.8321112231926938,0.009226016233457812,0.010445714480899926,0.27678048700373437,0.3133714344269978,0.41810177457272113,-2.6985209123935596,4.23412210238896
95,2026-05-12 10:11:05.860059,2,3.1666666666666665,0.514123199943258,0.881210708753183,0.05058384592310829,0.13308636865235546,42,0.8941683702042038,0.01569662391316301,0.00736953604707713,0.4708987173948903,0.2210860814123139,0.5202159719178229,5.823546911734678,-2.7685605904405164
96,2026-05-12 10:11:05.893867,2,3.2,0.5253566590573606,0.8931220663123355,0.05058384592310829,0.13308636865235546,42,0.8021778683800376,0.011233459114102673,0.011911357559152513,0.3370037734230802,0.3573407267745754,0.4911862562340039,-4.016848319154303,4.087639360867845
97,2026-05-12 10:11:05.931422,2,3.2333333333333334,0.5370052263097762,0.8969811992657497,0.05058384592310829,0.13308636865235546,42,0.8140382897374899,0.011648567252415587,0.003859132953414224,0.3494570175724676,0.11577398860242671,0.3681356048626087,0.37359732448162264,-7.247002145164461
98,2026-05-12 10:11:05.965147,2,3.2666666666666666,0.5530422176352559,0.9028860773349426,0.05058384592310829,0.13308636865235546,42,0.7814207607078985,0.016036991325479644,0.0059048780691929315,0.4811097397643893,0.17714634207578794,0.5126864618916619,3.949581665757651,1.841170604200837
99,2026-05-12 10:11:05.998873,2,3.3,0.5594983419762829,0.9141867317288008,0.05058384592310829,0.13308636865235546,42,0.753152677544291,0.0064561243410270475,0.01130065439385819,0.19368373023081142,0.3390196318157457,0.39044551234788893,-8.622780286007337,4.856198692198732
100,2026-05-12 10:11:06.032600,2,3.3333333333333335,0.5721352909795806,0.9202070778492543,0.05058384592310829,0.13308636865235546,42,0.8158207880936753,0.012636949003297704,0.006020346120453435,0.3791084700989311,0.18061038361360304,0.4199325454996373,5.562742196043591,-4.752277446064279
101,2026-05-12 10:11:06.066277,2,3.3666666666666667,0.5815309375338331,0.9281589195676726,0.05058384592310829,0.13308636865235546,42,0.7553826662271581,0.009395646554252512,0.00795184171841834,0.2818693966275754,0.2385552515525502,0.36926814755471926,-2.9171722041406722,1.7383460381684146
102,2026-05-12 10:11:06.099960,2,3.4,0.5951267710901779,0.938672617024213,0.05058384592310829,0.13308636865235546,42,0.8304943369704865,0.01359583355634475,0.010513697456540405,0.4078750066903425,0.31541092369621215,0.5156026298124794,3.7801683018830134,2.3056701643098587
103,2026-05-12 10:11:06.133947,2,3.433333333333333,0.6060509851212095,0.943959245904864,0.05058384592310829,0.13308636865235546,42,0.8592128919381805,0.01092421403103161,0.005286628880651012,0.3277264209309483,0.15859886641953036,0.36408543970580465,-2.4044575727818263,-4.704361718300454
104,2026-05-12 10:11:06.167716,2,3.466666666666667,0.6150642729100165,0.9491743811207806,0.05058384592310829,0.13308636865235546,42,0.9607320622909163,0.009013287788807056,0.005215135215916544,0.2703986336642117,0.15645405647749633,0.31239925236103905,-1.7198336180020979,-0.06434429826102095
105,2026-05-12 10:11:06.201526,2,3.5,0.6295563583276534,0.9468390947442612,0.05058384592310829,0.13308636865235546,42,0.9810813854039617,0.014492085417636913,-0.002335286376519363,0.4347625625291074,-0.0700585912955809,0.440371084417673,4.9309178659468715,-6.795379433192317
106,2026-05-12 10:11:06.235241,2,3.533333333333333,0.6398991299365552,0.9354156278534335,0.05058384592310829,0.13308636865235546,42,0.7622248108395318,0.010342771608901735,-0.011423466890827738,0.31028314826705206,-0.34270400672483214,0.462300409175427,-3.73438242786166,-8.179362462877538
107,2026-05-12 10:11:06.271046,2,3.5666666666666664,0.6518118506944505,0.9283166854982156,0.05058384592310829,0.13308636865235546,42,0.869074055039236,0.01191272075789529,-0.007098942355217908,0.3573816227368587,-0.21296827065653723,0.4160253701115672,1.4129542340941992,3.8920720820488475
108,2026-05-12 10:11:06.305532,2,3.6,0.6692498770244361,0.9249903887386167,0.05058384592310829,0.13308636865235546,42,0.9246094194943537,0.01743802632998559,-0.0033262967595988346,0.5231407898995677,-0.09978890278796504,0.5325731040677604,4.97277501488127,3.3953810360571657
109,2026-05-12 10:11:06.339647,2,3.6333333333333333,0.6745128690335095,0.9164047399625631,0.05058384592310829,0.13308636865235546,42,0.9543990634707282,0.0052629920090734306,-0.008585648776053612,0.15788976027220292,-0.25756946328160835,0.30211124575889176,-10.957530888820944,-4.733416814809299
110,2026-05-12 10:11:06.373357,2,3.6666666666666665,0.6886270599906043,0.9055471282745369,0.05058384592310829,0.13308636865235546,42,0.8642183899950635,0.014114190957094763,-0.010857611688026236,0.4234257287128429,-0.3257283506407871,0.5342174708367086,7.966079053219199,-2.0447666207753623
111,2026-05-12 10:11:06.407041,2,3.6999999999999997,0.700446372984948,0.8993412451727908,0.05058384592310829,0.13308636865235546,42,0.7246950082028967,0.0118193129943438,-0.006205883101746079,0.354579389830314,-0.18617649305238237,0.40048499379842134,-2.0653901664758667,4.1865557276521415
112,2026-05-12 10:11:06.440797,2,3.7333333333333334,0.7159591041082293,0.8919030228076387,0.05058384592310829,0.13308636865235546,42,0.7746944671592886,0.01551273112328122,-0.007438222365152125,0.4653819336984366,-0.22314667095456375,0.5161150850062419,3.324076316043678,-1.1091053370654413
113,2026-05-12 10:11:06.474509,2,3.7666666666666666,0.7236727044673545,0.8848861429804576,0.05058384592310829,0.13308636865235546,42,0.8537630975707889,0.007713600359125272,-0.007016879827181022,0.23140801077375817,-0.21050639481543065,0.31283000129216787,-7.019217687740354,0.379208284173993
114,2026-05-12 10:11:06.512406,2,3.8,0.7412343544768561,0.8796806030062893,0.05058384592310829,0.13308636865235546,42,0.7476020466845311,0.017561650009501606,-0.005205539974168394,0.5268495002850482,-0.15616619922505182,0.5495073045292515,8.863244685338701,1.630205867711365
115,2026-05-12 10:11:06.545944,2,3.8333333333333335,0.7563865168232371,0.8678826695098563,0.05058384592310829,0.13308636865235546,42,0.8976047644080696,0.015152162346380948,-0.011797933496432988,0.45456487039142845,-0.35393800489298965,0.5761087854751099,-2.1685388968085917,-5.933154170038136
116,2026-05-12 10:11:06.579629,2,3.8666666666666667,0.7644274833623009,0.8640837418153252,0.05058384592310829,0.13308636865235546,42,0.8727037316965034,0.008040966539063832,-0.0037989276945310513,0.24122899617191496,-0.11396783083593154,0.2667959802162642,-6.400076226585405,7.1991052217117435
117,2026-05-12 10:11:06.613318,2,3.9,0.7801339144552565,0.8561862300855254,0.05058384592310829,0.13308636865235546,42,0.8725454266728803,0.015706431092955553,-0.0078975117297998,0.4711929327886666,-0.236925351893994,0.5274053491197048,6.898918098502549,-3.6887256317418737
118,2026-05-12 10:11:06.646999,2,3.933333333333333,0.7951608904824312,0.8436600015798431,0.05058384592310829,0.13308636865235546,42,0.7293440455757587,0.015026976027174732,-0.012526228505682302,0.45080928081524196,-0.37578685517046906,0.5868941711996012,-0.6115095592027386,-4.165845098294252
119,2026-05-12 10:11:06.681354,2,3.966666666666667,0.8085022193898365,0.8362617246387465,0.05058384592310829,0.13308636865235546,42,0.9351058692736799,0.013341328907405248,-0.0073982769410966265,0.40023986722215743,-0.2219483082328988,0.45766035751576306,-1.517082407792536,4.615156408127108
120,2026-05-12 10:11:06.716295,2,4.0,0.8260594479487878,0.8289442549878359,0.05058384592310829,0.13308636865235546,42,0.7847781013883632,0.017557228558951365,-0.007317469650910624,0.526716856768541,-0.21952408952731872,0.5706325201799578,3.794309686391506,0.07272656116740217
121,2026-05-12 10:11:06.750922,2,4.033333333333333,0.834989399595139,0.8143514460966019,0.05058384592310829,0.13308636865235546,42,0.9130423865759811,0.00892995164635113,-0.014592808891233933,0.2678985493905339,-0.437784266737018,0.5132491568117973,-7.764549221340212,-6.547805316290978
122,2026-05-12 10:11:06.784865,2,4.066666666666666,0.8496345689307403,0.8080966823181333,0.05058384592310829,0.13308636865235546,42,0.8864515990201941,0.014645169335601338,-0.006254763778468675,0.43935508006804014,-0.18764291335406025,0.4777475790766431,5.143695920325187,7.504240601488732
123,2026-05-12 10:11:06.818390,2,4.1,0.8664220650203603,0.8016655390808066,0.05058384592310829,0.13308636865235546,42,0.7038271620516127,0.016787496089620046,-0.006431143237326631,0.5036248826886014,-0.19293429711979893,0.5393159236182614,1.9280940786168377,-0.15874151297216033
124,2026-05-12 10:11:06.852182,2,4.133333333333333,0.8801252808664304,0.7911631899565325,0.05058384592310829,0.13308636865235546,42,0.9408478676473518,0.013703215846070038,-0.010502349124274168,0.41109647538210115,-0.31507047372822505,0.5179475991709148,-2.7758522191950075,-3.664085298252784
125,2026-05-12 10:11:06.885916,2,4.166666666666667,0.891509596300992,0.7817387708921208,0.05058384592310829,0.13308636865235546,42,0.8644651983781293,0.011384315434561643,-0.009424419064411604,0.3415294630368493,-0.28273257193234813,0.44337352351456333,-2.087010370357556,0.9701370538763077
126,2026-05-12 10:11:06.919615,2,4.2,0.9097114180817917,0.770834188564404,0.05058384592310829,0.13308636865235546,42,0.826518566720882,0.018201821780799654,-0.01090458232771685,0.5460546534239896,-0.3271374698315055,0.6365489837347575,6.135755711614211,-1.3321469369747208
127,2026-05-12 10:11:06.953913,2,4.233333333333333,0.9227291205277589,0.766667747978572,0.05058384592310829,0.13308636865235546,42,0.9497569964087266,0.013017702445967227,-0.004166440585832043,0.3905310733790168,-0.12499321757496129,0.4100461238864582,-4.665707401349184,6.064327567696326
128,2026-05-12 10:11:06.988772,2,4.266666666666667,0.9400389211362887,0.756706136263995,0.05058384592310829,0.13308636865235546,42,0.7736610944625578,0.017309800608529824,-0.00996161171457699,0.5192940182558947,-0.2988483514373097,0.5991465718446124,3.862888346306337,-5.215654015870452
129,2026-05-12 10:11:07.022526,2,4.3,0.9502515092762374,0.7489552690647079,0.05058384592310829,0.13308636865235546,42,0.973284717378545,0.01021258813994863,-0.0077508671992870815,0.3063776441984589,-0.23252601597861244,0.3846239838744893,-6.387491221723074,1.9896700637609177
130,2026-05-12 10:11:07.056352,2,4.333333333333333,0.9338616658613437,0.7344650569791286,0.05058384592310829,0.13308636865235546,42,0.8698631621991011,-0.01638984341489369,-0.014490212085579324,-0.4916953024468107,-0.4347063625673797,0.6563032013519535,-23.942188399358088,-6.065410397663018
131,2026-05-12 10:11:07.090046,2,4.366666666666666,0.9179686941831618,0.7282694063420211,0.05058384592310829,0.13308636865235546,42,0.9324535575232156,-0.015892971678181822,-0.006195650637107475,-0.47678915034545466,-0.18586951911322425,0.511737600751129,0.4471845630406812,7.465105303624664
132,2026-05-12 10:11:07.123789,2,4.4,0.8987830905216335,0.7250775278336204,0.05058384592310829,0.13308636865235546,42,0.9264621536438244,-0.019185603661528328,-0.0031918785084006362,-0.5755681098458498,-0.09575635525201909,0.5834791587046406,-2.963368785011855,2.7033949158361548
133,2026-05-12 10:11:07.157482,2,4.433333333333334,0.8886241553758526,0.7162547911321429,0.05058384592310829,0.13308636865235546,42,0.874442248859108,-0.010158935145780923,-0.008822736701477596,-0.3047680543734277,-0.2646821010443279,0.4036584962314114,8.124001664172665,-5.067772373769264
134,2026-05-12 10:11:07.191166,2,4.466666666666667,0.8729000300368677,0.7090024938058246,0.05058384592310829,0.13308636865235546,42,0.8185746483866743,-0.01572412533898493,-0.007252297326318269,-0.47172376016954787,-0.21756891978954807,0.5194800677281929,-5.008671173883606,1.4133954376433944
135,2026-05-12 10:11:07.225365,2,4.5,0.8582825419161679,0.7005927999649787,0.05058384592310829,0.13308636865235546,42,0.871534206086426,-0.01461748812069974,-0.008409693840845889,-0.4385246436209922,-0.25229081522537666,0.5059194782868153,0.9959734964566702,-1.041656863074858
136,2026-05-12 10:11:07.259334,2,4.533333333333333,0.8375346488128457,0.6959997225354115,0.05058384592310829,0.13308636865235546,42,0.7534635812460728,-0.020747893103322257,-0.004593077429567161,-0.6224367930996677,-0.13779232288701482,0.6375063024400605,-5.517364484360265,3.4349547701508554
137,2026-05-12 10:11:07.293075,2,4.566666666666666,0.8248374136880728,0.6854698506455034,0.05058384592310829,0.13308636865235546,42,0.7145648750030746,-0.012697235124772832,-0.010529871889908171,-0.38091705374318496,-0.31589615669724513,0.49486178236804557,7.245592180694483,-5.3431150143069095
138,2026-05-12 10:11:07.327004,2,4.6,0.805060164835512,0.6812683864128397,0.05058384592310829,0.13308636865235546,42,0.9404389484512944,-0.019777248852560825,-0.004201464232663654,-0.5933174655768247,-0.12604392697990963,0.6065580652229623,-6.372012355009193,5.695566891520065
139,2026-05-12 10:11:07.361506,2,4.633333333333333,0.7920763643058976,0.673596454878789,0.05058384592310829,0.13308636865235546,42,0.9817826649856138,-0.012983800529614453,-0.007671931534050658,-0.3895140158884336,-0.23015794602151973,0.45243104302244747,6.114103490651734,-3.123420571248303
140,2026-05-12 10:11:07.395534,2,4.666666666666667,0.7759426299688114,0.6633080777846344,0.05058384592310829,0.13308636865235546,42,0.7348609430685606,-0.016133734337086203,-0.010288377094154644,-0.4840120301125861,-0.3086513128246393,0.5740498917359712,-2.834940426724575,-2.3548010040935874
141,2026-05-12 10:11:07.429316,2,4.7,0.7614094768227468,0.6653952634853956,0.05058384592310829,0.13308636865235546,42,0.8989557073013517,-0.014533153146064515,0.0020871857007611627,-0.43599459438193544,0.06261557102283488,0.44046792853144723,1.4405230719195194,11.138006515424227
142,2026-05-12 10:11:07.463002,2,4.733333333333333,0.7473871514687078,0.6562675188549733,0.05058384592310829,0.13308636865235546,42,0.7564209381293854,-0.014022325354039022,-0.009127744630422319,-0.4206697606211707,-0.27383233891266956,0.5019434204524013,0.459745012822943,-10.093437298065133
143,2026-05-12 10:11:07.511219,2,4.766666666666667,0.7313726124354615,0.647877208730379,0.05058384592310829,0.13308636865235546,42,0.7260682966624559,-0.016014539033246344,-0.008390310124594236,-0.48043617099739033,-0.2517093037378271,0.5423803904925171,-1.7929923112865898,0.6636910552452746
144,2026-05-12 10:11:07.546575,2,4.8,0.7157684628377374,0.6393250833111349,0.05058384592310829,0.13308636865235546,42,0.8833378893886646,-0.015604149597724049,-0.008552125419244105,-0.46812448793172146,-0.25656376257732316,0.5338215998525814,0.3693504919700663,-0.1456337651848827
145,2026-05-12 10:11:07.580317,2,4.833333333333333,0.7034150900206017,0.6394383780368734,0.05058384592310829,0.13308636865235546,42,0.8897122689239757,-0.012353372817135777,0.00011329472573851085,-0.3706011845140733,0.0033988417721553255,0.3706167698426858,2.9256991025294443,7.798878130484355
146,2026-05-12 10:11:07.618732,2,4.866666666666666,0.6876961945919016,0.6336363697913453,0.05058384592310829,0.13308636865235546,42,0.7516053490228137,-0.015718895428700086,-0.005802008245528123,-0.4715668628610026,-0.1740602473658437,0.5026651727160201,-3.028970350407878,-5.3237726741399705
147,2026-05-12 10:11:07.652488,2,4.9,0.6711178489671886,0.6265134206518914,0.05058384592310829,0.13308636865235546,42,0.7716195011818436,-0.016578345624712942,-0.007122949139453882,-0.49735036874138827,-0.21368847418361647,0.541313359604321,-0.7735051764115708,-1.1888468045331835
148,2026-05-12 10:11:07.686181,2,4.933333333333334,0.6557834762516547,0.6218610144796806,0.05058384592310829,0.13308636865235546,42,0.7412322127294526,-0.01533437271553395,-0.0046524061722108545,-0.4600311814660185,-0.13957218516632564,0.4807380604790138,1.1195756182610928,2.223488670518725
149,2026-05-12 10:11:07.720497,2,4.966666666666667,0.6363508612127718,0.6125281293805113,0.05058384592310829,0.13308636865235546,42,0.8356552459849295,-0.019432615038882828,-0.009332885099169297,-0.5829784511664848,-0.2799865529750789,0.6467274111798109,-3.6884180910139897,-4.212431034262599
150,2026-05-12 10:11:07.754225,2,5.0,0.621636465759701,0.6085170773948397,0.05058384592310829,0.13308636865235546,42,0.8801828868355576,-0.01471439545307085,-0.004011051985671532,-0.4414318635921255,-0.12033155957014596,0.4575388228587826,4.24639762723078,4.789649802147989
151,2026-05-12 10:11:07.787953,2,5.033333333333333,0.6058355540446924,0.6015572441341075,0.05058384592310829,0.13308636865235546,42,0.9484269301308847,-0.015800911715008636,-0.00695983326073224,-0.4740273514502591,-0.2087949978219672,0.5179742088544783,-0.977864635744008,-2.653903147554637
152,2026-05-12 10:11:07.822530,2,5.066666666666666,0.584306221405519,0.5951835058962851,0.05058384592310829,0.13308636865235546,42,0.7422259022880016,-0.021529332639173338,-0.006373738237822391,-0.6458799791752001,-0.19121214713467172,0.6735896619687748,-5.155578831748231,0.5274855206188644
153,2026-05-12 10:11:07.856285,2,5.1,0.5713634788557499,0.5896315317733581,0.05058384592310829,0.13308636865235546,42,0.7032671085249526,-0.012942742549769126,-0.0055519741229269615,-0.3882822764930738,-0.16655922368780884,0.42249864051157526,7.72793108046379,0.7395877034058862
154,2026-05-12 10:11:07.889956,2,5.133333333333333,0.549966206372728,0.5860638237512998,0.05058384592310829,0.13308636865235546,42,0.8693635381099255,-0.021397272483021923,-0.0035677080220583024,-0.6419181744906577,-0.10703124066174907,0.6507800159954297,-7.609076939927517,1.7858394907817932
155,2026-05-12 10:11:07.924036,2,5.166666666666667,0.5365303904974864,0.575866595218506,0.05058384592310829,0.13308636865235546,42,0.7324759213204842,-0.013435815875241564,-0.010197228532793812,-0.4030744762572469,-0.30591685598381435,0.5060179405762959,7.1653109470023235,-5.966568459661959
156,2026-05-12 10:11:07.957840,2,5.2,0.5205076473701078,0.5714746294014471,0.05058384592310829,0.13308636865235546,42,0.7049403819762351,-0.016022743127378614,-0.004391965817058918,-0.4806822938213584,-0.13175897451176755,0.49841337758707416,-2.328234526923345,5.224736444161405
157,2026-05-12 10:11:07.991676,2,5.233333333333333,0.5003964939906066,0.5645563981682504,0.05058384592310829,0.13308636865235546,42,0.887961597293311,-0.0201111533795012,-0.006918231233196681,-0.603334601385036,-0.20754693699590043,0.6380347735702346,-3.6795692269103286,-2.2736388745239866
158,2026-05-12 10:11:08.025365,2,5.266666666666667,0.4852730301776161,0.5567383314791369,0.05058384592310829,0.13308636865235546,42,0.7253696236457955,-0.015123463812990512,-0.007818066689113556,-0.45370391438971536,-0.2345420006734067,0.5107418056243629,4.48892060985962,-0.8098519103251878
159,2026-05-12 10:11:08.059136,2,5.3,0.4685128597727764,0.5557611947712555,0.05058384592310829,0.13308636865235546,42,0.8149222065809869,-0.01676017040483968,-0.0009771367078813542,-0.5028051121451904,-0.029314101236440626,0.5036589097103692,-1.4730359326642517,6.156836983108982
160,2026-05-12 10:11:08.092650,2,5.333333333333333,0.45336986790386036,0.5459088981090052,0.05058384592310829,0.13308636865235546,42,0.7664999968338937,-0.015142991868916045,-0.009852296662250293,-0.45428975606748134,-0.2955688998675088,0.5419780042001161,1.4554606823312721,-7.987643958932045
161,2026-05-12 10:11:08.126148,2,5.366666666666666,0.4330303604345734,0.5379968749774486,0.05058384592310829,0.13308636865235546,42,0.7802063020288938,-0.020339507469286977,-0.00791202313155659,-0.6101852240786093,-0.23736069394669768,0.6547259783411077,-4.6768640403338395,1.7462461776243332
162,2026-05-12 10:11:08.159683,2,5.4,0.41881019621869564,0.5302384682360834,0.05058384592310829,0.13308636865235546,42,0.864857902295864,-0.01422016421587774,-0.007758406741365187,-0.4266049264763322,-0.2327522022409556,0.4859684670242417,5.507408928068314,0.13825475117226205
163,2026-05-12 10:11:08.193198,2,5.433333333333334,0.40301419793118265,0.5270851111823983,0.05058384592310829,0.13308636865235546,42,0.7406583883570197,-0.01579599828751299,-0.003153357053685135,-0.47387994862538974,-0.09460071161055406,0.48323027672779906,-1.4182506644717263,4.144544718912047
164,2026-05-12 10:11:08.226707,2,5.466666666666667,0.3834961947380396,0.5202546551961446,0.05058384592310829,0.13308636865235546,42,0.8739298643201104,-0.019518003193143063,-0.006830455986253758,-0.5855400957942919,-0.20491367958761275,0.6203602339487302,-3.349804415067065,-3.309389039311761
165,2026-05-12 10:11:08.261160,2,5.5,0.36800037477990755,0.5150922504416166,0.05058384592310829,0.13308636865235546,42,0.9703180890694194,-0.01549581995813204,-0.005162404754528005,-0.4648745987439612,-0.15487214263584015,0.4899936460016343,3.619964911509921,1.501246108553178
166,2026-05-12 10:11:08.295321,2,5.533333333333333,0.34707012871473897,0.5071032747614945,0.05058384592310829,0.13308636865235546,42,0.7143685075541522,-0.02093024606516858,-0.007988975680122024,-0.6279073819550574,-0.2396692704036607,0.6720930288951652,-4.890983496332884,-2.5439138330346167
167,2026-05-12 10:11:08.329048,2,5.566666666666666,0.3260959021891301,0.5051688544854915,0.05058384592310829,0.13308636865235546,42,0.865623532544879,-0.020974226525608874,-0.0019344202760029905,-0.6292267957682662,-0.058032608280089715,0.6318972575795766,-0.03958241439626642,5.44909986370713
168,2026-05-12 10:11:08.362714,2,5.6,0.3064274561618187,0.4955239260421413,0.05058384592310829,0.13308636865235546,42,0.8147097379498527,-0.01966844602731138,-0.009644928443350242,-0.5900533808193414,-0.2893478533005073,0.6571797109055838,1.1752024484677437,-6.9394573506125266
169,2026-05-12 10:11:08.396384,2,5.633333333333333,0.2864934283665074,0.4863700403488263,0.05058384592310829,0.13308636865235546,42,0.9401942939046556,-0.019934027795311338,-0.00915388569331499,-0.5980208338593401,-0.2746165707994497,0.6580601634254042,-0.23902359119996053,0.4419384750317279
170,2026-05-12 10:11:08.430121,2,5.666666666666667,0.2727706437169629,0.4843609614406322,0.05058384592310829,0.13308636865235546,42,0.7596404590273013,-0.013722784649544462,-0.0020090789081941285,-0.41168353948633385,-0.060272367245823855,0.41607222322261705,5.590118831190188,6.430326106608775
171,2026-05-12 10:11:08.463773,2,5.7,0.2529874777691186,0.4759217642935635,0.05058384592310829,0.13308636865235546,42,0.711619712180706,-0.019783165947844294,-0.0084391971470687,-0.5934949784353288,-0.253175914412061,0.6452397485170412,-5.454343168469849,-5.7871064149871145
172,2026-05-12 10:11:08.497437,2,5.733333333333333,0.23501859504369083,0.4651111122506335,0.05058384592310829,0.13308636865235546,42,0.7296954411851324,-0.017968882725427793,-0.010810652042929969,-0.5390664817628338,-0.32431956128789907,0.6291071845036702,1.6328549001748516,-2.1343094062751424
173,2026-05-12 10:11:08.531125,2,5.766666666666667,0.21434408481510486,0.4594367969656548,0.05058384592310829,0.13308636865235546,42,0.7657690128706843,-0.020674510228585963,-0.005674315284978693,-0.6202353068575789,-0.17022945854936078,0.6431717534459389,-2.435064752842353,4.622703082156149
174,2026-05-12 10:11:08.566104,2,5.8,0.19659638350133765,0.45327181856664306,0.05058384592310829,0.13308636865235546,42,0.9241384107862836,-0.01774770131376721,-0.006164978399011756,-0.5324310394130164,-0.18494935197035267,0.5636391350187444,2.6341280233368747,-0.44159680262975676
175,2026-05-12 10:11:08.599923,2,5.833333333333333,0.1827371930480801,0.44241737746939236,0.05058384592310829,0.13308636865235546,42,0.730326705450374,-0.013859190453257564,-0.0108544410972507,-0.4157757135977269,-0.325633232917521,0.5281159402991122,3.4996597744586846,-4.22051642841505
176,2026-05-12 10:11:08.633628,2,5.866666666666666,0.1639334294284237,0.4396124692291262,0.05058384592310829,0.13308636865235546,42,0.7490293148706427,-0.018803763619656383,-0.002804908240266135,-0.5641129085896915,-0.08414724720798405,0.5703543923300699,-4.450115849758939,7.244579571286108
177,2026-05-12 10:11:08.667296,2,5.9,0.1457583545723145,0.4315505775866545,0.05058384592310829,0.13308636865235546,42,0.7087708900807194,-0.018175074856109197,-0.00806189164247173,-0.5452522456832759,-0.2418567492741519,0.5964852878253708,0.5658198871924691,-4.7312850619850355
178,2026-05-12 10:11:08.700999,2,5.933333333333334,0.1262202571271004,0.42078891840427135,0.05058384592310829,0.13308636865235546,42,0.7453822112685295,-0.01953809744521412,-0.010761659182383143,-0.5861429233564236,-0.3228497754714943,0.6691752417138642,-1.2267203301944307,-2.4297907859202716
179,2026-05-12 10:11:08.740114,2,5.966666666666667,0.11155548331579146,0.41285860463783125,0.05058384592310829,0.13308636865235546,42,0.7956967887844335,-0.014664773811308929,-0.0079303137664401,-0.43994321433926786,-0.237909412993203,0.5001508978637721,4.385991270514672,2.548210874348739
180,2026-05-12 10:11:08.773838,2,6.0,0.0922126065187873,0.4080020157963823,0.05058384592310829,0.13308636865235546,42,0.7923855688597395,-0.019342876797004166,-0.004856588841448961,-0.580286303910125,-0.14569766524346883,0.5982975882978904,-4.210292687125715,2.7663524324920252
181,2026-05-12 10:11:08.807527,2,6.033333333333333,0.07195218958083013,0.4035033930495888,0.05058384592310829,0.13308636865235546,42,0.9676843686880412,-0.02026041693795716,-0.004498622746793468,-0.6078125081387148,-0.13495868240380404,0.6226153636122755,-0.8257861268576927,0.3221694851899437
182,2026-05-12 10:11:08.841293,2,6.066666666666666,0.05518515768752785,0.39450148397267865,0.05058384592310829,0.13308636865235546,42,0.7745025110899684,-0.01676703189330228,-0.009001909076910175,-0.5030109567990685,-0.27005727230730525,0.5709211442799929,3.144046540189389,-4.052957697105036
183,2026-05-12 10:11:08.875939,2,6.1,0.04848640673589641,0.3920822657577422,0.05058384592310829,0.13308636865235546,42,0.7304303900800589,-0.006698750951631444,-0.0024192182149364583,-0.2009625285489433,-0.07257654644809375,0.21366631221396873,9.061452847503755,5.924421775776345
184,2026-05-12 10:11:08.909739,2,6.133333333333333,0.06950375942787404,0.38541061329065174,0.05058384592310829,0.13308636865235546,42,0.8241447284961188,0.02101735269197763,-0.00667165246709045,0.6305205807593289,-0.2001495740127135,0.6615255510851807,24.944493279248167,-3.8271908269385926
185,2026-05-12 10:11:08.943423,2,6.166666666666667,0.08514653538331841,0.38124250642682983,0.05058384592310829,0.13308636865235546,42,0.7477702389135931,0.015642775955444374,-0.004168106863821908,0.46928327866333125,-0.12504320591465723,0.48565687370655136,-4.83711906287993,2.253191042941688
186,2026-05-12 10:11:08.977129,2,6.2,0.10363559874361523,0.3771974358089133,0.05058384592310829,0.13308636865235546,42,0.7906151196146822,0.01848906336029682,-0.004045070617916535,0.5546719008089046,-0.12135211853749606,0.5677915587788372,2.561658664367201,0.11073262131483519
187,2026-05-12 10:11:09.011632,2,6.233333333333333,0.11776306302307363,0.37152394420509494,0.05058384592310829,0.13308636865235546,42,0.952494965658589,0.014127464279458393,-0.005673491603818359,0.4238239283837518,-0.17020474811455077,0.45672352528786303,-3.9254391727545834,-1.4655788873116415
188,2026-05-12 10:11:09.045574,2,6.266666666666667,0.1376296599115604,0.36849971678308113,0.05058384592310829,0.13308636865235546,42,0.9806551567566815,0.01986659688848677,-0.0030242274220138032,0.5959979066546032,-0.0907268226604141,0.6028638827187471,5.16521934812554,2.3843377636241003
189,2026-05-12 10:11:09.079312,2,6.3,0.15744214393077482,0.3618660172356075,0.05058384592310829,0.13308636865235546,42,0.7739228773119105,0.019812484019214427,-0.006633699547473615,0.5943745205764328,-0.19901098642420845,0.6268065438618209,-0.048701582345110905,-3.2485249129138305
190,2026-05-12 10:11:09.113362,2,6.333333333333333,0.17137759891458168,0.35882167915287866,0.05058384592310829,0.13308636865235546,42,0.8665624959801532,0.013935454983806855,-0.003044338082728859,0.41806364951420566,-0.09133014248186577,0.42792336927409624,-5.289326131866814,3.2304253182702802
191,2026-05-12 10:11:09.151704,2,6.366666666666666,0.19107475628325687,0.3486235662377689,0.05058384592310829,0.13308636865235546,42,0.835456903005699,0.019697157368675194,-0.010198112915109747,0.5909147210602559,-0.3059433874532924,0.6654183375081539,5.185532146381507,-6.438397349142799
192,2026-05-12 10:11:09.185426,2,6.4,0.20604829383936865,0.3498432782656505,0.05058384592310829,0.13308636865235546,42,0.9488284211844779,0.014973537556111777,0.0012197120278815698,0.4492061266833533,0.036591360836447095,0.45069398924073073,-4.251257831307077,10.276042448692186
193,2026-05-12 10:11:09.219170,2,6.433333333333334,0.22862529878768617,0.3459937885551847,0.05058384592310829,0.13308636865235546,42,0.8069432701739698,0.02257700494831752,-0.003849489710465781,0.6773101484495256,-0.11548469131397343,0.6870849664492756,6.84312065298517,-4.562281564512616
194,2026-05-12 10:11:09.252902,2,6.466666666666667,0.24233883599168718,0.33927358082284076,0.05058384592310829,0.13308636865235546,42,0.9377286536752365,0.013713537204001008,-0.006720207732343941,0.41140611612003025,-0.20160623197031824,0.4581485186598747,-7.9771209698848615,-2.5836462196903445
195,2026-05-12 10:11:09.286592,2,6.5,0.26176192368162354,0.33595751498547516,0.05058384592310829,0.13308636865235546,42,0.7641770769719451,0.019423087689936364,-0.0033160658373656005,0.582692630698091,-0.09948197512096801,0.5911238154937007,5.138595437341821,3.063727705480507
196,2026-05-12 10:11:09.320286,2,6.533333333333333,0.2790126774164525,0.33426596043236767,0.05058384592310829,0.13308636865235546,42,0.8076378305539124,0.017250753734828983,-0.0016915545531074883,0.5175226120448695,-0.05074663659322465,0.5200046875781692,-1.9551005595966442,1.462060155832301
197,2026-05-12 10:11:09.354867,2,6.566666666666666,0.29832840381743453,0.32804700582811813,0.05058384592310829,0.13308636865235546,42,0.9063294129918238,0.019315726400982003,-0.006218954604249538,0.5794717920294601,-0.18656863812748614,0.6087654839842505,1.858475399537718,-4.074660046027845
198,2026-05-12 10:11:09.388822,2,6.6,0.31352644406727653,0.3225119990607327,0.05058384592310829,0.13308636865235546,42,0.922291280241498,0.015198040249842004,-0.005535006767385442,0.4559412074952601,-0.16605020302156326,0.48523711174614237,-3.705917536025999,0.6155530531776865
199,2026-05-12 10:11:09.422650,2,6.633333333333333,0.33223617546238904,0.31981234773086137,0.05058384592310829,0.13308636865235546,42,0.7463948190488359,0.018709731395112505,-0.002699651329871322,0.5612919418533752,-0.08098953989613966,0.5671048840929878,3.160522030743451,2.551819893762708
200,2026-05-12 10:11:09.456397,2,6.666666666666667,0.34712461785775894,0.3146958147057271,0.05058384592310829,0.13308636865235546,42,0.7929644383248058,0.014888442395369905,-0.005116533025134262,0.44665327186109716,-0.15349599075402787,0.47229245647351153,-3.4391600997683405,-2.1751935257366464
201,2026-05-12 10:11:09.490077,2,6.7,0.3663460384912157,0.3101804969414639,0.05058384592310829,0.13308636865235546,42,0.7378673564383408,0.019221420633456776,-0.004515317764263227,0.5766426190037033,-0.1354595329278968,0.5923394255935477,3.899680414278184,0.5410937347839317
202,2026-05-12 10:11:09.523794,2,6.733333333333333,0.37935088133226286,0.31384593636970753,0.05058384592310829,0.13308636865235546,42,0.7595933540098287,0.013004842841047137,0.0036654394282436553,0.3901452852314141,0.10996318284730966,0.405345834035842,-5.594920013168675,7.3626814732561945
203,2026-05-12 10:11:09.557465,2,6.766666666666667,0.39604291491715454,0.30679735256624013,0.05058384592310829,0.13308636865235546,42,0.9398793478465831,0.016692033584891686,-0.007048583803467401,0.5007610075467506,-0.21145751410402203,0.5435769190742828,3.3184716694600938,-9.64262090853995
204,2026-05-12 10:11:09.591135,2,6.8,0.41165847969064934,0.30703458054549737,0.05058384592310829,0.13308636865235546,42,0.7063290778872244,0.015615564773494794,0.00023722797925723738,0.46846694320484383,0.007116839377717121,0.46852099875930703,-0.9688219302572021,6.557230604452174
205,2026-05-12 10:11:09.624810,2,6.833333333333333,0.4286647887860337,0.3036050993604342,0.05058384592310829,0.13308636865235546,42,0.7734187022846097,0.017006309095384364,-0.0034294811850631435,0.5101892728615309,-0.1028844355518943,0.5204597018231186,1.2516698897006129,-3.300038247888343
206,2026-05-12 10:11:09.658514,2,6.866666666666666,0.445636347783116,0.2975783643252163,0.05058384592310829,0.13308636865235546,42,0.7442349317810544,0.016971558997082303,-0.006026735035217945,0.5091467699124691,-0.18080205105653835,0.5402960438301874,-0.031275088471854895,-2.3375284651393216
207,2026-05-12 10:11:09.692177,2,6.8999999999999995,0.45997602313585084,0.3009042086939823,0.05058384592310829,0.13308636865235546,42,0.7704635477394643,0.014339675352734838,0.00332584436876604,0.4301902605820451,0.0997753310629812,0.4416093035573134,-2.3686952799127194,8.417321463585587
208,2026-05-12 10:11:09.725867,2,6.933333333333334,0.4734677501610381,0.30170214702980463,0.05058384592310829,0.13308636865235546,42,0.857198258597477,0.01349172702518725,0.0007979383358223124,0.4047518107556175,0.023938150074669373,0.4054590772679144,-0.7631534947928287,-2.2751154296493548
209,2026-05-12 10:11:09.759536,2,6.966666666666667,0.49116094764653806,0.295848014984583,0.05058384592310829,0.13308636865235546,42,0.9883683025523589,0.017693197485499967,-0.005854132045221616,0.530795924564999,-0.17562396135664848,0.559095778321938,3.7813234142814456,-5.986863342939536
210,2026-05-12 10:11:09.793256,2,7.0,0.50370087751131,0.29475650625751093,0.05058384592310829,0.13308636865235546,42,0.9873657775614342,0.012539929864771926,-0.001091508727072088,0.3761978959431578,-0.03274526181216264,0.37762032398059037,-4.637940858655237,4.286360986334575
211,2026-05-12 10:11:09.826932,2,7.033333333333333,0.5211930356893834,0.2949168771128788,0.05058384592310829,0.13308636865235546,42,0.7357902525040285,0.01749215817807337,0.0001603708553678529,0.5247647453422011,0.004811125661035587,0.524786799456876,4.457005481971299,1.1266916241959468
212,2026-05-12 10:11:09.861393,2,7.066666666666666,0.5322185338831297,0.2906932563408962,0.05058384592310829,0.13308636865235546,42,0.8287667380837529,0.01102549819374632,-0.0042236207719825725,0.3307649458123896,-0.12670862315947717,0.35420407191510855,-5.819993985894345,-3.945592464615383
213,2026-05-12 10:11:09.895846,2,7.1,0.5505635672430859,0.2901993657172252,0.05058384592310829,0.13308636865235546,42,0.722398469834616,0.018345033359956187,-0.0004938906236710006,0.5503510007986856,-0.014816718710130017,0.5505504147972735,6.587581649588881,3.3567571334804147
214,2026-05-12 10:11:09.929583,2,7.133333333333333,0.5632313937692301,0.2862915817037713,0.05058384592310829,0.13308636865235546,42,0.8943865880915112,0.012667826526144288,-0.00390778401345393,0.38003479578432864,-0.1172335204036179,0.3977061029366558,-5.109486150430709,-3.0725040508046364
215,2026-05-12 10:11:09.963285,2,7.166666666666667,0.5773660583145869,0.2925498677894594,0.05058384592310829,0.13308636865235546,42,0.814284879412141,0.014134664545356723,0.006258286085688125,0.4240399363607017,0.18774858257064375,0.4637449707393858,1.3201542172911918,9.149463089227849
216,2026-05-12 10:11:09.996934,2,7.2,0.5921675887717158,0.28983751534909946,0.05058384592310829,0.13308636865235546,42,0.7142827814029623,0.014801530457128953,-0.002712352440359944,0.4440459137138686,-0.08137057321079832,0.4514398560945171,0.6001793205950068,-8.073574673443263
217,2026-05-12 10:11:10.030621,2,7.233333333333333,0.6090505218428282,0.28337026991802733,0.05058384592310829,0.13308636865235546,42,0.8921957607393001,0.016882933071112327,-0.006467245431072133,0.5064879921333698,-0.19401736293216398,0.542377012136801,1.8732623525850367,-3.3794036916409698
218,2026-05-12 10:11:10.072417,2,7.266666666666667,0.6261492544763908,0.28351285773462365,0.05058384592310829,0.13308636865235546,42,0.778107463845418,0.017098732633562652,0.00014258781659631792,0.5129619790068796,0.0042776344978895375,0.5129798144796264,0.19421960620529255,5.948849922901606
219,2026-05-12 10:11:10.106386,2,7.3,0.6344150584090289,0.28358783436164003,0.05058384592310829,0.13308636865235546,42,0.9788151632637203,0.008265803932638094,7.497662701638763e-05,0.24797411797914282,0.002249298810491629,0.24798431912657848,-7.9496358308321025,-0.06085007062193726
220,2026-05-12 10:11:10.140586,2,7.333333333333333,0.6496180059795089,0.27888111668004956,0.05058384592310829,0.13308636865235546,42,0.8236160088961518,0.015202947570480019,-0.004706717681590478,0.45608842711440056,-0.14120153044771433,0.4774458351985748,6.243429274057733,-4.303524877746179
221,2026-05-12 10:11:10.174497,2,7.366666666666666,0.6665214314235203,0.2793649174911609,0.05058384592310829,0.13308636865235546,42,0.9514741152201414,0.016903425444011355,0.00048380081111132345,0.5071027633203407,0.014514024333339703,0.5073104271247283,1.5304300861782028,4.671466643431621
222,2026-05-12 10:11:10.209433,2,7.3999999999999995,0.6772748864223364,0.27369213030002687,0.05058384592310829,0.13308636865235546,42,0.8260252916974331,0.010753454998816081,-0.00567278719113401,0.32260364996448243,-0.1701836157340203,0.3647404255559164,-5.534973400675747,-5.5409292020208
223,2026-05-12 10:11:10.243311,2,7.433333333333334,0.6947914314236855,0.2691069789653933,0.05058384592310829,0.13308636865235546,42,0.7024266024716483,0.017516545001349138,-0.004585151334633553,0.5254963500404741,-0.13755454003900658,0.5432013120300827,6.086781002279751,0.9788722708504116
224,2026-05-12 10:11:10.276834,2,7.466666666666667,0.7092602639272136,0.27101485208989273,0.05058384592310829,0.13308636865235546,42,0.9565569850442975,0.01446883250352815,0.0019078731244994152,0.4340649751058445,0.057236193734982455,0.4378223206814676,-2.742941248038888,5.843722013219671
225,2026-05-12 10:11:10.310370,2,7.5,0.7208434119316378,0.2673546053321587,0.05058384592310829,0.13308636865235546,42,0.9436594900349515,0.01158314800442417,-0.0036602467577340203,0.3474944401327251,-0.10980740273202061,0.36443113425983276,-2.597116049193582,-5.011307894010092
226,2026-05-12 10:11:10.343867,2,7.533333333333333,0.7334081357718922,0.26529024387454403,0.05058384592310829,0.13308636865235546,42,0.8022820725532513,0.012564723840254421,-0.002064361457614683,0.37694171520763264,-0.06193084372844049,0.3819954005856465,0.8834182522472256,1.4362967701074036
227,2026-05-12 10:11:10.377375,2,7.566666666666666,0.7502569142568974,0.25997275822614396,0.05058384592310829,0.13308636865235546,42,0.7892016183864268,0.01684877848500521,-0.0053174856484000665,0.5054633545501563,-0.159524569452002,0.5300389523911838,3.855649180275711,-2.9278117717068453
228,2026-05-12 10:11:10.410873,2,7.6,0.7655302769847115,0.25953285369065243,0.05058384592310829,0.13308636865235546,42,0.9493841870074442,0.0152733627278141,-0.00043990453549153097,0.458200881834423,-0.013197136064745929,0.4583908948857452,-1.4178741814720008,4.389823001617682
229,2026-05-12 10:11:10.444381,2,7.633333333333333,0.7814570085041221,0.25699682874285473,0.05058384592310829,0.13308636865235546,42,0.860476544859017,0.015926731519410597,-0.0025360249477976993,0.4778019455823179,-0.07608074843393098,0.48382122678166506,0.5880319124368483,-1.8865083710755515
230,2026-05-12 10:11:10.477960,2,7.666666666666667,0.794886617695279,0.25468936893249083,0.05058384592310829,0.13308636865235546,42,0.7498173332066561,0.013429609191156877,-0.002307459810363899,0.4028882757347063,-0.06922379431091696,0.4087919965254761,-2.2474100954283482,0.20570862369042042
231,2026-05-12 10:11:10.511458,2,7.7,0.8116230372556492,0.256652448304075,0.05058384592310829,0.13308636865235546,42,0.7190441852497367,0.016736419560370197,0.0019630793715841865,0.5020925868111059,0.058892381147525596,0.50553464598175,2.976129332291988,3.843485263753277
232,2026-05-12 10:11:10.544952,2,7.733333333333333,0.8277811432509198,0.2545717939505243,0.05058384592310829,0.13308636865235546,42,0.7714916920640048,0.016158105995270566,-0.002080654353550704,0.484743179858117,-0.062419630606521115,0.48874549686315605,-0.5204822085896676,-3.6393603526214013
233,2026-05-12 10:11:10.578461,2,7.766666666666667,0.8442029512657213,0.2508376615751979,0.05058384592310829,0.13308636865235546,42,0.7749555317432713,0.01642180801480153,-0.0037341323753264377,0.49265424044404593,-0.11202397125979313,0.5052302156089982,0.23733181757786825,-1.4881302195981605
234,2026-05-12 10:11:10.611967,2,7.8,0.8562127391990116,0.24995238393048694,0.05058384592310829,0.13308636865235546,42,0.7851548934067992,0.012009787933290328,-0.0008852776447109412,0.36029363799870984,-0.026558329341328235,0.36127115915852986,-3.970818073360083,2.563969257553947
235,2026-05-12 10:11:10.645462,2,7.833333333333333,0.8717413034031247,0.24850831633489612,0.05058384592310829,0.13308636865235546,42,0.942595819157634,0.015528564204113082,-0.00144406759559082,0.46585692612339247,-0.0433220278677246,0.467866940182471,3.166898643740479,-0.5029109557918909
236,2026-05-12 10:11:10.678993,2,7.866666666666666,0.8868701339555254,0.24871542503322272,0.05058384592310829,0.13308636865235546,42,0.7106375181615178,0.015128830552400663,0.0002071086983266024,0.4538649165720199,0.006213260949798072,0.45390744332579175,-0.35976028654117753,1.4860586645256801
237,2026-05-12 10:11:10.712521,2,7.8999999999999995,0.9103367565758447,0.24779071035797517,0.05058384592310829,0.13308636865235546,42,0.7479637844333236,0.02346662262031929,-0.0009247146752475455,0.7039986786095787,-0.027741440257426364,0.7045450496537388,7.504012861126763,-1.018641036216733
238,2026-05-12 10:11:10.746017,2,7.933333333333334,0.9208563444582077,0.24777282216827326,0.05058384592310829,0.13308636865235546,42,0.7464652213362339,0.010519587882363068,-1.7888189701914525e-05,0.31558763647089205,-0.0005366456910574358,0.3155880927441364,-11.652331264160598,0.8161438369910679
239,2026-05-12 10:11:10.779510,2,7.966666666666667,0.9367153021673391,0.24138540850358922,0.05058384592310829,0.13308636865235546,42,0.8707316721275655,0.01585895770913137,-0.0063874136646840385,0.47576873127394115,-0.19162240994052115,0.512908406686251,4.805432844091473,-5.732572927483911
240,2026-05-12 10:11:10.813018,2,8.0,0.95117061854668,0.24021087802702315,0.05058384592310829,0.13308636865235546,42,0.7384619230052786,0.014455316379340832,-0.0011745304765660713,0.43365949138022497,-0.03523591429698214,0.43508863938340164,-1.2632771968114853,4.69159486930617
241,2026-05-12 10:11:10.846554,2,8.033333333333333,0.9319804348181273,0.2445131348314145,0.05058384592310829,0.13308636865235546,42,0.7093071995416832,-0.019190183728552634,0.004302256804391363,-0.575705511856579,0.1290677041317409,0.5899960242509134,-30.28095009710412,4.929108552861691
242,2026-05-12 10:11:10.880077,2,8.066666666666666,0.9148094782385344,0.23999447082276892,0.05058384592310829,0.13308636865235546,42,0.750435460987812,-0.01717095657959289,-0.00451866400864559,-0.5151286973877867,-0.1355599202593677,0.5326669380139564,1.8173044340637712,-7.938828731733258
243,2026-05-12 10:11:10.913571,2,8.1,0.8960355897869361,0.2397782296663861,0.05058384592310829,0.13308636865235546,42,0.94698777532892,-0.01877388845159833,-0.00021624115638282926,-0.5632166535479499,-0.006487234691484878,0.5632540128997696,-1.4426386848048978,3.8721805670364846
244,2026-05-12 10:11:10.947063,2,8.133333333333333,0.8789430563192697,0.2408637530231546,0.05058384592310829,0.13308636865235546,42,0.8693516458436992,-0.01709253346766637,0.0010855233567685085,-0.5127760040299911,0.032565700703055256,0.5138090648978922,1.5132194855387637,1.171588061836204
245,2026-05-12 10:11:10.980570,2,8.166666666666666,0.8620691084860371,0.24303673512942248,0.05058384592310829,0.13308636865235546,42,0.8580346688191282,-0.016873947833232594,0.0021729821062678734,-0.5062184349969778,0.0651894631880362,0.5103986383617553,0.196727070990399,0.9787128745494283
246,2026-05-12 10:11:11.014064,2,8.2,0.847005979140682,0.23670356551883365,0.05058384592310829,0.13308636865235546,42,0.9793668587715556,-0.015063129345355142,-0.006333169610588829,-0.45189388036065425,-0.18999508831766487,0.49021037595327027,1.6297366390897072,-7.655536545171032
247,2026-05-12 10:11:11.047572,2,8.233333333333333,0.8313912418402963,0.23805405061598245,0.05058384592310829,0.13308636865235546,42,0.7706073842700363,-0.01561473730038565,0.0013504850971488014,-0.4684421190115695,0.04051455291446404,0.47019086322674153,-0.49644715952745777,6.915289236963868
248,2026-05-12 10:11:11.081067,2,8.266666666666666,0.8136962913544589,0.23332462497778322,0.05058384592310829,0.13308636865235546,42,0.9821418072927917,-0.01769495048583747,-0.004729425638199225,-0.530848514575124,-0.14188276914597675,0.5494823615068515,-1.8721918669066362,-5.4719196618132235
249,2026-05-12 10:11:11.114799,2,8.3,0.7916383383029257,0.23697891793291737,0.05058384592310829,0.13308636865235546,42,0.9363000909979227,-0.02205795305153313,0.003654292955134142,-0.6617385915459939,0.10962878865402426,0.6707581045675293,-3.9267023091260955,7.54534673400003
250,2026-05-12 10:11:11.149155,2,8.333333333333334,0.7793096572653759,0.2322352608497464,0.05058384592310829,0.13308636865235546,42,0.8215783267577463,-0.012328681037549805,-0.004743657083170955,-0.36986043112649414,-0.14230971249512864,0.3962938212785083,8.756344812584993,-7.558155034474587
251,2026-05-12 10:11:11.183572,2,8.366666666666667,0.7572120644811466,0.2383400773434798,0.05058384592310829,0.13308636865235546,42,0.9561902496694743,-0.022097592784229292,0.0061048164937334,-0.6629277835268788,0.183144494812002,0.6877609702155275,-8.79202057201154,9.76362621921392
252,2026-05-12 10:11:11.217379,2,8.4,0.7395305605223971,0.238195935927652,0.05058384592310829,0.13308636865235546,42,0.7137907384250147,-0.017681503958749567,-0.00014414141582780315,-0.530445118762487,-0.004324242474834095,0.5304627443015486,3.9744799429317523,-5.624062118605083
253,2026-05-12 10:11:11.251106,2,8.433333333333334,0.7246324002866819,0.23610249351506402,0.05058384592310829,0.13308636865235546,42,0.902091673251409,-0.014898160235715219,-0.0020934424125879925,-0.44694480707145656,-0.06280327237763977,0.4513356972248944,2.5050093507309135,-1.7543708970841705
254,2026-05-12 10:11:11.284785,2,8.466666666666667,0.7056915686354371,0.24014591846173683,0.05058384592310829,0.13308636865235546,42,0.9116097103785139,-0.018940831651244716,0.004043424946672813,-0.5682249495373415,0.1213027484001844,0.5810283556300438,-3.6384042739765476,5.523180623334725
255,2026-05-12 10:11:11.318451,2,8.5,0.6918683502830795,0.2356749894241715,0.05058384592310829,0.13308636865235546,42,0.9464517739990743,-0.013823218352357669,-0.004470929037565324,-0.41469655057073007,-0.13412787112695973,0.4358480410284213,4.605851968998342,-7.662918585814324
256,2026-05-12 10:11:11.352152,2,8.533333333333333,0.6761193459468309,0.24119287809306517,0.05058384592310829,0.13308636865235546,42,0.7053960352943424,-0.015749004336248595,0.005517888668893661,-0.47247013008745786,0.16553666006680984,0.5006300127348878,-1.7332073855018337,8.989935935813087
257,2026-05-12 10:11:11.385846,2,8.566666666666666,0.6589335597989114,0.2403678084565461,0.05058384592310829,0.13308636865235546,42,0.7043678390566771,-0.017185786147919435,-0.0008250696365190713,-0.515573584437583,-0.02475208909557214,0.5161674019970777,-1.2931036305037558,-5.708662474871459
258,2026-05-12 10:11:11.419525,2,8.6,0.6390098303343437,0.23996170284507304,0.05058384592310829,0.13308636865235546,42,0.9587605572754763,-0.019923729464567774,-0.00040610561147305657,-0.5977118839370332,-0.012183168344191697,0.597836035874771,-2.464148984983505,0.37706762254141324
259,2026-05-12 10:11:11.453240,2,8.633333333333333,0.6219398253051611,0.24022837862849716,0.05058384592310829,0.13308636865235546,42,0.9592848955556638,-0.017070005029182544,0.0002666757834241251,-0.5121001508754763,0.008000273502723754,0.5121626391126202,2.568351991846707,0.6055032554074635
260,2026-05-12 10:11:11.486974,2,8.666666666666666,0.6035965085383329,0.2399947027567219,0.05058384592310829,0.13308636865235546,42,0.9071286739168576,-0.01834331676682821,-0.00023367587177525184,-0.5502995030048463,-0.007010276153257555,0.5503441532160815,-1.1459805638810994,-0.45031648967943927
261,2026-05-12 10:11:11.520642,2,8.7,0.5829137622921304,0.2398830685497259,0.05058384592310829,0.13308636865235546,42,0.8427926265921422,-0.020682746246202477,-0.00011163420699600302,-0.6204823873860743,-0.0033490262098800905,0.6204914254305831,-2.10548653143684,0.10983749830132394
262,2026-05-12 10:11:11.554308,2,8.733333333333333,0.5711382389410516,0.24343239465980776,0.05058384592310829,0.13308636865235546,42,0.9605962883041413,-0.011775523351078787,0.003549326110081852,-0.3532657005323636,0.10647978330245556,0.36896422512861526,8.016500605611322,3.2948642853700694
263,2026-05-12 10:11:11.588009,2,8.766666666666666,0.5522040855011447,0.24466622286267026,0.05058384592310829,0.13308636865235546,42,0.8820255025421339,-0.018934153439906898,0.001233828202862497,-0.5680246031972069,0.03701484608587491,0.5692293462815365,-6.4427670799453,-2.0839481164974196
264,2026-05-12 10:11:11.624074,2,8.8,0.5314651519686937,0.2468083469135394,0.05058384592310829,0.13308636865235546,42,0.7090753355633077,-0.020738933532451043,0.0021421240508691375,-0.6221680059735313,0.06426372152607412,0.6254780999854918,-1.6243020832897304,0.8174662632059765
265,2026-05-12 10:11:11.657743,2,8.833333333333334,0.51587206116253,0.24895481684855492,0.05058384592310829,0.13308636865235546,42,0.7476340991727742,-0.015593090806163667,0.0021464699350155214,-0.46779272418491,0.06439409805046564,0.47220401593386757,4.631258453658638,0.003911295731745534
266,2026-05-12 10:11:11.691271,2,8.866666666666667,0.4960916816063033,0.2473908659441539,0.05058384592310829,0.13308636865235546,42,0.936517554469587,-0.019780379556226746,-0.001563950904401007,-0.5934113866868024,-0.04691852713203021,0.5952633215962434,-3.768559875056771,-3.3393787554748755
267,2026-05-12 10:11:11.724778,2,8.9,0.47826514770824563,0.25209061080532336,0.05058384592310829,0.13308636865235546,42,0.7554773529322933,-0.01782653389805766,0.004699744861169447,-0.5347960169417298,0.1409923458350834,0.5530692735280263,1.758461092352176,5.637326189013408
268,2026-05-12 10:11:11.758300,2,8.933333333333334,0.46394679253788895,0.24825918483559442,0.05058384592310829,0.13308636865235546,42,0.8383877114008039,-0.014318355170356678,-0.0038314259697289355,-0.42955065511070034,-0.11494277909186806,0.44466347699287584,3.1573608549308854,-7.678053747808544
269,2026-05-12 10:11:11.791801,2,8.966666666666667,0.45001535102668383,0.2555196310858065,0.05058384592310829,0.13308636865235546,42,0.8398448473741043,-0.013931441511205123,0.007260446250212077,-0.4179432453361537,0.2178133875063623,0.4712952663661212,0.34822229323639986,9.982684997946912
270,2026-05-12 10:11:11.825299,2,9.0,0.4294827417208038,0.26068093103466916,0.05058384592310829,0.13308636865235546,42,0.9089508640986553,-0.020532609305880023,0.005161299948862663,-0.6159782791764007,0.1548389984658799,0.6351412093881459,-5.94105101520741,-1.8892316712144726
271,2026-05-12 10:11:11.858835,2,9.033333333333333,0.4131160045877369,0.2575847170663541,0.05058384592310829,0.13308636865235546,42,0.7266657753699605,-0.01636673713306691,-0.0030962139683150536,-0.4910021139920073,-0.09288641904945161,0.49971087919761215,3.749284955531801,-7.431762525459945
272,2026-05-12 10:11:11.892353,2,9.066666666666666,0.39699080738421966,0.26364903042841037,0.05058384592310829,0.13308636865235546,42,0.8417107614224725,-0.01612519720351724,0.006064313362056262,-0.48375591610551716,0.18192940086168785,0.5168346865923192,0.21738593659470506,8.244474597334184
273,2026-05-12 10:11:11.926291,2,9.1,0.37467455637194175,0.26460928616188034,0.05058384592310829,0.13308636865235546,42,0.8939844499226944,-0.02231625101227791,0.0009602557334699724,-0.6694875303683373,0.028807672004099172,0.6701070327082018,-5.571948427884604,-4.593651865727661
274,2026-05-12 10:11:11.959968,2,9.133333333333333,0.3609725781000549,0.26516747517340283,0.05058384592310829,0.13308636865235546,42,0.8129493327001533,-0.01370197827188685,0.0005581890115224919,-0.4110593481566055,0.016745670345674757,0.4114002979851369,7.752845466351954,-0.36186004975273245
275,2026-05-12 10:11:11.993896,2,9.166666666666666,0.3384051869786317,0.266135803679432,0.05058384592310829,0.13308636865235546,42,0.8041813440066804,-0.022567391121423197,0.0009683285060291813,-0.6770217336426959,0.02904985518087544,0.6776446870673387,-7.978871564582713,0.36912554505602047
276,2026-05-12 10:11:12.027433,2,9.2,0.32303432192057024,0.27595791539213277,0.05058384592310829,0.13308636865235546,42,0.7529282687651394,-0.015370865058061456,0.009822111712700754,-0.4611259517418437,0.2946633513810226,0.5472327055439187,6.476873457025567,7.968404886004415
277,2026-05-12 10:11:12.061060,2,9.233333333333333,0.30348657998544243,0.27337576930317825,0.05058384592310829,0.13308636865235546,42,0.7026977501470183,-0.019547741935127816,-0.002582146088954518,-0.5864322580538345,-0.07746438266863553,0.5915264354771914,-3.759189189359724,-11.163832021489744
278,2026-05-12 10:11:12.094594,2,9.266666666666666,0.28404674829068505,0.272695233634426,0.05058384592310829,0.13308636865235546,42,0.81856688295313,-0.01943983169475738,-0.0006805356687522579,-0.5831949508427214,-0.020416070062567737,0.5835521969843348,0.09711921633339116,1.711449378182034
279,2026-05-12 10:11:12.132571,2,9.3,0.2679940242556476,0.27866558459893054,0.05058384592310829,0.13308636865235546,42,0.7917319845549763,-0.016052724035037436,0.005970350964504545,-0.48158172105112307,0.17911052893513635,0.513810797498443,3.048396893747951,5.985797969931123
280,2026-05-12 10:11:12.166929,2,9.333333333333334,0.2528106259232022,0.2800137437527005,0.05058384592310829,0.13308636865235546,42,0.9889262584923249,-0.01518339833244542,0.0013481591537699567,-0.4555019499733626,0.0404447746130987,0.45729400414070603,0.7823931323328148,-4.159972629661129
281,2026-05-12 10:11:12.201368,2,9.366666666666667,0.23726507034548258,0.280294845509276,0.05058384592310829,0.13308636865235546,42,0.9840580949389583,-0.01554555557771961,0.00028110175657553027,-0.4663666673315883,0.008433052697265908,0.4664429062337289,-0.3259415207467725,-0.9603516574749837
282,2026-05-12 10:11:12.235074,2,9.4,0.21874160517956384,0.28343697054440836,0.05058384592310829,0.13308636865235546,42,0.8698849666518771,-0.01852346516591874,0.003142125035132337,-0.5557039549775622,0.09426375105397011,0.56364220950925,-2.680118629379216,2.5749209507011264
283,2026-05-12 10:11:12.268777,2,9.433333333333334,0.2037637562513126,0.2810866611848268,0.05058384592310829,0.13308636865235546,42,0.707116292409845,-0.014977848928251242,-0.0023503093595815816,-0.44933546784753725,-0.07050928078744745,0.4548339491978675,3.1910546139007483,-4.943190955242527
284,2026-05-12 10:11:12.302481,2,9.466666666666667,0.1889933324597977,0.28272028359809853,0.05058384592310829,0.13308636865235546,42,0.8095109187796005,-0.014770423791514886,0.0016336224132717514,-0.4431127137454466,0.04900867239815254,0.44581467792467705,0.18668262306272,3.585538595568
285,2026-05-12 10:11:12.336164,2,9.5,0.16726967472747986,0.2867023640556488,0.05058384592310829,0.13308636865235546,42,0.8281574127339911,-0.021723657732317853,0.003982080457550274,-0.6517097319695356,0.11946241372650823,0.6625683685757775,-6.257910546722671,2.1136122398506707
286,2026-05-12 10:11:12.369833,2,9.533333333333333,0.15292957210482264,0.28547059737323077,0.05058384592310829,0.13308636865235546,42,0.9358348389946697,-0.014340102622657225,-0.001231766682418034,-0.43020307867971674,-0.03695300047254102,0.43178723134135194,6.645199598694567,-4.692462425971478
287,2026-05-12 10:11:12.403504,2,9.566666666666666,0.13444655063768976,0.28692887578075316,0.05058384592310829,0.13308636865235546,42,0.8228153338956602,-0.018483021467132876,0.0014582784075223842,-0.5544906440139863,0.04374835222567153,0.5562138011785636,-3.7286269600280866,2.4210405809463764
288,2026-05-12 10:11:12.437246,2,9.6,0.11797927744613952,0.2897212046148641,0.05058384592310829,0.13308636865235546,42,0.7341571392806661,-0.01646727319155024,0.0027923288341109576,-0.4940181957465072,0.08376986502332873,0.5010702226381658,1.8141734480243732,1.200645383929716
289,2026-05-12 10:11:12.470932,2,9.633333333333333,0.09898035591780488,0.2915890973654277,0.05058384592310829,0.13308636865235546,42,0.7028374772604192,-0.018998921528334642,0.0018678927505635934,-0.5699676458500392,0.0560367825169078,0.5727156696919362,-2.2784835031059614,-0.8319924751926278
290,2026-05-12 10:11:12.504731,2,9.666666666666666,0.08730320740010483,0.28871287877742297,0.05058384592310829,0.13308636865235546,42,0.8676876491393419,-0.011677148517700048,-0.002876218588004742,-0.35031445553100143,-0.08628655764014226,0.36078468341015746,6.5895957095711335,-4.269700204711502
291,2026-05-12 10:11:12.538405,2,9.7,0.06367528418912896,0.2929825296487336,0.05058384592310829,0.13308636865235546,42,0.7769343573493013,-0.02362792321097587,0.0042696508713106485,-0.7088376963292762,0.12808952613931945,0.7203178509824607,-10.755697223948243,6.431282513383851
292,2026-05-12 10:11:12.572292,2,9.733333333333333,0.045860451729668454,0.2952792453750162,0.05058384592310829,0.13308636865235546,42,0.7462301100456257,-0.017814832459460507,0.0022967157262825943,-0.5344449737838152,0.06890147178847783,0.5388681126374071,5.2317816763638305,-1.7756416305252487
293,2026-05-12 10:11:12.606091,2,9.766666666666666,0.0661003819398974,0.2960330247765961,0.05058384592310829,0.13308636865235546,42,0.882409774415922,0.02023993021022894,0.0007537794015798904,0.6071979063068682,0.022613382047396713,0.6076188463758064,34.24928640272051,-1.3886426922324335
294,2026-05-12 10:11:12.640689,2,9.8,0.08645632229956626,0.2965955197298503,0.05058384592310829,0.13308636865235546,42,0.9245728135459974,0.020355940359668867,0.0005624949532542223,0.610678210790066,0.016874848597626668,0.6109113173357891,0.10440913449593414,-0.17215600349310134
295,2026-05-12 10:11:12.674584,2,9.833333333333334,0.1017084849864717,0.2982860967706794,0.05058384592310829,0.13308636865235546,42,0.739707973496382,0.015252162686905435,0.0016905770408290888,0.45756488060716305,0.05071731122487266,0.4603670987624202,-4.593399905487089,1.0152738788173798
296,2026-05-12 10:11:12.708193,2,9.866666666666667,0.12230516778618981,0.30294062143088685,0.05058384592310829,0.13308636865235546,42,0.7873560933585116,0.020596682799718116,0.0046545246602074375,0.6179004839915435,0.13963573980622312,0.6334817660739849,4.810068101531414,2.667552857440514
297,2026-05-12 10:11:12.742052,2,9.9,0.14310655101705622,0.2991708375665393,0.05058384592310829,0.13308636865235546,42,0.9837358712712592,0.020801383230866402,-0.0037697838643475645,0.6240414969259921,-0.11309351593042694,0.6342065383068348,0.18423038803345726,-7.581877672099502
298,2026-05-12 10:11:12.775992,2,9.933333333333334,0.1656705343173643,0.3037628076471955,0.05058384592310829,0.13308636865235546,42,0.8174434737549152,0.022563983300308094,0.004591970080656205,0.6769194990092429,0.13775910241968614,0.690794888833438,1.5863400624975232,7.5255785505033925
299,2026-05-12 10:11:12.809668,2,9.966666666666667,0.18607380765406134,0.30144015479379654,0.05058384592310829,0.13308636865235546,42,0.9254497548023954,0.02040327333669703,-0.0023226528533989432,0.612098200100911,-0.0696795856019683,0.6160515004579056,-1.9446389672499564,-6.223160640649633
300,2026-05-12 10:11:12.843190,2,10.0,0.20315865185015955,0.30461504797302785,0.05058384592310829,0.13308636865235546,42,0.8256249506313087,0.01708484419609821,0.0031748931792313084,0.5125453258829463,0.09524679537693925,0.5213201157772758,-2.98658622653894,4.947791429367227
301,2026-05-12 10:11:12.876692,2,10.033333333333333,0.22314393565566137,0.3017001865081453,0.05058384592310829,0.13308636865235546,42,0.7266805840691711,0.019985283805501824,-0.0029148614648825677,0.5995585141650548,-0.08744584394647703,0.6059019619800878,2.6103956484632542,-5.4807791797024885
302,2026-05-12 10:11:12.910375,2,10.066666666666666,0.2405848782304188,0.30258709453391286,0.05058384592310829,0.13308636865235546,42,0.7273770030498724,0.017440942574757423,0.0008869080257675743,0.5232282772427227,0.02660724077302723,0.5239043570805089,-2.289907107669963,3.421592541585128
303,2026-05-12 10:11:12.944075,2,10.1,0.26197757121000553,0.310251980050163,0.05058384592310829,0.13308636865235546,42,0.9208536310543746,0.021392692979586736,0.007664885516250164,0.6417807893876021,0.22994656548750492,0.6817316221259456,3.5565753643463816,6.100179741434331
304,2026-05-12 10:11:12.977754,2,10.133333333333333,0.28145730105108946,0.3113566607684299,0.05058384592310829,0.13308636865235546,42,0.9498585106626883,0.019479729841083926,0.0011046807182668594,0.5843918952325178,0.03314042154800578,0.5853308250501024,-1.721666824652529,-5.904184318184974
305,2026-05-12 10:11:13.011436,2,10.166666666666666,0.29717848786649187,0.31215184281070496,0.05058384592310829,0.13308636865235546,42,0.7676943761352562,0.01572118681540241,0.0007951820422750777,0.4716356044620723,0.02385546126825233,0.47223852704817026,-3.382688723113364,-0.27854880839260354
306,2026-05-12 10:11:13.045105,2,10.2,0.31500613930970617,0.3119741983056892,0.05058384592310829,0.13308636865235546,42,0.7740680533722754,0.0178276514432143,-0.00017764450501578377,0.534829543296429,-0.005329335150473513,0.5348560948477757,1.8958181650306993,-0.8755438925617753
307,2026-05-12 10:11:13.078798,2,10.233333333333333,0.33658296595923487,0.31174353758146384,0.05058384592310829,0.13308636865235546,42,0.7391902179230057,0.021576826649528702,-0.00023066072422534,0.6473047994858611,-0.0069198217267602,0.6473417855894682,3.3742576856829634,-0.04771459728860061
308,2026-05-12 10:11:13.112479,2,10.266666666666666,0.35097225035546625,0.31388018300174897,0.05058384592310829,0.13308636865235546,42,0.9564507956241818,0.014389284396231383,0.0021366454202851326,0.4316785318869415,0.06409936260855398,0.43641159835514,-6.468788027967587,2.1305755300594256
309,2026-05-12 10:11:13.146164,2,10.3,0.3761456254391854,0.3155603359611599,0.05058384592310829,0.13308636865235546,42,0.8016863888882534,0.02517337508371914,0.00168015295941093,0.7552012525115742,0.0504045887823279,0.7568814665225765,9.705681618738982,-0.41084321478678243
310,2026-05-12 10:11:13.179845,2,10.333333333333334,0.39154039630794824,0.31723942128129956,0.05058384592310829,0.13308636865235546,42,0.7357923577306206,0.015394770868762842,0.0016790853201396616,0.46184312606288525,0.05037255960418985,0.46458203565421663,-8.800743793460668,-0.0009608753441414652
311,2026-05-12 10:11:13.213422,2,10.366666666666667,0.41034906212325123,0.317455686717715,0.05058384592310829,0.13308636865235546,42,0.747870262490993,0.018808665815302994,0.0002162654364154526,0.5642599744590898,0.006487963092463578,0.5642972731120202,3.0725054518861374,-1.3165378953517881
312,2026-05-12 10:11:13.246921,2,10.4,0.43103705090975214,0.31760594511560963,0.05058384592310829,0.13308636865235546,42,0.8004742422191551,0.02068798878650091,0.00015025839789462037,0.6206396635950273,0.004507751936838611,0.6206560334475713,1.6913906740781248,-0.059406334668749006
313,2026-05-12 10:11:13.281669,2,10.433333333333334,0.4555336490854704,0.32269966797717425,0.05058384592310829,0.13308636865235546,42,0.7435292133355763,0.024496598175718254,0.00509372286156462,0.7348979452715476,0.1528116858469386,0.7506173467857814,3.427748450295609,4.449118017303
314,2026-05-12 10:11:13.316183,2,10.466666666666667,0.4741032838253506,0.32366144225405147,0.05058384592310829,0.13308636865235546,42,0.9024295054727245,0.018569634739880214,0.0009617742768772142,0.5570890421964064,0.028853228306316425,0.5578357372193053,-5.334267092254236,-3.7187537262186656
315,2026-05-12 10:11:13.350036,2,10.5,0.4946641337172283,0.3283401372803992,0.05058384592310829,0.13308636865235546,42,0.8541954876726596,0.020560849891877675,0.004678695026347712,0.6168254967563302,0.14036085079043137,0.63259375738566,1.7920936367977147,3.3452286745234483
316,2026-05-12 10:11:13.383717,2,10.533333333333333,0.5125244138919799,0.3305635152306388,0.05058384592310829,0.13308636865235546,42,0.8296616525025184,0.017860280174751608,0.0022233779502396356,0.5358084052425482,0.06670133850718907,0.5399441783066222,-2.43051274541346,-2.2097853684972693
317,2026-05-12 10:11:13.417411,2,10.566666666666666,0.5330057078219751,0.3331576756825782,0.05058384592310829,0.13308636865235546,42,0.9855849512016784,0.020481293929995203,0.002594160451939387,0.6144388178998561,0.0778248135581816,0.6193478526220448,2.3589123797192357,0.3337042515297761
318,2026-05-12 10:11:13.451086,2,10.6,0.5507152702340711,0.33467406424398694,0.05058384592310829,0.13308636865235546,42,0.7454461957013507,0.01770956241209598,0.0015163885614087325,0.5312868723628794,0.045491656842261974,0.5332309364500382,-2.4945583661093007,-0.9699947014775889
319,2026-05-12 10:11:13.484787,2,10.633333333333333,0.571086473619308,0.336023092232428,0.05058384592310829,0.13308636865235546,42,0.9695988174707768,0.020371203385236902,0.0013490279884410539,0.6111361015571071,0.040470839653231616,0.6124746717119463,2.3954768758268297,-0.15062451567091073
320,2026-05-12 10:11:13.518488,2,10.666666666666666,0.5861501977380372,0.34024707907422813,0.05058384592310829,0.13308636865235546,42,0.9383478771106091,0.01506372411872925,0.0042239868418001425,0.4519117235618775,0.12671960525400427,0.4693421611664537,-4.776731339856888,2.5874629680231798
321,2026-05-12 10:11:13.552180,2,10.7,0.6049203653690034,0.34206620923554115,0.05058384592310829,0.13308636865235546,42,0.953164462946938,0.018770167630966172,0.0018191301613130206,0.5631050289289852,0.05457390483939062,0.5657433912071197,3.335799161013231,-2.16437101243841
322,2026-05-12 10:11:13.585868,2,10.733333333333333,0.6242992730535627,0.3419760739252517,0.05058384592310829,0.13308636865235546,42,0.7679724234530844,0.0193789076845593,-9.013531028945199e-05,0.581367230536779,-0.0027040593086835596,0.5813735190725057,0.5478660482338138,-1.7183389244422254
323,2026-05-12 10:11:13.619574,2,10.766666666666666,0.6462181265078485,0.34235619312719257,0.05058384592310829,0.13308636865235546,42,0.7617564861868108,0.02191885345428579,0.000380119201940865,0.6575656036285737,0.01140357605822595,0.6576644772392122,2.2859511927538434,0.4232290610072853
324,2026-05-12 10:11:13.653434,2,10.8,0.6682289553391457,0.33988344105868995,0.05058384592310829,0.13308636865235546,42,0.8633258845553298,0.022010828831297236,-0.002472752068502615,0.6603248649389171,-0.07418256205507845,0.6644787278533864,0.08277783931029958,-2.567584143399132
325,2026-05-12 10:11:13.687289,2,10.833333333333334,0.6858698528668017,0.3432964776872629,0.05058384592310829,0.13308636865235546,42,0.9163285975388026,0.017640897527655963,0.003413036628572952,0.5292269258296789,0.10239109885718856,0.5390408854143766,-3.932938173277145,5.29720982736801
326,2026-05-12 10:11:13.721016,2,10.866666666666667,0.7049812595427483,0.3440853581413289,0.05058384592310829,0.13308636865235546,42,0.9744291296155846,0.019111406675946574,0.0007888804540659988,0.5733422002783972,0.023666413621979965,0.5738304433835838,1.3234582334615497,-2.3617405570562577
327,2026-05-12 10:11:13.756708,2,10.9,0.7233429629919964,0.3511146249630288,0.05058384592310829,0.13308636865235546,42,0.908193773295483,0.018361703449248146,0.007029266821699909,0.5508511034774444,0.21087800465099726,0.5898359696118101,-0.6747329040285854,5.616347730870519
328,2026-05-12 10:11:13.790462,2,10.933333333333334,0.7388180764642724,0.34721626290565577,0.05058384592310829,0.13308636865235546,42,0.8751007911890833,0.015475113472276036,-0.0038983620573730393,0.4642534041682811,-0.11695086172119118,0.4787574828022707,-2.5979309792748984,-9.834865991165653
329,2026-05-12 10:11:13.824133,2,10.966666666666667,0.76259655748575,0.35022508820618253,0.05058384592310829,0.13308636865235546,42,0.9737303303087836,0.023778481021477504,0.003008825300526763,0.7133544306443251,0.09026475901580289,0.719042606832217,7.473030794281321,6.216468622109822
330,2026-05-12 10:11:13.857795,2,11.0,0.7818594771702145,0.3506692041584244,0.05058384592310829,0.13308636865235546,42,0.7878876035516722,0.019262919684464586,0.0004441159522418636,0.5778875905339376,0.013323478567255909,0.5780411597578947,-4.064005203311627,-2.3082384134564093
331,2026-05-12 10:11:13.891481,2,11.033333333333333,0.7996235625118321,0.3487961018193748,0.05058384592310829,0.13308636865235546,42,0.8991151656954697,0.017764085341617553,-0.0018731023390495816,0.5329225602485266,-0.05619307017148745,0.5358769600917193,-1.3489509085623297,-2.085496462162301
332,2026-05-12 10:11:13.929552,2,11.066666666666666,0.8167279352897702,0.35392274418835046,0.05058384592310829,0.13308636865235546,42,0.8420962214558125,0.01710437277793808,0.005126642368975642,0.5131311833381424,0.15379927106926927,0.5356844473152463,-0.5937413073115239,6.299770237222702
333,2026-05-12 10:11:13.975965,2,11.1,0.834468033949083,0.35592660895453937,0.05058384592310829,0.13308636865235546,42,0.8444313988361503,0.01774009865931281,0.002003864766188912,0.5322029597793843,0.06011594298566736,0.5355874503748131,0.5721532932372542,-2.8104998425080576
334,2026-05-12 10:11:14.009712,2,11.133333333333333,0.852626881535097,0.3604927567481091,0.05058384592310829,0.13308636865235546,42,0.7381956242765629,0.01815884758601405,0.00456614779356973,0.5447654275804215,0.1369844338070919,0.5617242261041703,0.3768740340311161,2.3060547246427365
335,2026-05-12 10:11:14.043401,2,11.166666666666666,0.873695150685276,0.3563955435069795,0.05058384592310829,0.13308636865235546,42,0.8327683503400061,0.02106826915017901,-0.004097213241129605,0.6320480745053703,-0.12291639723388814,0.6438891280297447,2.618479407748464,-7.7970249312294015
336,2026-05-12 10:11:14.077164,2,11.2,0.893506207295628,0.35923854097978497,0.05058384592310829,0.13308636865235546,42,0.8157572624343834,0.019811056610351985,0.002842997472805475,0.5943316983105595,0.08528992418416426,0.6004203017753933,-1.1314912858443216,6.246189642541572
337,2026-05-12 10:11:14.110847,2,11.233333333333333,0.9074211220282766,0.36163495986514477,0.05058384592310829,0.13308636865235546,42,0.7121226224146547,0.013914914732648609,0.0023964188853597967,0.41744744197945827,0.0718925665607939,0.42359285633954136,-5.306527689933039,-0.4019207287011106
338,2026-05-12 10:11:14.144581,2,11.266666666666666,0.9257278782124783,0.3647395970221656,0.05058384592310829,0.13308636865235546,42,0.8101471393338824,0.018306756184201634,0.0031046371570208064,0.549202685526049,0.0931391147106242,0.5570444187657777,3.952657306397722,0.6373964444949087
339,2026-05-12 10:11:14.178268,2,11.3,0.9445480331817598,0.36806948024962205,0.05058384592310829,0.13308636865235546,42,0.9317511042940454,0.018820154969281577,0.003329883227456476,0.5646046490784473,0.09989649682369428,0.573373979038675,0.46205890657194937,0.20272146339210262
340,2026-05-12 10:11:14.211955,2,11.333333333333334,0.9468516244440539,0.36808999617842525,0.05058384592310829,0.13308636865235546,42,0.9516946074517394,0.002303591262294069,2.0515928803199746e-05,0.06910773786882207,0.0006154778640959924,0.06911047855677904,-14.864907336288757,-2.9784305687879487
341,2026-05-12 10:11:14.246028,2,11.366666666666667,0.9312631095660556,0.3676399020561185,0.05058384592310829,0.13308636865235546,42,0.9891323297916327,-0.015588514877998283,-0.0004500941223067323,-0.4676554463399485,-0.013502823669201969,0.46785034224467337,-16.10289552626312,-0.42354904599893883
342,2026-05-12 10:11:14.279876,2,11.4,0.9135268752528731,0.36886164906783914,0.05058384592310829,0.13308636865235546,42,0.8644610143613354,-0.017736234313182497,0.0012217470117206197,-0.5320870293954749,0.03665241035161859,0.5333479221254025,-1.932947491665793,1.5046570206246168
343,2026-05-12 10:11:14.313647,2,11.433333333333334,0.893402733653158,0.37490677913743214,0.05058384592310829,0.13308636865235546,42,0.8773168970898154,-0.020124141599715095,0.006045130069593008,-0.6037242479914529,0.18135390208779023,0.6303746548008677,-2.149116557879338,4.341044752085149
344,2026-05-12 10:11:14.347354,2,11.466666666666667,0.8750146651399056,0.3752004332483134,0.05058384592310829,0.13308636865235546,42,0.9111045590599713,-0.018388068513252476,0.0002936541108812807,-0.5516420553975743,0.00880962332643842,0.5517123949544854,1.5624657778163575,-5.176328362840555
345,2026-05-12 10:11:14.388206,2,11.5,0.853178301127525,0.37514508731763146,0.05058384592310829,0.13308636865235546,42,0.7702157132572707,-0.021836364012380538,-5.5345930681960365e-05,-0.6550909203714161,-0.001660377920458811,0.655093024545299,-3.103465949215256,-0.31410003740691694
346,2026-05-12 10:11:14.428129,2,11.533333333333333,0.832810495706505,0.3767928051637735,0.05058384592310829,0.13308636865235546,42,0.7846350894454315,-0.020367805421020013,0.0016477178461420383,-0.6110341626306004,0.04943153538426115,0.613030361884405,1.3217027322244723,1.5327573991415988
347,2026-05-12 10:11:14.461841,2,11.566666666666666,0.811274401978881,0.37998575115158834,0.05058384592310829,0.13308636865235546,42,0.760142474173167,-0.021536093727623995,0.0031929459878148325,-0.6460828118287198,0.09578837963444498,0.6531450171389946,-1.0514594759435836,1.3907053275055148
348,2026-05-12 10:11:14.495528,2,11.6,0.7925261786745522,0.38146632962619054,0.05058384592310829,0.13308636865235546,42,0.9703845971519456,-0.018748223304328793,0.001480578474602201,-0.5624466991298638,0.04441735423806603,0.5641978294176515,2.509083380965682,-1.5411307618913683
349,2026-05-12 10:11:14.529057,2,11.633333333333333,0.7737992717737647,0.3827426767507975,0.05058384592310829,0.13308636865235546,42,0.7834415675081152,-0.018726906900787488,0.0012763471246069469,-0.5618072070236246,0.038290413738208406,0.5631105518882851,0.019184763187174436,-0.18380821499572875
350,2026-05-12 10:11:14.562602,2,11.666666666666666,0.7582907785122112,0.3841009639380681,0.05058384592310829,0.13308636865235546,42,0.7933341974158101,-0.015508493261553569,0.0013582871872706015,-0.46525479784660706,0.040748615618118045,0.46703584080248095,2.896572275310527,0.07374605639728915
351,2026-05-12 10:11:14.596104,2,11.7,0.7335179828566912,0.3912499799912913,0.05058384592310829,0.13308636865235546,42,0.9313415729528456,-0.02477279565551993,0.007149016053223212,-0.7431838696655979,0.21447048159669635,0.7735113778138311,-8.337872154569725,5.211655979357349
352,2026-05-12 10:11:14.629599,2,11.733333333333333,0.7143752896123223,0.38941540832812144,0.05058384592310829,0.13308636865235546,42,0.8108984874183253,-0.019142693244368902,-0.0018345716631698594,-0.5742807973310671,-0.05503714989509578,0.5769120574678444,5.0670921700359255,-8.085228944753764
353,2026-05-12 10:11:14.663094,2,11.766666666666666,0.6963019505137207,0.3962748560829499,0.05058384592310829,0.13308636865235546,42,0.8370470144737392,-0.01807333909860165,0.0068594477548284405,-0.5422001729580495,0.20578343264485321,0.5799377972738434,0.9624187311905286,7.82461747619847
354,2026-05-12 10:11:14.702688,2,11.8,0.675394383300227,0.39919744623077963,0.05058384592310829,0.13308636865235546,42,0.766605266144688,-0.020907567213493627,0.002922590147829751,-0.6272270164048088,0.08767770443489253,0.6333254376409104,-2.550805303402781,-3.5431718462988204
355,2026-05-12 10:11:14.736522,2,11.833333333333334,0.6553084913465194,0.40266945974240725,0.05058384592310829,0.13308636865235546,42,0.9414930562246967,-0.02008589195370769,0.003472013511627625,-0.6025767586112307,0.10416040534882876,0.6115129925527746,0.739507733807343,0.49448102741808664
356,2026-05-12 10:11:14.770247,2,11.866666666666667,0.6355349556165525,0.3972897832106321,0.05058384592310829,0.13308636865235546,42,0.9269499312981746,-0.019773535729966873,-0.005379676531775179,-0.5932060718990062,-0.16139029595325538,0.6147684697231376,0.28112060136673556,-7.966521039062524
357,2026-05-12 10:11:14.803934,2,11.9,0.6130969929700416,0.4047886421722323,0.05058384592310829,0.13308636865235546,42,0.9345954808444552,-0.02243796264651088,0.007498858961600241,-0.6731388793953264,0.22496576884800723,0.709736252495933,-2.3979842248896044,11.590681944037879
358,2026-05-12 10:11:14.839572,2,11.933333333333334,0.590806121532143,0.40743163109665337,0.05058384592310829,0.13308636865235546,42,0.8573463588524142,-0.02229087143789865,0.0026429889244210525,-0.6687261431369595,0.07928966773263157,0.6734103547793013,0.13238208775100402,-4.37028303346127
359,2026-05-12 10:11:14.873296,2,11.966666666666667,0.5719055390658722,0.4110269200768925,0.05058384592310829,0.13308636865235546,42,0.8855217450942626,-0.0189005824662708,0.003595288980239142,-0.567017473988124,0.10785866940717426,0.5771848130141324,3.0512600744650675,0.8570700502362805
360,2026-05-12 10:11:14.907080,2,12.0,0.5500010664304642,0.41329587928494715,0.05058384592310829,0.13308636865235546,42,0.9088151179141278,-0.021904472635407957,0.002268959208054644,-0.6571341790622387,0.06806877624163932,0.6606502006287721,-2.703501152223442,-1.1936967949660482
361,2026-05-12 10:11:14.940815,2,12.033333333333333,0.5316911838442319,0.40981334304932804,0.05058384592310829,0.13308636865235546,42,0.8533048851175196,-0.01830988258623234,-0.003482536235619116,-0.5492964775869702,-0.10447608706857348,0.5591438750971104,3.235131044258055,-5.176345899306384
362,2026-05-12 10:11:14.974540,2,12.066666666666666,0.5083545712807139,0.41613156028584625,0.05058384592310829,0.13308636865235546,42,0.7148150771347588,-0.023336612563517933,0.006318217236518209,-0.700098376905538,0.18954651709554626,0.7253038118532268,-4.5240569795570345,8.820678124923592
363,2026-05-12 10:11:15.008281,2,12.1,0.48954794743587876,0.4175250545259113,0.05058384592310829,0.13308636865235546,42,0.7193892837823624,-0.01880662384483517,0.001393494240065074,-0.5641987153450551,0.04180482720195222,0.565745379101231,4.076989846814488,-4.432250696807821
364,2026-05-12 10:11:15.041985,2,12.133333333333333,0.4676438070180122,0.4153707631266451,0.05058384592310829,0.13308636865235546,42,0.8836357387078124,-0.021904140417866536,-0.002154291399266206,-0.6571242125359961,-0.06462874197798618,0.6602947107093242,-2.7877649157282303,-3.1930070753981523
365,2026-05-12 10:11:15.075645,2,12.166666666666666,0.44614475450136276,0.41631036360578,0.05058384592310829,0.13308636865235546,42,0.8803826680907942,-0.021499052516649464,0.0009396004791348833,-0.6449715754994839,0.0281880143740465,0.6455872499954115,0.36457911109536445,2.7845026905609807
366,2026-05-12 10:11:15.109328,2,12.2,0.4265572017128085,0.42380348022301145,0.05058384592310829,0.13308636865235546,42,0.7884772085984727,-0.019587552788554285,0.0074931166172314545,-0.5876265836566286,0.22479349851694364,0.6291558779789377,1.7203497552856606,5.898164524286914
367,2026-05-12 10:11:15.142982,2,12.233333333333333,0.40432270902514855,0.41914052034035537,0.05058384592310829,0.13308636865235546,42,0.803844891724945,-0.022234492687659924,-0.004662959882656081,-0.6670347806297977,-0.13988879647968244,0.6815455039470045,-2.3822459091950745,-10.940468849898782
368,2026-05-12 10:11:15.176678,2,12.266666666666666,0.3873638410596717,0.4175030086473197,0.05058384592310829,0.13308636865235546,42,0.7857229758532832,-0.016958867965476854,-0.0016375116930356648,-0.5087660389643056,-0.049125350791069944,0.5111322553838439,4.748062249964763,2.722903370658375
369,2026-05-12 10:11:15.210902,2,12.3,0.3636451132891544,0.4201148575390478,0.05058384592310829,0.13308636865235546,42,0.7792785642089789,-0.02371872777051731,0.002611848891728108,-0.7115618331155193,0.07835546675184324,0.7158629907437717,-6.083873824536412,3.8244245262873955
370,2026-05-12 10:11:15.244670,2,12.333333333333334,0.3408093380187019,0.4192531722516299,0.05058384592310829,0.13308636865235546,42,0.7875467201152827,-0.022835775270452496,-0.0008616852874179237,-0.6850732581135749,-0.02585055862253771,0.6855608071961568,0.7946572500583338,-3.1261807612314287
371,2026-05-12 10:11:15.278365,2,12.366666666666667,0.31961011651363663,0.42112228664885865,0.05058384592310829,0.13308636865235546,42,0.7841499281877999,-0.021199221505065258,0.001869114397228755,-0.6359766451519577,0.05607343191686265,0.6384438291233413,1.4728983888485148,2.457719716182011
372,2026-05-12 10:11:15.312243,2,12.4,0.3016035846750319,0.4191979631902878,0.05058384592310829,0.13308636865235546,42,0.8692049572584261,-0.018006531838604733,-0.0019243234585708535,-0.540195955158142,-0.057729703757125606,0.5432719288396032,2.873420699814472,-3.414094070219648
373,2026-05-12 10:11:15.345939,2,12.433333333333334,0.27642867148657724,0.42399407049316074,0.05058384592310829,0.13308636865235546,42,0.8700742635455216,-0.025174913188454662,0.004796107302872943,-0.7552473956536399,0.14388321908618829,0.7688309367970371,-6.451543214864936,6.048387685299417
374,2026-05-12 10:11:15.379621,2,12.466666666666667,0.25994781359930635,0.4206617496340687,0.05058384592310829,0.13308636865235546,42,0.9410762299512481,-0.016480857887270883,-0.0033323208590920195,-0.4944257366181265,-0.09996962577276058,0.5044311004562693,7.824649771065401,-7.315585345768466
375,2026-05-12 10:11:15.413324,2,12.5,0.24212636626456843,0.4181611029577419,0.05058384592310829,0.13308636865235546,42,0.8262332360293756,-0.017821447334737922,-0.002500646676326823,-0.5346434200421377,-0.0750194002898047,0.5398810026424301,-1.2065305027203366,0.7485067644886767
376,2026-05-12 10:11:15.447014,2,12.533333333333333,0.219681160140609,0.41817387678656986,0.05058384592310829,0.13308636865235546,42,0.9358203782048669,-0.02244520612395942,1.2773828827972178e-05,-0.6733561837187827,0.00038321486483916534,0.6733562927648005,-4.161382910299349,2.262078454639316
377,2026-05-12 10:11:15.480698,2,12.566666666666666,0.1958497438207655,0.4210345928116744,0.05058384592310829,0.13308636865235546,42,0.9082142459524494,-0.023831416319843507,0.002860716025104515,-0.7149424895953053,0.08582148075313545,0.7200750585788915,-1.247589176295677,2.5631479766488887
378,2026-05-12 10:11:15.514321,2,12.6,0.17859179177854528,0.41910943322641414,0.05058384592310829,0.13308636865235546,42,0.8362247180261456,-0.01725795204222022,-0.0019251595852602388,-0.5177385612666067,-0.05775478755780716,0.5209499335908041,5.916117849860958,-4.307288049328278
379,2026-05-12 10:11:15.548232,2,12.633333333333333,0.16393008242606638,0.4183907436104574,0.05058384592310829,0.13308636865235546,42,0.9515680167621761,-0.014661709352478902,-0.0007186896159567246,-0.43985128057436707,-0.02156068847870174,0.44037939587426905,2.3366184207671883,1.0858229723731627
380,2026-05-12 10:11:15.594175,2,12.666666666666666,0.14384814660007036,0.41755632308294083,0.05058384592310829,0.13308636865235546,42,0.8239094487204842,-0.020081935825996017,-0.0008344205275165884,-0.6024580747798806,-0.02503261582549765,0.602977913129948,-4.878203826165405,-0.10415782040387733
381,2026-05-12 10:11:15.628001,2,12.7,0.12491808229499012,0.4168404030278949,0.05058384592310829,0.13308636865235546,42,0.9871516262471249,-0.01893006430508025,-0.0007159200550459488,-0.5679019291524074,-0.021477601651378464,0.5683079169849047,1.0366843688241933,0.1066504252235756
382,2026-05-12 10:11:15.661523,2,12.733333333333333,0.10417174386006273,0.4159597291783598,0.05058384592310829,0.13308636865235546,42,0.7752527594003134,-0.02074633843492739,-0.0008806738495350519,-0.6223901530478216,-0.026420215486051557,0.622950664496973,-1.6346467168624257,-0.1482784150401928
383,2026-05-12 10:11:15.695022,2,12.766666666666666,0.08971270935610065,0.4151083571153937,0.05058384592310829,0.13308636865235546,42,0.9450581523160474,-0.014459034503962076,-0.0008513720629661492,-0.4337710351188623,-0.025541161888984476,0.4345223375831542,5.658573537868781,0.02637160791201243
384,2026-05-12 10:11:15.728515,2,12.8,0.06822369710439566,0.41523959072225314,0.05058384592310829,0.13308636865235546,42,0.9364536686714686,-0.021489012251704992,0.00013123360685945995,-0.6446703675511498,0.0039370082057837985,0.6446823891127684,-6.326979972968626,0.8843451028430482
385,2026-05-12 10:11:15.762026,2,12.833333333333334,0.049825426711209146,0.41255294684164956,0.05058384592310829,0.13308636865235546,42,0.8192567739362914,-0.018398270393186512,-0.0026866438806035786,-0.5519481117955953,-0.08059931641810736,0.5578019074203576,2.7816676726666345,-2.536089738716735
386,2026-05-12 10:11:15.795597,2,12.866666666666667,0.06905461869611582,0.40905885634991923,0.05058384592310829,0.13308636865235546,42,0.7078586938451256,0.01922919198490667,-0.0034940904917303284,0.5768757595472,-0.10482271475190985,0.5863219623049432,33.86471614028386,-0.7267019500140748
387,2026-05-12 10:11:15.829109,2,12.9,0.091811450950946,0.4095990742597134,0.05058384592310829,0.13308636865235546,42,0.79409718794021,0.02275683225483019,0.0005402179097941939,0.6827049676449057,0.016206537293825818,0.6828973017211943,3.1748762429311705,3.63087756137207
388,2026-05-12 10:11:15.862617,2,12.933333333333334,0.10858157444243109,0.41059133181203833,0.05058384592310829,0.13308636865235546,42,0.8171231550147604,0.016770123491485087,0.0009922575523249044,0.5031037047445526,0.029767726569747133,0.5039835863129127,-5.388037887010595,0.40683567827763945
389,2026-05-12 10:11:15.896139,2,12.966666666666667,0.12567595484252564,0.4092782296767877,0.05058384592310829,0.13308636865235546,42,0.7462304225320484,0.017094380400094547,-0.0013131021352506544,0.5128314120028364,-0.03939306405751963,0.5143421727144905,0.29183121774851606,-2.074823718818003
390,2026-05-12 10:11:15.929653,2,13.0,0.14462216358717153,0.4107858997678634,0.05058384592310829,0.13308636865235546,42,0.7000022680904252,0.018946208744645893,0.001507670091075719,0.5683862623393768,0.04523010273227157,0.5701830455295025,1.6666455100962119,2.538695003693736
391,2026-05-12 10:11:15.963196,2,13.033333333333333,0.16713437966201578,0.41189396092329744,0.05058384592310829,0.13308636865235546,42,0.9038339407169736,0.022512216074844243,0.001108061155434048,0.6753664822453274,0.03324183466302144,0.6761840762042476,3.209406597178516,-0.3596480420775039
392,2026-05-12 10:11:15.996707,2,13.066666666666666,0.184646349151676,0.4129065455362189,0.05058384592310829,0.13308636865235546,42,0.7516348828869951,0.017511969489660217,0.0010125846129214744,0.5253590846898065,0.030377538387644232,0.5262366033492958,-4.500221926665625,-0.08592888826131628
393,2026-05-12 10:11:16.030233,2,13.1,0.20434822627284424,0.4124978330301372,0.05058384592310829,0.13308636865235546,42,0.7476349178334804,0.01970187712116825,-0.00040871250608170984,0.5910563136350475,-0.012261375182451295,0.591183480155879,1.9709168683572298,-1.2791674071028658
394,2026-05-12 10:11:16.063728,2,13.133333333333333,0.2209799759812187,0.41196763560177607,0.05058384592310829,0.13308636865235546,42,0.954236867242723,0.01663174970837447,-0.0005301974283611344,0.49895249125123414,-0.01590592285083403,0.4992059564023145,-2.7631146715144013,-0.10933643005148208
395,2026-05-12 10:11:16.097222,2,13.166666666666666,0.24319113204659185,0.4128330200762547,0.05058384592310829,0.13308636865235546,42,0.9682724881744448,0.022211156065373133,0.0008653844744786476,0.666334681961194,0.02596153423435943,0.6668402429698791,5.021465721298798,1.2560237125558038
396,2026-05-12 10:11:16.130714,2,13.2,0.2657989683321418,0.41108391709422115,0.05058384592310829,0.13308636865235546,42,0.7392008147701231,0.022607836285549937,-0.001749102982033568,0.6782350885664982,-0.05247308946100704,0.6802619057983392,0.35701219815912344,-2.3530387108609943
397,2026-05-12 10:11:16.164234,2,13.233333333333333,0.2857582647872773,0.4096350869006178,0.05058384592310829,0.13308636865235546,42,0.8502468607912602,0.0199592964551355,-0.0014488301936033676,0.598778893654065,-0.04346490580810103,0.6003543632909594,-2.383685847372995,0.2702455095871803
398,2026-05-12 10:11:16.197732,2,13.266666666666666,0.3060482847112858,0.4096520642467669,0.05058384592310829,0.13308636865235546,42,0.7291306489259077,0.02029001992400853,1.6977346149138484e-05,0.6087005977202559,0.0005093203844741545,0.6087008108030174,0.29765112198572585,1.3192267857772555
399,2026-05-12 10:11:16.231663,2,13.299999999999999,0.31715832329603766,0.41161643056335817,0.05058384592310829,0.13308636865235546,42,0.9808063622697983,0.011110038584751847,0.0019643663165912484,0.3333011575425554,0.05893098949773745,0.3384708601082075,-8.261983205331013,1.752650073397899
400,2026-05-12 10:11:16.270648,2,13.333333333333334,0.3437399292309501,0.409257616481957,0.05058384592310829,0.13308636865235546,42,0.811811849648426,0.026581605934912433,-0.0023588140814011505,0.797448178047373,-0.07076442244203451,0.8005817885479468,13.924410615144527,-3.890862358193159
401,2026-05-12 10:11:16.304403,2,13.366666666666667,0.3636733402960911,0.4099115105713351,0.05058384592310829,0.13308636865235546,42,0.8887150095424307,0.019933411065141016,0.0006538940893781042,0.5980023319542305,0.019616822681343127,0.5983239998151577,-5.983375382794276,2.711437353701329
402,2026-05-12 10:11:16.338079,2,13.4,0.3841509954249445,0.4076265491909275,0.05058384592310829,0.13308636865235546,42,0.9464832041460773,0.02047765512885341,-0.002284961380407624,0.6143296538656023,-0.06854884141222872,0.6181422710651567,0.4898196573411562,-2.6449699228071557
403,2026-05-12 10:11:16.374191,2,13.433333333333334,0.4060533152862501,0.4065033002527389,0.05058384592310829,0.13308636865235546,42,0.9453137448599243,0.021902319861305586,-0.0011232489381886035,0.6570695958391676,-0.033697468145658105,0.6579331068852476,1.282198259206957,1.0455411979971185
404,2026-05-12 10:11:16.407969,2,13.466666666666667,0.4250427107019368,0.4058993040877895,0.05058384592310829,0.13308636865235546,42,0.7835273341868942,0.018989395415686672,-0.000603996164949383,0.5696818624706002,-0.01811988494848149,0.56996995943516,-2.621632001057023,0.46732749591529843
405,2026-05-12 10:11:16.441662,2,13.5,0.4459099534884714,0.40805939256474194,0.05058384592310829,0.13308636865235546,42,0.9878295330732361,0.020867242786534623,0.0021600884769524265,0.6260172835960387,0.0648026543085728,0.6293623943058558,1.6900626337631564,2.4876761777116285
406,2026-05-12 10:11:16.475502,2,13.533333333333333,0.4709462332973556,0.40688070886840894,0.05058384592310829,0.13308636865235546,42,0.9391098420942741,0.025036279808884176,-0.001178683696333005,0.7510883942665253,-0.03536051088999015,0.7519203027796686,3.752133320114598,-3.0048949559568885
407,2026-05-12 10:11:16.509218,2,13.566666666666666,0.4882168430848351,0.40726433161257986,0.05058384592310829,0.13308636865235546,42,0.9082699985899659,0.01727060978747952,0.00038362274417091946,0.5181182936243856,0.011508682325127584,0.5182460959400522,-6.989103019264192,1.406075796453532
408,2026-05-12 10:11:16.542906,2,13.6,0.5115090946194617,0.40522079887729245,0.05058384592310829,0.13308636865235546,42,0.704414817714746,0.023292251534626607,-0.002043532735287401,0.6987675460387982,-0.06130598205862203,0.7014517138287254,5.419477572432379,-2.1844399315124887
409,2026-05-12 10:11:16.577182,2,13.633333333333333,0.529364168750019,0.4004612295308515,0.05058384592310829,0.13308636865235546,42,0.9343355109474881,0.017855074130557314,-0.0047595693464409505,0.5356522239167194,-0.14278708039322852,0.5543567942346784,-4.893459663662364,-2.4444329500381947
410,2026-05-12 10:11:16.611430,2,13.666666666666666,0.5518248948947402,0.40417205121903327,0.05058384592310829,0.13308636865235546,42,0.9426871739203575,0.022460726144721166,0.0037108216881817646,0.673821784341635,0.11132465064545294,0.6829560563423367,4.145086812747468,7.623351931160443
411,2026-05-12 10:11:16.645066,2,13.7,0.572766270301529,0.39885543055283024,0.05058384592310829,0.13308636865235546,42,0.8321362269383699,0.020941375406788865,-0.005316620666203031,0.6282412622036659,-0.15949861998609094,0.6481719627635268,-1.3674156641390711,-8.124698118946316
412,2026-05-12 10:11:16.678615,2,13.733333333333333,0.5955906081561193,0.39463020860709275,0.05058384592310829,0.13308636865235546,42,0.7999208745455267,0.02282433785459026,-0.0042252219457374895,0.6847301356377078,-0.1267566583721247,0.6963638482087516,1.6946662030212556,0.9822588484189876
413,2026-05-12 10:11:16.712131,2,13.766666666666666,0.6167661105962193,0.39585494770191026,0.05058384592310829,0.13308636865235546,42,0.922844634415261,0.021175502440100025,0.0012247390948175174,0.6352650732030007,0.03674217284452552,0.6363267246446206,-1.4839518730412116,4.904964936499506
414,2026-05-12 10:11:16.745626,2,13.799999999999999,0.6307085800772957,0.38719540272476877,0.05058384592310829,0.13308636865235546,42,0.9002603476391863,0.013942469481076358,-0.008659544977141498,0.41827408443229075,-0.25978634931424494,0.4923841559165912,-6.5097296631213,-8.895855664763113
415,2026-05-12 10:11:16.779196,2,13.833333333333334,0.6537978462322409,0.38506188175143796,0.05058384592310829,0.13308636865235546,42,0.770461993463057,0.02308926615494522,-0.0021335209733308047,0.6926779846483566,-0.06400562919992414,0.6956288600868908,8.232117006481976,5.873421603429624
416,2026-05-12 10:11:16.812707,2,13.866666666666667,0.6743741865292036,0.38272270677887166,0.05058384592310829,0.13308636865235546,42,0.8816915578261363,0.020576340296962647,-0.0023391749725663047,0.6172902089088794,-0.07017524917698914,0.6212662614465883,-2.2616332721843158,-0.18508859931195
417,2026-05-12 10:11:16.846217,2,13.9,0.6901249735750987,0.3818757808594228,0.05058384592310829,0.13308636865235546,42,0.8938118589569362,0.015750787045895165,-0.0008469259194488488,0.47252361137685495,-0.025407777583465463,0.47320621136070884,-4.342997925960734,1.3430241478057103
418,2026-05-12 10:11:16.879712,2,13.933333333333334,0.708864550030381,0.3781977986703522,0.05058384592310829,0.13308636865235546,42,0.8357508859949409,0.018739576455282236,-0.0036779821890706166,0.5621872936584671,-0.1103394656721185,0.5729130395058575,2.6899104684483643,-2.547950642659591
419,2026-05-12 10:11:16.913208,2,13.966666666666667,0.7317549979082442,0.3691027486145192,0.05058384592310829,0.13308636865235546,42,0.9778457883026797,0.022890447877863207,-0.009095050055832998,0.6867134363358962,-0.27285150167498995,0.7389338844650122,3.7357842803228736,-4.875361080086144
420,2026-05-12 10:11:16.946715,2,14.0,0.7494622101217692,0.36467975341671055,0.05058384592310829,0.13308636865235546,42,0.8532790146121955,0.017707212213525003,-0.0044229951978086435,0.5312163664057501,-0.1326898559342593,0.5475376021837977,-4.664912097904383,4.204849372221919
421,2026-05-12 10:11:16.980210,2,14.033333333333333,0.768434757721815,0.3627936766990669,0.05058384592310829,0.13308636865235546,42,0.8164432806214033,0.018972547600045853,-0.0018860767176436255,0.5691764280013756,-0.056582301529308765,0.5719819604137517,1.1388018478687645,2.283226632148516
422,2026-05-12 10:11:17.013705,2,14.066666666666666,0.7875175477885682,0.35847837800570065,0.05058384592310829,0.13308636865235546,42,0.7866072056182849,0.019082790066753175,-0.004315298693366276,0.5724837020025952,-0.1294589608009883,0.5869388482544566,0.09921822003658987,-2.186299778150386
423,2026-05-12 10:11:17.047213,2,14.1,0.8069079782808347,0.3560928865804265,0.05058384592310829,0.13308636865235546,42,0.8445565998763069,0.01939043049226652,-0.0023854914252741666,0.5817129147679956,-0.071564742758225,0.5860984794502783,0.2768763829620102,1.7368265412828987
424,2026-05-12 10:11:17.080721,2,14.133333333333333,0.8310272298703556,0.349909017674336,0.05058384592310829,0.13308636865235546,42,0.7703238279356969,0.024119251589520885,-0.006183868906090462,0.7235775476856265,-0.18551606718271385,0.7469810430644719,4.255938987528929,-3.418539732734666
425,2026-05-12 10:11:17.114217,2,14.166666666666666,0.8489805614552693,0.34595476192115365,0.05058384592310829,0.13308636865235546,42,0.8501770640801525,0.017953331584913745,-0.0039542557531823674,0.5385999475474124,-0.11862767259547102,0.5515092276684893,-5.5493280041464255,2.006651837617285
426,2026-05-12 10:11:17.147723,2,14.2,0.8676325768991091,0.3392580583159586,0.05058384592310829,0.13308636865235546,42,0.7103544824918943,0.018652015443839765,-0.006696703605195031,0.5595604633151929,-0.20090110815585094,0.5945327302712293,0.6288154730334172,-2.4682030668113977
427,2026-05-12 10:11:17.181499,2,14.233333333333333,0.8881584681001343,0.3377327467853188,0.05058384592310829,0.13308636865235546,42,0.7913829172568445,0.020525891201025215,-0.001525311530639839,0.6157767360307564,-0.04575934591919517,0.6174746200255072,1.6864881814669053,4.6542528670996735
428,2026-05-12 10:11:17.228639,2,14.266666666666666,0.907786598719624,0.3348028311087146,0.05058384592310829,0.13308636865235546,42,0.9592629510048236,0.019628130619489648,-0.0029299156766041667,0.5888439185846894,-0.087897470298125,0.5953680590516947,-0.8079845233820104,-1.264143731367895
429,2026-05-12 10:11:17.262356,2,14.299999999999999,0.928088959717142,0.3304824823343581,0.05058384592310829,0.13308636865235546,42,0.7028845187635261,0.020302360997518032,-0.004320348774356497,0.609070829925541,-0.12961046323069492,0.6227087184591705,0.6068073402255458,-1.2513897879770974
430,2026-05-12 10:11:17.296023,2,14.333333333333334,0.9426421455040696,0.32798595462408914,0.05058384592310829,0.13308636865235546,42,0.8582753741195859,0.014553185786927547,-0.002496527710268981,0.4365955736078264,-0.07489583130806943,0.44297300193270667,-5.174257689531436,1.6414389576787647
431,2026-05-12 10:11:17.329694,2,14.366666666666667,0.9514023514624066,0.3206931348272337,0.05058384592310829,0.13308636865235546,42,0.8613310749772282,0.008760205958337042,-0.007292819796855421,0.26280617875011125,-0.21878459390566263,0.3419558248073881,-5.213681845731455,-4.316662877927796
432,2026-05-12 10:11:17.364123,2,14.4,0.931813160949867,0.3227951927128671,0.05058384592310829,0.13308636865235546,42,0.7509007739258983,-0.0195891905125396,0.0021020578856333905,-0.587675715376188,0.06306173656900171,0.5910495148987203,-25.51445682378898,8.45538991423993
433,2026-05-12 10:11:17.397796,2,14.433333333333334,0.9133919113095562,0.31734381803402695,0.05058384592310829,0.13308636865235546,42,0.9870801512657126,-0.018421249640310777,-0.00545137467884016,-0.5526374892093233,-0.1635412403652048,0.576327972407877,1.0511467850059408,-6.798089308026195
434,2026-05-12 10:11:17.435505,2,14.466666666666667,0.8902725505419761,0.3149228257439065,0.05058384592310829,0.13308636865235546,42,0.8977756337990686,-0.023119360767580144,-0.0024209922901204384,-0.6935808230274043,-0.07262976870361315,0.6973732439471074,-4.22830001454243,2.7273441498477493
435,2026-05-12 10:11:17.471840,2,14.5,0.8741717026651721,0.3073435132845279,0.05058384592310829,0.13308636865235546,42,0.7478400007091772,-0.016100847876803992,-0.0075793124593785954,-0.48302543630411976,-0.22737937378135786,0.5338679160035633,6.316661601698537,-4.642488152332342
436,2026-05-12 10:11:17.505613,2,14.533333333333333,0.8555063112622048,0.3037727443777635,0.05058384592310829,0.13308636865235546,42,0.9590393661786224,-0.018665391402967302,-0.0035707689067643877,-0.559961742089019,-0.10712306720293163,0.570116219844983,-2.308089173546979,3.607689197352787
437,2026-05-12 10:11:17.541051,2,14.566666666666666,0.836106948345254,0.3035526178069345,0.05058384592310829,0.13308636865235546,42,0.705341805382929,-0.01939936291695077,-0.00022012657082903786,-0.5819808875085231,-0.006603797124871136,0.5820183532859378,-0.6605743625851201,3.015578102341815
438,2026-05-12 10:11:17.574829,2,14.6,0.8179287075675317,0.3020831313243798,0.05058384592310829,0.13308636865235546,42,0.7646782829235111,-0.018178240777722343,-0.0014694864825546827,-0.5453472233316703,-0.04408459447664048,0.5471261696041714,1.099009925305583,-1.1244239205530804
439,2026-05-12 10:11:17.618456,2,14.633333333333333,0.80129902802331,0.2942781095359678,0.05058384592310829,0.13308636865235546,42,0.8890677344926972,-0.016629679544221676,-0.007805021788412025,-0.4988903863266503,-0.23415065365236076,0.5511062929916353,1.3937051101506004,-5.701981775271609
440,2026-05-12 10:11:17.652025,2,14.666666666666666,0.7798413630749003,0.2851129849725784,0.05058384592310829,0.13308636865235546,42,0.9609560640944014,-0.021457664948409727,-0.00916512456338936,-0.6437299484522918,-0.2749537369016808,0.6999912884962133,-4.345186863769246,-1.2240924974796008
441,2026-05-12 10:11:17.685540,2,14.7,0.7593273778359259,0.2878516407320011,0.05058384592310829,0.13308636865235546,42,0.7022949266437268,-0.020513985238974408,0.00273865575942267,-0.6154195571692322,0.0821596727826801,0.620879572202316,0.849311738491787,10.713402290530826
442,2026-05-12 10:11:17.719037,2,14.733333333333333,0.7419846197271361,0.2855143264112314,0.05058384592310829,0.13308636865235546,42,0.8277558720326625,-0.017342758108789713,-0.002337314320769668,-0.5202827432636914,-0.07011942962309003,0.5249865401595165,2.8541044171662255,-4.568373072173104
443,2026-05-12 10:11:17.752532,2,14.766666666666666,0.7216819892115518,0.28001909628147165,0.05058384592310829,0.13308636865235546,42,0.8995620026761537,-0.02030263051558434,-0.005495230129759776,-0.6090789154675302,-0.16485690389279328,0.6309951854239623,-2.6638851661151652,-2.8421242280910977
444,2026-05-12 10:11:17.786038,2,14.799999999999999,0.7032012114068814,0.27609261449316685,0.05058384592310829,0.13308636865235546,42,0.9810822204751943,-0.01848077780467039,-0.003926481788304792,-0.5544233341401117,-0.11779445364914376,0.5667987003774252,1.6396674398225564,1.4118735073094857
445,2026-05-12 10:11:17.819533,2,14.833333333333334,0.6785033527435426,0.2697795948430133,0.05058384592310829,0.13308636865235546,42,0.9648082827673204,-0.024697858663338845,-0.006313019650153573,-0.7409357599001654,-0.1893905895046072,0.7647578673617802,-5.5953727728016105,-2.147884075663903
446,2026-05-12 10:11:17.853027,2,14.866666666666667,0.659880690833696,0.26110312256469675,0.05058384592310829,0.13308636865235546,42,0.8552951167879674,-0.018622661909846516,-0.008676472278316527,-0.5586798572953955,-0.2602941683494958,0.6163410070929559,5.467677078143097,-2.127107365346659
447,2026-05-12 10:11:17.886531,2,14.9,0.638957710416742,0.26221882065396507,0.05058384592310829,0.13308636865235546,42,0.7327691991135536,-0.020922980416954062,0.0011156980892683133,-0.6276894125086219,0.0334709426780494,0.6285811821707489,-2.0702866563967914,8.812953330826357
448,2026-05-12 10:11:17.920040,2,14.933333333333334,0.6232905756772065,0.25910741518064767,0.05058384592310829,0.13308636865235546,42,0.7344548023632836,-0.015667134739535515,-0.003111405473317397,-0.47001404218606546,-0.0933421641995219,0.47919302944589565,4.730261109676692,-3.804393206327139
449,2026-05-12 10:11:17.953793,2,14.966666666666667,0.6015666351476501,0.2516585874102833,0.05058384592310829,0.13308636865235546,42,0.9641462920764174,-0.021723940529556396,-0.007448827770364375,-0.6517182158866919,-0.22346483311093124,0.6889652854504565,-5.451125211018793,-3.9036800673422802
450,2026-05-12 10:11:17.987464,2,15.0,0.5806898199862789,0.24981885410649052,0.05058384592310829,0.13308636865235546,42,0.8193185904281424,-0.020876815161371187,-0.0018397333037927788,-0.6263044548411356,-0.05519199911378336,0.6287316016552913,0.7624128313666878,5.0481850199144365
451,2026-05-12 10:11:18.021053,2,15.033333333333333,0.559571702035642,0.24487439164898203,0.05058384592310829,0.13308636865235546,42,0.9711816167343923,-0.021118117950636894,-0.004944462457508486,-0.6335435385191068,-0.14833387372525458,0.6506768424445816,-0.21717251033913643,-2.7942562383441367
452,2026-05-12 10:11:18.054557,2,15.066666666666666,0.5384051587152122,0.23958117494014966,0.05058384592310829,0.13308636865235546,42,0.7366013382688231,-0.021166543320429776,-0.005293216708832371,-0.6349962996128933,-0.15879650126497113,0.654550707994471,-0.04358283281359343,-0.31387882619149654
453,2026-05-12 10:11:18.088062,2,15.1,0.5162589767222993,0.23648233622042486,0.05058384592310829,0.13308636865235546,42,0.7213252436085804,-0.02214618199291296,-0.0030988387197248,-0.6643854597873888,-0.092965161591744,0.670858077723358,-0.8816748052348666,1.974940190196814
454,2026-05-12 10:11:18.121557,2,15.133333333333333,0.49489625078922234,0.23562350050932696,0.05058384592310829,0.13308636865235546,42,0.762258176073987,-0.02136272593307692,-0.000858835711097905,-0.6408817779923076,-0.02576507133293715,0.6413994794692095,0.7051104538524366,2.0160027077642058
455,2026-05-12 10:11:18.155145,2,15.166666666666666,0.47486073274599977,0.22868593674197482,0.05058384592310829,0.13308636865235546,42,0.9419160823797392,-0.020035518043222567,-0.006937563767352134,-0.601065541296677,-0.20812691302056402,0.6360790806635105,1.1944871008689184,-5.470855250628806
456,2026-05-12 10:11:18.189133,2,15.2,0.45504755513775363,0.22533395914224777,0.05058384592310829,0.13308636865235546,42,0.7188166893299501,-0.019813177608246135,-0.0033519775997270518,-0.5943953282473841,-0.10055932799181155,0.6028415917042222,0.20010639147878817,3.227027550862574
457,2026-05-12 10:11:18.222804,2,15.233333333333333,0.4267083544347508,0.22308970760429175,0.05058384592310829,0.13308636865235546,42,0.9193605632458991,-0.02833920070300283,-0.0022442515379560157,-0.8501760210900849,-0.06732754613868047,0.8528377719740283,-7.673420785281027,0.9969534555939324
458,2026-05-12 10:11:18.256545,2,15.266666666666666,0.40679472686969503,0.21512935109051132,0.05058384592310829,0.13308636865235546,42,0.9472712940945718,-0.01991362756505577,-0.007960356513780437,-0.5974088269516731,-0.2388106954134131,0.6433722520933056,7.583015824152356,-5.144494478241979
459,2026-05-12 10:11:18.290266,2,15.299999999999999,0.38332566309690885,0.21570646611786654,0.05058384592310829,0.13308636865235546,42,0.7774897109762248,-0.02346906377278618,0.0005771150273552184,-0.7040719131835854,0.01731345082065655,0.704284753855508,-3.1998925869573704,7.68372438702209
460,2026-05-12 10:11:18.323973,2,15.333333333333334,0.3630521279683266,0.20791816745457486,0.05058384592310829,0.13308636865235546,42,0.7765166141546924,-0.020273535128582265,-0.007788298663291671,-0.608206053857468,-0.23364895989875012,0.6515415876294014,2.875975779783524,-7.5288723215822
461,2026-05-12 10:11:18.357654,2,15.366666666666667,0.33665497821667,0.19949402978878286,0.05058384592310829,0.13308636865235546,42,0.7258866548879999,-0.02639714975165658,-0.008424137665792003,-0.7919144925496974,-0.2527241299737601,0.8312629243393684,-5.511253160766882,-0.5722551022502992
462,2026-05-12 10:11:18.391417,2,15.4,0.314497348729847,0.19984588323324723,0.05058384592310829,0.13308636865235546,42,0.7210889665989411,-0.022157629486822983,0.0003518534444643673,-0.6647288846046895,0.010555603333931018,0.6648126884992027,3.8155682383502367,7.898391999230733
463,2026-05-12 10:11:18.425029,2,15.433333333333334,0.29350145892775864,0.1917125562399126,0.05058384592310829,0.13308636865235546,42,0.9769565189383878,-0.020995889802088386,-0.008133326993334633,-0.6298766940626516,-0.243999809800039,0.6754854231630394,1.0455657162611376,-7.6366623940191
464,2026-05-12 10:11:18.458531,2,15.466666666666667,0.2727695595039712,0.189824708746977,0.05058384592310829,0.13308636865235546,42,0.937367325049158,-0.020731899423787448,-0.001887847492935607,-0.6219569827136234,-0.05663542478806821,0.6245302712336364,0.23759134047084407,5.620931550359123
465,2026-05-12 10:11:18.492025,2,15.5,0.2498310660377792,0.18520812026239983,0.05058384592310829,0.13308636865235546,42,0.7767440892037986,-0.022938493466192006,-0.004616588484577161,-0.6881548039857602,-0.13849765453731483,0.7019534418756115,-1.985934638164104,-2.4558668924773985
466,2026-05-12 10:11:18.525534,2,15.533333333333333,0.22977616990935387,0.18403792863612523,0.05058384592310829,0.13308636865235546,42,0.914461021005902,-0.020054896128425315,-0.0011701916262746026,-0.6016468838527594,-0.03510574878823808,0.6026702136722195,2.595237603990024,3.1017571724723028
467,2026-05-12 10:11:18.559056,2,15.566666666666666,0.20862118389954803,0.1759008156728301,0.05058384592310829,0.13308636865235546,42,0.751623990345774,-0.021154986009805837,-0.008137112963295112,-0.6346495802941752,-0.24411338889885337,0.6799789970339198,-0.9900808932424721,-6.270229203318459
468,2026-05-12 10:11:18.608009,2,15.6,0.1878856213292647,0.17645546768225814,0.05058384592310829,0.13308636865235546,42,0.9662575903944766,-0.020735562570283333,0.0005546520094280305,-0.6220668771085001,0.016639560282840915,0.6222893816882368,0.37748109557025344,7.822588475450829
469,2026-05-12 10:11:18.641565,2,15.633333333333333,0.1649014012697119,0.17298810335884204,0.05058384592310829,0.13308636865235546,42,0.8882729176011922,-0.022984220059552807,-0.0034673643234161,-0.6895266017865842,-0.104020929702483,0.6973286803133252,-2.0237917403425243,-3.6198146995597176
470,2026-05-12 10:11:18.675071,2,15.666666666666666,0.1417694154648773,0.16713096934794022,0.05058384592310829,0.13308636865235546,42,0.7663026980355278,-0.02313198580483458,-0.005857134010901821,-0.6939595741450375,-0.17571402032705463,0.7158598378782388,-0.13298917075359906,-2.150792718737149
471,2026-05-12 10:11:18.712901,2,15.7,0.1251202128250326,0.16746298050886768,0.05058384592310829,0.13308636865235546,42,0.940565426095132,-0.016649202639844707,0.00033201116092745897,-0.4994760791953412,0.009960334827823769,0.4995753816574963,5.834504848490889,5.570230654646352
472,2026-05-12 10:11:18.746445,2,15.733333333333333,0.10184085624875444,0.16131416268611973,0.05058384592310829,0.13308636865235546,42,0.8324577921152948,-0.023279356576278165,-0.006148817822747954,-0.698380697288345,-0.18446453468243862,0.7223314771630567,-5.967138542790113,-5.832746085307872
473,2026-05-12 10:11:18.779947,2,15.766666666666666,0.08009852509565978,0.15517243412654838,0.05058384592310829,0.13308636865235546,42,0.7311884366813466,-0.021742331153094666,-0.006141728559571347,-0.65226993459284,-0.1842518567871404,0.6777940795722965,1.3833228808651488,0.006380336858946567
474,2026-05-12 10:11:18.813443,2,15.799999999999999,0.05975206470356406,0.149091105853419,0.05058384592310829,0.13308636865235546,42,0.9023230251020565,-0.020346460392095714,-0.006081328273129377,-0.6103938117628714,-0.18243984819388132,0.6370752731407916,1.2562836848990566,0.05436025779777254
475,2026-05-12 10:11:18.846981,2,15.833333333333334,0.04984613425765095,0.1466011212958031,0.05058384592310829,0.13308636865235546,42,0.7424966439128944,-0.009905930445913112,-0.0024899845576158985,-0.29717791337739335,-0.07469953672847696,0.30642247467636996,9.396476951564344,3.232209343962131
476,2026-05-12 10:11:18.880563,2,15.866666666666667,0.07046939501281102,0.14057364332864783,0.05058384592310829,0.13308636865235546,42,0.9861942818224738,0.02062326075516007,-0.006027477967155276,0.6186978226548021,-0.18082433901465828,0.6445808229678269,27.476272080965863,-3.1837440685854395
477,2026-05-12 10:11:18.914062,2,15.9,0.09023228875844168,0.1365355595658131,0.05058384592310829,0.13308636865235546,42,0.7385396569770244,0.019762893745630658,-0.004038083762834738,0.5928868123689197,-0.12114251288504213,0.6051365802106837,-0.7743303085764719,1.7904547838884843
478,2026-05-12 10:11:18.947587,2,15.933333333333334,0.11268276582827669,0.13240034654841665,0.05058384592310829,0.13308636865235546,42,0.9344225300131108,0.02245047706983501,-0.004135213017396444,0.6735143120950503,-0.12405639052189332,0.6848441549916224,2.418824991783918,-0.08741632910553576
479,2026-05-12 10:11:18.981653,2,15.966666666666667,0.13364871397618328,0.12651840858494226,0.05058384592310829,0.13308636865235546,42,0.7075002729038234,0.020965948147906588,-0.005881937963474387,0.6289784444371976,-0.17645813890423162,0.6532620900926228,-1.33607602973558,-1.572052451470149
480,2026-05-12 10:11:19.021521,2,16.0,0.15609340913458564,0.11749799878174501,0.05058384592310829,0.13308636865235546,42,0.95900099046152,0.02244469515840236,-0.009020409803197252,0.6733408547520708,-0.2706122940959176,0.7256851386063413,1.330872309446196,-2.8246246557505788
481,2026-05-12 10:11:19.055244,2,16.03333333333333,0.17377156195973772,0.11669135123073947,0.05058384592310829,0.13308636865235546,42,0.9494304891566214,0.017678152825152088,-0.0008066475510055404,0.5303445847545627,-0.024199426530166213,0.5308964030984562,-4.2898880999252444,7.392386026972541
482,2026-05-12 10:11:19.090696,2,16.066666666666666,0.19756351135090247,0.10847273256904479,0.05058384592310829,0.13308636865235546,42,0.8291393189397486,0.023791949391164746,-0.008218618661694682,0.7137584817349424,-0.24655855985084046,0.7551438893908171,5.502416909411391,-6.670773999620228
483,2026-05-12 10:11:19.126713,2,16.1,0.21540982757821947,0.10492500306095401,0.05058384592310829,0.13308636865235546,42,0.7066394881846462,0.017846316227317,-0.0035477295080907773,0.53538948681951,-0.10643188524272332,0.5458659622958538,-5.351069847462971,4.203800238243515
484,2026-05-12 10:11:19.160460,2,16.133333333333333,0.24086316782379114,0.10264421615831272,0.05058384592310829,0.13308636865235546,42,0.9266575890005375,0.025453340245571665,-0.002280786902641288,0.76360020736715,-0.06842360707923864,0.7666596811473056,6.846321616429197,1.1402483449045404
485,2026-05-12 10:11:19.194150,2,16.166666666666668,0.26019336110821323,0.09827684017580321,0.05058384592310829,0.13308636865235546,42,0.9640526689092348,0.019330193284422093,-0.004367375982509511,0.5799057985326628,-0.13102127947528533,0.594522758897543,-5.510832265034615,-1.8779301718814008
486,2026-05-12 10:11:19.228488,2,16.2,0.28720620440450834,0.0912688923752027,0.05058384592310829,0.13308636865235546,42,0.8344883630279746,0.027012843296295108,-0.007007947800600503,0.8103852988888532,-0.2102384340180151,0.8372123576450143,6.914385010685714,-2.3765146362818927
487,2026-05-12 10:11:19.262366,2,16.233333333333334,0.3031342698465368,0.08921080274259804,0.05058384592310829,0.13308636865235546,42,0.7442119912346505,0.01592806544202846,-0.002058089632604662,0.4778419632608538,-0.061742688978139865,0.48181438489862305,-9.976300068839983,4.454872351196257
488,2026-05-12 10:11:19.296351,2,16.266666666666666,0.3257360794515224,0.08529947649242321,0.05058384592310829,0.13308636865235546,42,0.7570980484033898,0.02260180960498559,-0.003911326250174832,0.6780542881495677,-0.11733978750524496,0.6881324315927807,6.0063697466614165,-1.667912955813153
489,2026-05-12 10:11:19.330299,2,16.3,0.34363286741941856,0.07906744725153143,0.05058384592310829,0.13308636865235546,42,0.9171916469021746,0.017896787967896177,-0.006232029240891779,0.5369036390368853,-0.18696087722675336,0.5685243066258884,-4.234519473380471,-2.0886326916452522
490,2026-05-12 10:11:19.364031,2,16.333333333333332,0.36435444427077135,0.07292260477986726,0.05058384592310829,0.13308636865235546,42,0.8477485958963847,0.020721576851352785,-0.0061448424716641775,0.6216473055405836,-0.18434527414992533,0.648404621040966,2.5423099951109474,0.07846809230484114
491,2026-05-12 10:11:19.397695,2,16.366666666666667,0.3849388453352951,0.07258116457777887,0.05058384592310829,0.13308636865235546,42,0.901974024000328,0.02058440106452375,-0.0003414402020883861,0.6175320319357125,-0.010243206062651583,0.6176169797998527,-0.12345820814613218,5.223062042618213
492,2026-05-12 10:11:19.431441,2,16.4,0.4073099877521152,0.06819622015684153,0.05058384592310829,0.13308636865235546,42,0.8772381748798975,0.02237114241682009,-0.004384944420937342,0.6711342725046027,-0.13154833262812027,0.6839050925000638,1.6080672170667054,-3.6391537969640604
493,2026-05-12 10:11:19.465472,2,16.433333333333334,0.42938973390257257,0.060200750285160566,0.05058384592310829,0.13308636865235546,42,0.8157587656572667,0.02207974615045738,-0.007995469871680962,0.6623923845137214,-0.23986409615042886,0.704484531898207,-0.2622566397264381,-3.2494729056692577
494,2026-05-12 10:11:19.499160,2,16.466666666666665,0.44880199109374563,0.0586079084025632,0.05058384592310829,0.13308636865235546,42,0.878611418147378,0.019412257191173066,-0.0015928418825973678,0.582367715735192,-0.047785256477921034,0.5843248985515559,-2.400740063355883,5.762365190175235
495,2026-05-12 10:11:19.532816,2,16.5,0.4713742216178459,0.05693459688148667,0.05058384592310829,0.13308636865235546,42,0.9324507481094418,0.02257223052410029,-0.001673311521076526,0.6771669157230087,-0.05019934563229578,0.6790250408134615,2.8439759996345018,-0.0724226746312423
496,2026-05-12 10:11:19.566483,2,16.53333333333333,0.49512199136494944,0.05537294451054404,0.05058384592310829,0.13308636865235546,42,0.7689726669200834,0.02374776974710352,-0.0015616523709426344,0.7124330924131056,-0.04684957112827903,0.7139718436186433,1.0579853007029072,0.10049323512050234
497,2026-05-12 10:11:19.600183,2,16.566666666666666,0.5140569836005346,0.052845949702796664,0.05058384592310829,0.13308636865235546,42,0.9842708329589233,0.018934992235585202,-0.0025269948077473736,0.568049767067556,-0.07580984423242121,0.5730860933123825,-4.331499760366486,-0.8688081931242653
498,2026-05-12 10:11:19.634151,2,16.6,0.5355767372445391,0.05420998810986252,0.05058384592310829,0.13308636865235546,42,0.8713442100557086,0.02151975364400449,0.0013640384070658582,0.6455926093201347,0.040921152211975745,0.6468882112908967,2.3262852675773606,3.5019298933319085
499,2026-05-12 10:11:19.667743,2,16.633333333333333,0.5593948937024781,0.05739760520537143,0.05058384592310829,0.13308636865235546,42,0.731294576622023,0.023818156457938944,0.00318761709550891,0.7145446937381683,0.0956285128652673,0.7209153430342535,2.0685625325410073,1.6412208195987468
0,2026-05-12 10:11:02.623717,3,0.0,0.4163094707507788,0.629673672007848,0.1842241403463432,0.1282182802551976,26,0.8315324299553415,,,,,,,
1,2026-05-12 10:11:02.661296,3,0.03333333333333333,0.4087701573930982,0.6224607875171894,0.1842241403463432,0.1282182802551976,26,0.9077765588173747,-0.007539313357680599,-0.0072128844906586,-0.22617940073041798,-0.216386534719758,0.3130179766767334,,
2,2026-05-12 10:11:02.695060,3,0.06666666666666667,0.4005568327537649,0.6194533419576231,0.1842241403463432,0.1282182802551976,26,0.9383576611285207,-0.008213324639333275,-0.003007445559566224,-0.24639973917999825,-0.09022336678698673,0.26239871833214107,-0.606610153487408,3.784895037983138
3,2026-05-12 10:11:02.728737,3,0.1,0.39299188444227073,0.6119204013514818,0.1842241403463432,0.1282182802551976,26,0.8492100904705939,-0.00756494831149418,-0.007532940606141292,-0.2269484493448254,-0.22598821818423875,0.3202753087862189,0.5835386950551857,-4.072945541917561
4,2026-05-12 10:11:02.762439,3,0.13333333333333333,0.38259308715633633,0.609506740073366,0.1842241403463432,0.1282182802551976,26,0.8018999383294394,-0.010398797285934402,-0.0024136612781158195,-0.3119639185780321,-0.07240983834347459,0.3202571953656766,-2.550464076996201,4.607351395222925
5,2026-05-12 10:11:02.796117,3,0.16666666666666666,0.3774701672179659,0.6061114558552414,0.1842241403463432,0.1282182802551976,26,0.8534497244210405,-0.0051229199383704405,-0.003395284218124628,-0.1536875981511132,-0.10185852654373884,0.18437743152327404,4.748289612807566,-0.8834606460079275
6,2026-05-12 10:11:02.829772,3,0.2,0.36586092267259684,0.5981368163085117,0.1842241403463432,0.1282182802551976,26,0.8436463033050728,-0.011609244545369046,-0.007974639546729723,-0.3482773363610714,-0.23923918640189168,0.422531053690734,-5.837692146298745,-4.121419795744585
7,2026-05-12 10:11:02.863486,3,0.23333333333333334,0.36368967650803374,0.5950663195228222,0.1842241403463432,0.1282182802551976,26,0.7953494974370134,-0.002171246164563101,-0.0030704967856894916,-0.06513738493689303,-0.09211490357068475,0.11281859056136771,8.494198542725352,4.413728484936208
8,2026-05-12 10:11:02.897144,3,0.26666666666666666,0.3493989512922907,0.5925840285607193,0.1842241403463432,0.1282182802551976,26,0.7012207651974726,-0.014290725215743039,-0.00248229096210284,-0.42872175647229116,-0.0744687288630852,0.43514128286244025,-10.907531146061944,0.5293852412279865
9,2026-05-12 10:11:02.930795,3,0.3,0.3433827887114121,0.5828124955436794,0.1842241403463432,0.1282182802551976,26,0.7166135510370275,-0.0060161625808786146,-0.009771533017039924,-0.18048487742635844,-0.2931459905111977,0.3442518884950362,7.4471063713779815,-6.560317849443376
10,2026-05-12 10:11:02.964449,3,0.3333333333333333,0.3335280953229445,0.5814174783640973,0.1842241403463432,0.1282182802551976,26,0.9783691579663533,-0.009854693388467617,-0.0013950171795821253,-0.2956408016540285,-0.04185051538746376,0.2985882603868293,-3.454677726830102,7.538864253712019
11,2026-05-12 10:11:02.998163,3,0.36666666666666664,0.3237098473103386,0.5744879167993697,0.1842241403463432,0.1282182802551976,26,0.7498285581978872,-0.00981824801260589,-0.006929561564727571,-0.2945474403781767,-0.20788684694182713,0.3605206454070976,0.03280083827555402,-4.9810899466309015
12,2026-05-12 10:11:03.031826,3,0.4,0.3174551127912468,0.576242194573829,0.1842241403463432,0.1282182802551976,26,0.9324747730951437,-0.006254734519091809,0.0017542777744592453,-0.18764203557275427,0.05262833323377736,0.1948827210730913,3.207162144162673,7.815455405268135
13,2026-05-12 10:11:03.065486,3,0.43333333333333335,0.3111412736112237,0.5685914293396926,0.1842241403463432,0.1282182802551976,26,0.7740793436631788,-0.006313839180023095,-0.007650765234136325,-0.18941517540069286,-0.22952295702408976,0.29758846831347047,-0.05319419483815757,-8.464538707736013
14,2026-05-12 10:11:03.099184,3,0.4666666666666667,0.29855262421598705,0.5647654805373591,0.1842241403463432,0.1282182802551976,26,0.9658891055062824,-0.012588649395236629,-0.0038259488023335564,-0.37765948185709886,-0.11477846407000669,0.39471607523743213,-5.64732919369218,3.442334788622492
15,2026-05-12 10:11:03.132861,3,0.5,0.2870603262888409,0.5607371876568795,0.1842241403463432,0.1282182802551976,26,0.8253530259081913,-0.011492297927146178,-0.004028292880479567,-0.34476893781438533,-0.12084878641438701,0.3653355302451291,0.9867163212814056,-0.18210967033140957
16,2026-05-12 10:11:03.166523,3,0.5333333333333333,0.28011089411137713,0.5582661312045814,0.1842241403463432,0.1282182802551976,26,0.7286235892717572,-0.0069494321774637435,-0.0024710564522981704,-0.2084829653239123,-0.07413169356894511,0.22127054666550539,4.088579174714191,1.401512785363257
17,2026-05-12 10:11:03.200205,3,0.5666666666666667,0.2697435189776783,0.5528077885463136,0.1842241403463432,0.1282182802551976,26,0.8393545775964641,-0.010367375133698842,-0.005458342658267723,-0.31102125401096525,-0.1637502797480317,0.3514944872456921,-3.0761486606115884,-2.6885575853725974
18,2026-05-12 10:11:03.233858,3,0.6,0.26328423500611664,0.5494366769281945,0.1842241403463432,0.1282182802551976,26,0.7101612032619439,-0.006459283971561647,-0.0033711116181190937,-0.1937785191468494,-0.10113334854357281,0.21858194955298038,3.5172820459234755,1.8785079361337664
19,2026-05-12 10:11:03.267544,3,0.6333333333333333,0.24985526102336214,0.5517877694535139,0.1842241403463432,0.1282182802551976,26,0.7232370248920341,-0.0134289739827545,0.002351092525319398,-0.402869219482635,0.07053277575958194,0.40899691986969655,-6.2727210100735675,5.149983729094643
20,2026-05-12 10:11:03.302208,3,0.6666666666666666,0.239743070020438,0.5425941893463687,0.1842241403463432,0.1282182802551976,26,0.7205866742810015,-0.010112191002924154,-0.009193580107145216,-0.3033657300877246,-0.2758074032143565,0.4100005973892048,2.9851046818473117,-10.390205369218153
21,2026-05-12 10:11:03.335890,3,0.7,0.23469907127266265,0.5403480941277422,0.1842241403463432,0.1282182802551976,26,0.7101259001883018,-0.005043998747775336,-0.0022460952186265093,-0.15131996243326007,-0.06738285655879528,0.16564474150671496,4.561373029633936,6.252736399666836
22,2026-05-12 10:11:03.369577,3,0.7333333333333333,0.22625828645003113,0.5344627589957298,0.1842241403463432,0.1282182802551976,26,0.7808773294437984,-0.008440784822631525,-0.0058853351320123926,-0.25322354467894576,-0.17656005396037178,0.30869988052193903,-3.0571074673705705,-3.275315922047295
23,2026-05-12 10:11:03.403255,3,0.7666666666666666,0.21548364867790312,0.5330384236092974,0.1842241403463432,0.1282182802551976,26,0.9535953269374235,-0.010774637772128004,-0.0014243353864323849,-0.3232391331638401,-0.04273006159297155,0.326051215872982,-2.100467654546831,4.014899771022007
24,2026-05-12 10:11:03.436910,3,0.8,0.20673516274465123,0.5320702013016025,0.1842241403463432,0.1282182802551976,26,0.7651606198342906,-0.008748485933251893,-0.0009682223076948882,-0.2624545779975568,-0.029046669230846645,0.26405702888823435,1.8235366549885001,0.41050177086374706
25,2026-05-12 10:11:03.470549,3,0.8333333333333334,0.20101515183779833,0.5283497796109481,0.1842241403463432,0.1282182802551976,26,0.7979451849458017,-0.005720010906852896,-0.003720421690654452,-0.17160032720558688,-0.11161265071963355,0.20470480233186372,2.7256275237590972,-2.4769794446636073
26,2026-05-12 10:11:03.504221,3,0.8666666666666667,0.1905853418777425,0.5236084126822432,0.1842241403463432,0.1282182802551976,26,0.7187991780822379,-0.010429809960055825,-0.00474136692870486,-0.31289429880167474,-0.1422410078611458,0.3437082287928909,-4.238819147882636,-0.9188507142453672
27,2026-05-12 10:11:03.538128,3,0.9,0.18179812956260885,0.52187851999652,0.1842241403463432,0.1282182802551976,26,0.8862636461901026,-0.008787212315133658,-0.001729892685723211,-0.26361636945400974,-0.05189678057169633,0.2686761360408098,1.4783378804299503,2.710326818683484
28,2026-05-12 10:11:03.571808,3,0.9333333333333333,0.1730273772242072,0.5176346696924218,0.1842241403463432,0.1282182802551976,26,0.7236241906518796,-0.00877075233840166,-0.00424385030409824,-0.2631225701520498,-0.1273155091229472,0.2923058770990683,0.014813979058797555,-2.262561856537526
29,2026-05-12 10:11:03.605467,3,0.9666666666666667,0.16678738623176353,0.5104051416810549,0.1842241403463432,0.1282182802551976,26,0.9223187414169155,-0.006239990992443656,-0.0072295280113668925,-0.18719972977330968,-0.21688584034100677,0.286501669397623,2.277685211362204,-2.687109936541787
30,2026-05-12 10:11:03.639189,3,1.0,0.15867562429936347,0.5084968614193927,0.1842241403463432,0.1282182802551976,26,0.7301591663611647,-0.008111761932400069,-0.0019082802616622319,-0.24335285797200207,-0.057248407849866956,0.2499959873367693,-1.6845938459607719,4.789122974734195
31,2026-05-12 10:11:03.672841,3,1.0333333333333332,0.15110634032704215,0.512399939725615,0.1842241403463432,0.1282182802551976,26,0.7746834412081646,-0.007569283972321317,0.003903078306222385,-0.2270785191696395,0.11709234918667155,0.255490258339393,0.48823016407087694,5.230222711096156
32,2026-05-12 10:11:03.706479,3,1.0666666666666667,0.14218782737986724,0.5051796427050764,0.1842241403463432,0.1282182802551976,26,0.7143504891713603,-0.008918512947174911,-0.007220297020538613,-0.26755538841524734,-0.2166089106161584,0.3442459963868175,-1.2143060773682353,-10.0110377940849
33,2026-05-12 10:11:03.740126,3,1.1,0.13729463773823675,0.5058283564276387,0.1842241403463432,0.1282182802551976,26,0.9569227625994781,-0.004893189641630491,0.0006487137225622552,-0.14679568924891473,0.019461411676867657,0.14808011658058776,3.6227909749899783,7.082109668790782
34,2026-05-12 10:11:03.773817,3,1.1333333333333333,0.12742375247001983,0.5009187859717628,0.1842241403463432,0.1282182802551976,26,0.7901232099431028,-0.009870885268216917,-0.004909570455875922,-0.2961265580465075,-0.14728711367627767,0.3307331737754172,-4.479926063927783,-5.00245576059436
35,2026-05-12 10:11:03.807483,3,1.1666666666666667,0.1217519360996358,0.49158610719408974,0.1842241403463432,0.1282182802551976,26,0.8398277998949935,-0.005671816370384025,-0.00933267877767302,-0.17015449111152076,-0.2799803633301906,0.3276302102919176,3.7791620080496027,-3.9807974896173883
36,2026-05-12 10:11:03.841183,3,1.2,0.12149687693495824,0.49314868663327444,0.1842241403463432,0.1282182802551976,26,0.9039691644862148,-0.0002550591646775652,0.001562579439184697,-0.007651774940326955,0.04687738317554091,0.04749777587554918,4.875081485135814,9.805732395171946
37,2026-05-12 10:11:03.874849,3,1.2333333333333334,0.10803225164085391,0.4926766084187026,0.1842241403463432,0.1282182802551976,26,0.8745865906317027,-0.013464625294104332,-0.0004720782145718472,-0.40393875882312996,-0.014162346437155415,0.4041869529514489,-11.888609516484092,-1.8311918883808898
38,2026-05-12 10:11:03.908526,3,1.2666666666666666,0.10486129060588714,0.4878751413966008,0.1842241403463432,0.1282182802551976,26,0.7211551678638818,-0.0031709610349667655,-0.004801467022101769,-0.09512883104900297,-0.14404401066305306,0.17262146884048776,9.264297833223809,-3.8964499267769295
39,2026-05-12 10:11:03.942179,3,1.3,0.10117785585444129,0.48715553412445045,0.1842241403463432,0.1282182802551976,26,0.9473983584071383,-0.0036834347514458493,-0.0007196072721503688,-0.11050304254337548,-0.021588218164511064,0.11259206710448821,-0.4612263448311754,3.67367377495626
40,2026-05-12 10:11:03.975858,3,1.3333333333333333,0.09255333684714148,0.4829177528606293,0.1842241403463432,0.1282182802551976,26,0.9558410714046519,-0.00862451900729981,-0.004237781263821128,-0.25873557021899435,-0.12713343791463383,0.2882828582010075,-4.446975830268566,-3.166356592503683
41,2026-05-12 10:11:04.009534,3,1.3666666666666667,0.08799579653927754,0.4794317287087729,0.1842241403463432,0.1282182802551976,26,0.7022299696463793,-0.0045575403078639415,-0.0034860241518564483,-0.13672620923591824,-0.10458072455569345,0.1721371088423932,3.660280829492283,0.6765814007682114
42,2026-05-12 10:11:04.043223,3,1.4,0.08334679340345734,0.4752171445778115,0.1842241403463432,0.1282182802551976,26,0.8858673460513525,-0.004649003135820201,-0.004214584130961374,-0.13947009407460603,-0.12643752392884122,0.1882507758242599,-0.08231654516063364,-0.6557039811944332
43,2026-05-12 10:11:04.076893,3,1.4333333333333333,0.07333058483744723,0.47412830973424935,0.1842241403463432,0.1282182802551976,26,0.7863310956082793,-0.010016208566010112,-0.0010888348435621475,-0.3004862569803034,-0.032665045306864426,0.30225650666103526,-4.830484887170921,2.813174358659304
44,2026-05-12 10:11:04.110550,3,1.4666666666666666,0.07154144839700521,0.4685149872148361,0.1842241403463432,0.1282182802551976,26,0.9436953488426353,-0.001789136440442013,-0.005613322519413266,-0.05367409321326039,-0.168399675582398,0.17674659549344268,7.404364913011291,-4.072038908266007
45,2026-05-12 10:11:04.144207,3,1.5,0.06762086241593164,0.46500216467257605,0.1842241403463432,0.1282182802551976,26,0.7580811524656863,-0.003920585981073574,-0.003512822542260041,-0.11761757943220721,-0.10538467626780124,0.15792347825311107,-1.9183045865684047,1.8904499794379026
46,2026-05-12 10:11:04.180430,3,1.5333333333333332,0.06254129581551476,0.46495853457569,0.1842241403463432,0.1282182802551976,26,0.859063876059426,-0.005079566600416877,-4.3630096886071446e-05,-0.1523869980125063,-0.0013089029065821434,0.15239261921130715,-1.0430825574089726,3.122273200836573
47,2026-05-12 10:11:04.220687,3,1.5666666666666667,0.05670634977886433,0.4565687213469748,0.1842241403463432,0.1282182802551976,26,0.9315585974948277,-0.005834946036650433,-0.008389813228715182,-0.175048381099513,-0.25169439686145545,0.30658115587395807,-0.6798414926102014,-7.5115648186462
48,2026-05-12 10:11:04.254400,3,1.6,0.050015545004864805,0.4575232388622645,0.1842241403463432,0.1282182802551976,26,0.790557373294046,-0.006690804773999526,0.0009545175152896879,-0.20072414321998577,0.028635525458690636,0.20275644253560152,-0.7702728636141829,8.409897669604383
49,2026-05-12 10:11:04.292886,3,1.6333333333333333,0.06077910111586517,0.4530009616311892,0.1842241403463432,0.1282182802551976,26,0.733918606806847,0.010763556111000362,-0.004522277231075289,0.3229066833300109,-0.13566831693225867,0.3502493659643365,15.708924796499902,-4.929115271728479
50,2026-05-12 10:11:04.327127,3,1.6666666666666667,0.05998114399670771,0.44973698835572407,0.1842241403463432,0.1282182802551976,26,0.9709794682626143,-0.0007979571191574567,-0.0032639732754651263,-0.0239387135747237,-0.09791919826395379,0.10080293347055011,-10.405361907142037,1.1324735600491465
51,2026-05-12 10:11:04.360925,3,1.7,0.07016088279864925,0.4473862075549514,0.1842241403463432,0.1282182802551976,26,0.7330390977110782,0.010179738801941542,-0.002350780800772667,0.30539216405824626,-0.07052342402318001,0.3134293017637822,9.8799263289891,0.8218732272232132
52,2026-05-12 10:11:04.395553,3,1.7333333333333334,0.07160244288869809,0.4456759625736587,0.1842241403463432,0.1282182802551976,26,0.9236507174532101,0.001441560090048838,-0.0017102449812926857,0.04324680270146514,-0.05130734943878057,0.06710238483342144,-7.8643608407034336,0.5764822375319834
53,2026-05-12 10:11:04.429383,3,1.7666666666666666,0.07746447226940491,0.441912952207791,0.1842241403463432,0.1282182802551976,26,0.7075551094405934,0.005862029380706818,-0.003763010365867736,0.17586088142120454,-0.11289031097603208,0.20897672580100443,3.978422361592182,-1.8474888461175454
54,2026-05-12 10:11:04.463117,3,1.8,0.08144763024706185,0.43963578444586626,0.1842241403463432,0.1282182802551976,26,0.769249788385292,0.003983157977656943,-0.0022771677619247144,0.11949473932970828,-0.06831503285774143,0.13764423868011774,-1.690984262744888,1.3372583435487195
55,2026-05-12 10:11:04.496806,3,1.8333333333333333,0.08789953568713309,0.43368340182556736,0.1842241403463432,0.1282182802551976,26,0.7066345594009562,0.006451905440071237,-0.005952382620298902,0.19355716320213712,-0.17857147860896705,0.2633479606897527,2.2218727161728653,-3.3076933725367685
56,2026-05-12 10:11:04.530476,3,1.8666666666666667,0.08963296301205562,0.4320950584362499,0.1842241403463432,0.1282182802551976,26,0.9096731493695991,0.001733427324922529,-0.0015883433893174592,0.05200281974767587,-0.04765030167952378,0.07053257766350875,-4.246630303633838,3.9276353078832984
57,2026-05-12 10:11:04.564247,3,1.9,0.09449789329119822,0.4302583205852549,0.1842241403463432,0.1282182802551976,26,0.9300568319488356,0.004864930279142601,-0.0018367378509949739,0.14594790837427804,-0.05510213552984922,0.15600332464013877,2.818352658798065,-0.2235550155097632
58,2026-05-12 10:11:04.598654,3,1.9333333333333333,0.09929393541408539,0.4238365674870846,0.1842241403463432,0.1282182802551976,26,0.9275583938638071,0.004796042122887173,-0.006421753098170335,0.1438812636866152,-0.19265259294511006,0.24045132482174342,-0.06199934062988549,-4.126513722457825
59,2026-05-12 10:11:04.633221,3,1.9666666666666666,0.10273301168350686,0.42518662872841534,0.1842241403463432,0.1282182802551976,26,0.8018379121121966,0.0034390762694214705,0.0013500612413307467,0.10317228808264411,0.0405018372399224,0.11083735763729335,-1.2212692681191324,6.994632905550974
60,2026-05-12 10:11:04.667037,3,2.0,0.11164372455461825,0.42003219840234346,0.1842241403463432,0.1282182802551976,26,0.8550263675256847,0.008910712871111393,-0.005154430326071879,0.2673213861333418,-0.15463290978215638,0.3088236718128125,4.92447294152093,-5.854042410662363
61,2026-05-12 10:11:04.700793,3,2.033333333333333,0.11802083044276132,0.4190485587904524,0.1842241403463432,0.1282182802551976,26,0.8617581318416727,0.006377105888143067,-0.000983639611891074,0.191313176644292,-0.02950918835673222,0.19357562799898953,-2.280246284671493,3.753711642762725
62,2026-05-12 10:11:04.734990,3,2.0666666666666664,0.12361821719918852,0.4169204858349359,0.1842241403463432,0.1282182802551976,26,0.8613549896774476,0.0055973867564271945,-0.00212807295551648,0.16792160269281584,-0.0638421886654944,0.17964823880162165,-0.7017472185442852,-1.0299900092628655
63,2026-05-12 10:11:04.768687,3,2.1,0.12916853308207513,0.41437119846709264,0.1842241403463432,0.1282182802551976,26,0.7053904435969193,0.005550315882886611,-0.002549287367843267,0.16650947648659833,-0.07647862103529801,0.18323314447801678,-0.04236378618652503,-0.3790929710941082
64,2026-05-12 10:11:04.802352,3,2.1333333333333333,0.13308640455128012,0.41434453796763154,0.1842241403463432,0.1282182802551976,26,0.9560827594686363,0.003917871469204998,-2.6660499461095277e-05,0.11753614407614993,-0.0007998149838328583,0.11753886535226482,-1.4691999723134521,2.270364181543955
65,2026-05-12 10:11:04.836224,3,2.1666666666666665,0.13663175007822595,0.41195740064367037,0.1842241403463432,0.1282182802551976,26,0.748648923300161,0.0035453455269458256,-0.002387137323961175,0.10636036580837477,-0.07161411971883525,0.12822289014834662,-0.3352733480332548,-2.124429142050072
66,2026-05-12 10:11:04.870313,3,2.2,0.14862674967986275,0.4075769134161874,0.1842241403463432,0.1282182802551976,26,0.7878819250901228,0.011994999601636802,-0.004380487227482965,0.35984998804910406,-0.13141461682448896,0.38309504749352685,7.604688667221879,-1.7940149131696115
67,2026-05-12 10:11:04.903999,3,2.2333333333333334,0.1482815585468134,0.4062683403410689,0.1842241403463432,0.1282182802551976,26,0.9539033209750636,-0.000345191133049344,-0.001308573075118502,-0.01035573399148032,-0.03925719225355506,0.04060010308034802,-11.106171661217532,2.764722737128017
68,2026-05-12 10:11:04.937668,3,2.2666666666666666,0.15335608594413486,0.406896349259863,0.1842241403463432,0.1282182802551976,26,0.8486971470308003,0.005074527397321449,0.0006280089187941096,0.15223582191964347,0.018840267563823287,0.15339720061795734,4.877746677333714,1.7429237945213505
69,2026-05-12 10:11:04.971354,3,2.3,0.16155456395089834,0.4028903764011778,0.1842241403463432,0.1282182802551976,26,0.7087478939842264,0.008198478006763488,-0.004005972858685203,0.24595434020290463,-0.12017918576055608,0.2737454550393785,2.811555548497835,-4.170583599731382
70,2026-05-12 10:11:05.005123,3,2.3333333333333335,0.16970982959962475,0.40202731379728085,0.1842241403463432,0.1282182802551976,26,0.752229590451668,0.0081552656487264,-0.000863062603896958,0.24465796946179202,-0.02589187811690874,0.2460242089177161,-0.038891122233378206,2.8286192293094206
71,2026-05-12 10:11:05.038842,3,2.3666666666666667,0.17396911037775037,0.39823055861156764,0.1842241403463432,0.1282182802551976,26,0.9332217774258064,0.004259280778125624,-0.0037967551857132076,0.1277784233437687,-0.11390265557139623,0.171175758851642,-3.5063863835406996,-2.640323323634625
72,2026-05-12 10:11:05.072510,3,2.4,0.17501439779253183,0.3976444423896585,0.1842241403463432,0.1282182802551976,26,0.8543204478778751,0.001045287414781465,-0.0005861162219091276,0.03135862244344395,-0.017583486657273828,0.035951942987507556,-2.8925940270097428,2.889575067423672
73,2026-05-12 10:11:05.106197,3,2.433333333333333,0.18681125462666748,0.39433959931440765,0.1842241403463432,0.1282182802551976,26,0.7740229067315688,0.011796856834135644,-0.003304843075250863,0.3539057050240693,-0.09914529225752589,0.3675310014480599,9.676412477418761,-2.4468541680075617
74,2026-05-12 10:11:05.139855,3,2.466666666666667,0.18964045923251163,0.3908070175762773,0.1842241403463432,0.1282182802551976,26,0.8916986901917747,0.0028292046058441545,-0.0035325817381303692,0.08487613817532463,-0.10597745214391108,0.13577620997240925,-8.07088700546234,-0.20496479659155575
75,2026-05-12 10:11:05.173489,3,2.5,0.19602311081478271,0.38910335115049827,0.1842241403463432,0.1282182802551976,26,0.7545135484323029,0.006382651582271082,-0.0017036664257790157,0.19147954746813245,-0.05110999277337047,0.19818337079557094,3.1981022787842344,1.6460237811162182
76,2026-05-12 10:11:05.207142,3,2.533333333333333,0.1975846330292901,0.38884412362327714,0.1842241403463432,0.1282182802551976,26,0.733720899549752,0.0015615222145073937,-0.00025922752722112863,0.04684566643522181,-0.007776825816633859,0.04748679272747666,-4.33901643098732,1.2999950087020984
77,2026-05-12 10:11:05.240993,3,2.5666666666666664,0.20860651753844991,0.38577054896979385,0.1842241403463432,0.1282182802551976,26,0.7037429026945146,0.011021884509159807,-0.003073574653483291,0.3306565352747942,-0.09220723960449873,0.3432723690532238,8.514326065187172,-2.532912413635946
78,2026-05-12 10:11:05.285661,3,2.6,0.20707600250534106,0.3852395473387839,0.1842241403463432,0.1282182802551976,26,0.9718201653174317,-0.001530515033108859,-0.0005310016310099419,-0.04591545099326577,-0.015930048930298257,0.048600361097801394,-11.297159588041799,2.2883157202260143
79,2026-05-12 10:11:05.319406,3,2.6333333333333333,0.21227605347056316,0.38002732410341644,0.1842241403463432,0.1282182802551976,26,0.8398695451727333,0.005200050965222108,-0.005212223235367464,0.15600152895666325,-0.1563666970610239,0.22087784177366154,6.057509398497871,-4.213099443921769
80,2026-05-12 10:11:05.353102,3,2.6666666666666665,0.21904038188407476,0.3833303611457683,0.1842241403463432,0.1282182802551976,26,0.9836253730111583,0.0067643284135116,0.003303037042351853,0.202929852405348,0.09909111127055559,0.22583085114768964,1.4078497034605426,7.663734249947385
81,2026-05-12 10:11:05.386862,3,2.7,0.22435886247578435,0.3784946520660455,0.1842241403463432,0.1282182802551976,26,0.8956102831883416,0.0053184805917095845,-0.004835709079722805,0.15955441775128754,-0.14507127239168416,0.21564620631324494,-1.3012630396218139,-7.324871509867193
82,2026-05-12 10:11:05.420616,3,2.7333333333333334,0.22935838193009744,0.37466814751025657,0.1842241403463432,0.1282182802551976,26,0.9130866942139595,0.004999519454313095,-0.0038265045557889232,0.14998558362939285,-0.1147951366736677,0.1888745581082207,-0.2870650236568406,0.9082840715404938
83,2026-05-12 10:11:05.454413,3,2.7666666666666666,0.23406874901420782,0.37121084076805805,0.1842241403463432,0.1282182802551976,26,0.7659226672297317,0.004710367084110378,-0.003457306742198518,0.14131101252331135,-0.10371920226595555,0.17528968931186356,-0.2602371331824449,0.33227803223136454
84,2026-05-12 10:11:05.488207,3,2.8,0.2372535894092158,0.3635177318033833,0.1842241403463432,0.1282182802551976,26,0.8389799822640427,0.003184840395007965,-0.007693108964674733,0.09554521185023895,-0.230793268940242,0.24978875173960477,-1.372974020192172,-3.8122220002285934
85,2026-05-12 10:11:05.522600,3,2.8333333333333335,0.24400186858121223,0.3646605263083219,0.1842241403463432,0.1282182802551976,26,0.7473898393362535,0.006748279171996441,0.0011427945049385935,0.20244837515989322,0.034283835148157804,0.20533077206630995,3.207094899289628,7.952313122651994
86,2026-05-12 10:11:05.556347,3,2.8666666666666667,0.24679328577773907,0.35937840608823907,0.1842241403463432,0.1282182802551976,26,0.7909835239627094,0.002791417196526841,-0.005282120220082842,0.08374251589580523,-0.15846360660248526,0.17923036457594568,-3.56117577792264,-5.782423252519292
87,2026-05-12 10:11:05.590055,3,2.9,0.2544884945856379,0.3604775871878458,0.1842241403463432,0.1282182802551976,26,0.9774671926968588,0.007695208807898812,0.0010991810996067164,0.23085626423696437,0.03297543298820149,0.23319947237977723,4.413412450234774,5.743171187720603
88,2026-05-12 10:11:05.623731,3,2.933333333333333,0.26093805389264757,0.35344868799086043,0.1842241403463432,0.1282182802551976,26,0.8607115793235092,0.006449559307009689,-0.00702889919698535,0.19348677921029067,-0.2108669759095605,0.286185281344822,-1.121084550800211,-7.31527226693286
89,2026-05-12 10:11:05.657438,3,2.966666666666667,0.26338481478620873,0.3524179322136184,0.1842241403463432,0.1282182802551976,26,0.7992446680247728,0.0024467608935611618,-0.0010307557772420428,0.07340282680683485,-0.030922673317261284,0.07965040306439294,-3.6025185721036745,5.3983290777689765
90,2026-05-12 10:11:05.691109,3,3.0,0.26956703943544325,0.35059378951364584,0.1842241403463432,0.1282182802551976,26,0.8337547148182276,0.006182224649234513,-0.001824142699972553,0.1854667394770354,-0.05472428099917659,0.19337181382797072,3.3619173801060165,-0.7140482304574591
91,2026-05-12 10:11:05.725031,3,3.033333333333333,0.27834884105921925,0.34385989387225085,0.1842241403463432,0.1282182802551976,26,0.7747222083585487,0.008781801623776009,-0.006733895641394982,0.26345404871328026,-0.20201686924184947,0.33199224575537595,2.339619277087346,-4.418777647280186
92,2026-05-12 10:11:05.758722,3,3.0666666666666664,0.27615715422376885,0.34180451883247637,0.1842241403463432,0.1282182802551976,26,0.9622971346447884,-0.0021916868354504015,-0.0020553750397744874,-0.06575060506351205,-0.06166125119323462,0.09014017952574264,-9.876139613303769,4.210668541458445
93,2026-05-12 10:11:05.792530,3,3.1,0.28232745799303366,0.33934847518308897,0.1842241403463432,0.1282182802551976,26,0.9174629003028127,0.006170303769264807,-0.002456043649387396,0.1851091130779442,-0.07368130948162188,0.19923433216047295,7.525791544243687,-0.36060174865161776
94,2026-05-12 10:11:05.826368,3,3.1333333333333333,0.288071830922765,0.3367971301394753,0.1842241403463432,0.1282182802551976,26,0.9734181795693522,0.005744372929731345,-0.002551345043613651,0.17233118789194035,-0.07654035130840953,0.18856421637909457,-0.3833377555801154,-0.08577125480362935
95,2026-05-12 10:11:05.860059,3,3.1666666666666665,0.29402118362921786,0.3369075295647925,0.1842241403463432,0.1282182802551976,26,0.7303203428381315,0.0059493527064528595,0.00011039942531715363,0.17848058119358579,0.003311982759514609,0.17851130802556875,0.18448179904936302,2.3955700220377243
96,2026-05-12 10:11:05.893867,3,3.2,0.2916318416149833,0.33215152114295987,0.1842241403463432,0.1282182802551976,26,0.7259019397886632,-0.0023893420142345745,-0.004756008421832603,-0.07168026042703723,-0.14268025265497808,0.15967377440449093,-7.50482524861869,-4.379767062434781
97,2026-05-12 10:11:05.931422,3,3.2333333333333334,0.29773678129393627,0.33292456696493433,0.1842241403463432,0.1282182802551976,26,0.8862266002137141,0.006104939678952981,0.0007730458219744607,0.18314819036858943,0.02319137465923382,0.18461067004340248,7.6448535238688,4.976148819426357
98,2026-05-12 10:11:05.965147,3,3.2666666666666666,0.30478168159725116,0.32651717637151495,0.1842241403463432,0.1282182802551976,26,0.9161542599800536,0.007044900303314894,-0.006407390593419382,0.21134700909944681,-0.19222171780258146,0.2856864488390321,0.8459645619257217,-6.462392773854458
99,2026-05-12 10:11:05.998873,3,3.3,0.3108016250538469,0.3237574816814489,0.1842241403463432,0.1282182802551976,26,0.865162819158934,0.006019943456595733,-0.002759694690066039,0.180598303697872,-0.08279084070198117,0.1986707593046587,-0.9224611620472445,3.2829263130180086
100,2026-05-12 10:11:06.032600,3,3.3333333333333335,0.31612887587176824,0.32138009414186264,0.1842241403463432,0.1282182802551976,26,0.7657300814476975,0.005327250817921347,-0.002377387539586273,0.15981752453764042,-0.0713216261875882,0.1750097583318752,-0.6234233748069473,0.34407643543178934
101,2026-05-12 10:11:06.066277,3,3.3666666666666667,0.31714751069493774,0.3177560910608152,0.1842241403463432,0.1282182802551976,26,0.8071505876913104,0.0010186348231694953,-0.0036240030810474333,0.030559044695084858,-0.108720092431423,0.11293322678013479,-3.877754395276667,-1.1219539873150441
102,2026-05-12 10:11:06.099960,3,3.4,0.32516966271449665,0.3179889667063599,0.1842241403463432,0.1282182802551976,26,0.7794473916833087,0.008022152019558915,0.00023287564554469453,0.24066456058676744,0.006986269366340836,0.2407659416987397,6.303165476750477,3.471190853932915
103,2026-05-12 10:11:06.133947,3,3.433333333333333,0.3273605480074923,0.31720350036935735,0.1842241403463432,0.1282182802551976,26,0.9286553854830077,0.002190885292995659,-0.0007854663370025494,0.06572655878986977,-0.023563990110076483,0.06982293434299357,-5.24814005390693,-0.9165077842925196
104,2026-05-12 10:11:06.167716,3,3.466666666666667,0.3411007654239184,0.3108018414957016,0.1842241403463432,0.1282182802551976,26,0.7982743294951106,0.01374021741642606,-0.006401658873655736,0.4122065224927818,-0.19204976620967207,0.4547497442404799,10.394398911087361,-5.054573282987867
105,2026-05-12 10:11:06.201526,3,3.5,0.3416224786825013,0.3124876692360529,0.1842241403463432,0.1282182802551976,26,0.9095158605632636,0.0005217132585829121,0.0016858277403513089,0.015651397757487362,0.05057483221053927,0.05294128733689124,-11.896653742058833,7.27873795260634
106,2026-05-12 10:11:06.235241,3,3.533333333333333,0.34649359727209894,0.3098245546927802,0.1842241403463432,0.1282182802551976,26,0.7660322870610735,0.004871118589597656,-0.0026631145432727266,0.14613355768792968,-0.0798934362981818,0.16654722407192232,3.91446479791327,-3.914048055261632
107,2026-05-12 10:11:06.271046,3,3.5666666666666664,0.3518991402817735,0.3104421590921957,0.1842241403463432,0.1282182802551976,26,0.8541719558255606,0.005405543009674552,0.0006176043994154945,0.16216629029023655,0.018528131982464835,0.1632213141144774,0.48098197806920595,2.952647048419399
108,2026-05-12 10:11:06.305532,3,3.6,0.35521844590178225,0.30823420686921404,0.1842241403463432,0.1282182802551976,26,0.8862901806220931,0.003319305620008761,-0.002207952222981646,0.09957916860026284,-0.06623856668944939,0.1195974854927653,-1.8776136506992114,-2.5430009601574266
109,2026-05-12 10:11:06.339647,3,3.6333333333333333,0.3607229127772602,0.30143249572621117,0.1842241403463432,0.1282182802551976,26,0.7908484254552897,0.0055044668754779535,-0.006801711143002875,0.1651340062643386,-0.20405133429008626,0.2624998800961158,1.9666451299222731,-4.134383028019107
110,2026-05-12 10:11:06.373357,3,3.6666666666666665,0.36621259300910597,0.3017412653856868,0.1842241403463432,0.1282182802551976,26,0.9424112219964034,0.005489680231845762,0.0003087696594756273,0.16469040695537285,0.009263089784268819,0.16495070468318027,-0.013307979268972758,6.399432722230652
111,2026-05-12 10:11:06.407041,3,3.6999999999999997,0.37479198451750884,0.2977236419792886,0.1842241403463432,0.1282182802551976,26,0.7197876544192452,0.008579391508402867,-0.004017623406398219,0.257381745252086,-0.12052870219194656,0.2842050858818059,2.780740148901395,-3.8937537592864615
112,2026-05-12 10:11:06.440797,3,3.7333333333333334,0.37427339296615514,0.29558703389645946,0.1842241403463432,0.1282182802551976,26,0.7551532443284623,-0.0005185915513536976,-0.0021366080828291167,-0.015557746540610928,-0.0640982424848735,0.06595929174173669,-8.188184753780908,1.6929137912121917
113,2026-05-12 10:11:06.474509,3,3.7666666666666666,0.3818083586089467,0.2954277635019598,0.1842241403463432,0.1282182802551976,26,0.9351590855144315,0.007534965642791547,-0.0001592703944996443,0.2260489692837464,-0.004778111834989329,0.22609946233229256,7.24820147473072,1.7796039194965252
114,2026-05-12 10:11:06.512406,3,3.8,0.3850062202766123,0.29383361094432425,0.1842241403463432,0.1282182802551976,26,0.7555268123198814,0.0031978616676656135,-0.0015941525576355642,0.0959358500299684,-0.047824576729066925,0.10719551044837186,-3.90339357761334,-1.2913939468223279
115,2026-05-12 10:11:06.545944,3,3.8333333333333335,0.38911783397291066,0.2940123388880857,0.1842241403463432,0.1282182802551976,26,0.875314617725395,0.004111613696298366,0.00017872794376144752,0.12334841088895099,0.0053618383128434255,0.12346489290046203,0.8223768257694775,1.5955924512573105
116,2026-05-12 10:11:06.579629,3,3.8666666666666667,0.3922167222042314,0.29185524609919833,0.1842241403463432,0.1282182802551976,26,0.9239182014746761,0.003098888231320762,-0.0021570927888873714,0.09296664693962287,-0.06471278366662114,0.11327198158891455,-0.9114529184798437,-2.102238659383937
117,2026-05-12 10:11:06.613318,3,3.9,0.3953440645506885,0.2911622060546974,0.1842241403463432,0.1282182802551976,26,0.7119856868022704,0.0031273423464570627,-0.0006930400445009366,0.09382027039371188,-0.020791201335028098,0.09609639530025507,0.025608703622670426,1.3176474699477914
118,2026-05-12 10:11:06.646999,3,3.933333333333333,0.39962954846047194,0.2938058104570476,0.1842241403463432,0.1282182802551976,26,0.8824744715398067,0.00428548390978345,0.0026436044023502303,0.1285645172935035,0.07930813207050691,0.15105831628687155,1.0423274069937483,3.0029800021660504
119,2026-05-12 10:11:06.681354,3,3.966666666666667,0.4024252153738077,0.2908962964075912,0.1842241403463432,0.1282182802551976,26,0.9221554767814677,0.0027956669133357703,-0.002909514049456441,0.08387000740007311,-0.08728542148369323,0.12104925834086838,-1.3408352968029114,-4.997806606626004
120,2026-05-12 10:11:06.716295,3,4.0,0.408884568660478,0.2920795624044632,0.1842241403463432,0.1282182802551976,26,0.9287988268020819,0.0064593532866703,0.0011832659968720183,0.193780598600109,0.03549797990616055,0.19700514452986942,3.2973177360010766,3.6835020416956135
121,2026-05-12 10:11:06.750922,3,4.033333333333333,0.4104353990544872,0.2934362978167391,0.1842241403463432,0.1282182802551976,26,0.8093950723235244,0.0015508303940092172,0.001356735412275878,0.046524911820276516,0.04070206236827634,0.06181606021832483,-4.417670603394974,0.15612247386347367
122,2026-05-12 10:11:06.784865,3,4.066666666666666,0.41170247468884047,0.29338125638898255,0.1842241403463432,0.1282182802551976,26,0.7827076515546387,0.001267075634353243,-5.5041427756530314e-05,0.03801226903059729,-0.0016512428326959094,0.03804811690145828,-0.25537928369037677,-1.2705991560291674
123,2026-05-12 10:11:06.818390,3,4.1,0.4199877207855244,0.29253661636790174,0.1842241403463432,0.1282182802551976,26,0.9750911912916519,0.008285246096683907,-0.0008446400210808114,0.2485573829005172,-0.02533920063242434,0.24984564771683454,6.316353416097598,-0.710638733991853
124,2026-05-12 10:11:06.852182,3,4.133333333333333,0.4246523232584047,0.29282642901323086,0.1842241403463432,0.1282182802551976,26,0.8948364258280215,0.004664602472880308,0.0002898126453291239,0.13993807418640924,0.008694379359873716,0.14020790576659498,-3.258579261423239,1.0210073997689417
125,2026-05-12 10:11:06.885916,3,4.166666666666667,0.4255663319989364,0.29390748666115146,0.1842241403463432,0.1282182802551976,26,0.9566275407404268,0.0009140087405317132,0.0010810576479206024,0.027420262215951396,0.03243172943761807,0.04246984641255952,-3.3755343591137357,0.7121205023323307
126,2026-05-12 10:11:06.919615,3,4.2,0.43059681049359744,0.29552666822749557,0.1842241403463432,0.1282182802551976,26,0.9498574218005897,0.005030478494661039,0.0016191815663441078,0.15091435483983118,0.048575446990323234,0.15853932176918187,3.7048227787163936,0.48431152658115484
127,2026-05-12 10:11:06.953913,3,4.233333333333333,0.4309299196663914,0.29420074116979295,0.1842241403463432,0.1282182802551976,26,0.9406795192098544,0.0003331091727939439,-0.001325927057702625,0.009993275183818318,-0.03977781173107875,0.041013898315237794,-4.227632389680386,-2.6505977616420595
128,2026-05-12 10:11:06.988772,3,4.266666666666667,0.4374686418980373,0.2985397288456773,0.1842241403463432,0.1282182802551976,26,0.9154209341926435,0.0065387222316459215,0.004338987675884365,0.19616166694937764,0.13016963027653095,0.23542203003688358,5.58505175296678,5.098423260228291
129,2026-05-12 10:11:07.022526,3,4.3,0.4412071845369887,0.297905451257279,0.1842241403463432,0.1282182802551976,26,0.9069269640603053,0.003738542638951403,-0.000634277588398291,0.1121562791685421,-0.01902832765194873,0.11375899177718597,-2.5201616334250665,-4.47593873785439
130,2026-05-12 10:11:07.056352,3,4.333333333333333,0.4432162207518096,0.29819096996521466,0.1842241403463432,0.1282182802551976,26,0.9049814634667515,0.002009036214820903,0.00028551870793563916,0.06027108644462709,0.008565561238069175,0.06087670080202133,-1.5565557817174502,0.8278166667005371
131,2026-05-12 10:11:07.090046,3,4.366666666666666,0.45067375603416776,0.3003159990674703,0.1842241403463432,0.1282182802551976,26,0.9668719065377551,0.007457535282358152,0.002125029102255649,0.22372605847074456,0.06375087306766947,0.23263173269299509,4.903649160783524,1.6555593548880088
132,2026-05-12 10:11:07.123789,3,4.4,0.4548646180016157,0.3009200422840121,0.1842241403463432,0.1282182802551976,26,0.9416246354503341,0.004190861967447945,0.0006040432165417831,0.12572585902343836,0.01812129649625349,0.12702508812784435,-2.9400059834191863,-1.3688872971424793
133,2026-05-12 10:11:07.157482,3,4.433333333333334,0.45869474904607577,0.3028032011123867,0.1842241403463432,0.1282182802551976,26,0.7971813602535154,0.003830131044460061,0.001883158828374587,0.11490393133380183,0.05649476485123761,0.12804128979184676,-0.3246578306890957,1.1512040506495236
134,2026-05-12 10:11:07.191166,3,4.466666666666667,0.46047398714064874,0.30395533339330244,0.1842241403463432,0.1282182802551976,26,0.7677358852206312,0.0017792380945729769,0.001152132280915763,0.053377142837189306,0.03456396842747289,0.06359077992065401,-1.8458036548983758,-0.6579238927129416
135,2026-05-12 10:11:07.225365,3,4.5,0.46349581170883436,0.3030564113035393,0.1842241403463432,0.1282182802551976,26,0.7683184778892252,0.003021824568185616,-0.0008989220897631656,0.09065473704556848,-0.026967662692894967,0.09458084467755046,1.1183278262513752,-1.8459489336110357
136,2026-05-12 10:11:07.259334,3,4.533333333333333,0.4662476926250731,0.3035611102982352,0.1842241403463432,0.1282182802551976,26,0.8108995687089489,0.002751880916238736,0.0005046989946959068,0.08255642748716208,0.015140969840877205,0.08393338243610467,-0.24294928675219207,1.2632589760131652
137,2026-05-12 10:11:07.293075,3,4.566666666666666,0.47225120876158205,0.3068720637187457,0.1842241403463432,0.1282182802551976,26,0.7093839710004927,0.006003516136508957,0.0033109534205105207,0.18010548409526872,0.09932860261531562,0.2056797430441374,2.9264716982431995,2.5256289832331524
138,2026-05-12 10:11:07.327004,3,4.6,0.4806288905828964,0.31025203901338266,0.1842241403463432,0.1282182802551976,26,0.8152590758244338,0.00837768182131432,0.003379975294636961,0.2513304546394296,0.10139925883910883,0.271014403902049,2.1367491163248267,0.06211968671379631
139,2026-05-12 10:11:07.361506,3,4.633333333333333,0.486145712847266,0.3115324345987507,0.1842241403463432,0.1282182802551976,26,0.916201546385732,0.005516822264369614,0.0012803955853680216,0.16550466793108842,0.03841186756104065,0.16990369824258322,-2.5747736012502354,-1.8896217383420455
140,2026-05-12 10:11:07.395534,3,4.666666666666667,0.4870488096512858,0.31311191998093874,0.1842241403463432,0.1282182802551976,26,0.7812414775548767,0.0009030968040197873,0.0015794853821880506,0.02709290412059362,0.04738456146564152,0.05458316699293691,-4.152352914314844,0.2691808171380261
141,2026-05-12 10:11:07.429316,3,4.7,0.49173508977521985,0.3152033935572551,0.1842241403463432,0.1282182802551976,26,0.7312165379692687,0.004686280123934072,0.0020914735763163383,0.14058840371802217,0.06274420728949015,0.15395432702060732,3.4048649879228567,0.460789374715459
142,2026-05-12 10:11:07.463002,3,4.733333333333333,0.5009885836319358,0.31988949579627163,0.1842241403463432,0.1282182802551976,26,0.8325371896504723,0.009253493856715922,0.004686102239016554,0.27760481570147766,0.14058306717049662,0.3111720303557435,4.110492359503665,2.335165796430194
143,2026-05-12 10:11:07.511219,3,4.766666666666667,0.5039277528690154,0.3176663748406489,0.1842241403463432,0.1282182802551976,26,0.9027058287471088,0.0029391692370795974,-0.002223120955622715,0.08817507711238792,-0.06669362866868145,0.1105571541274988,-5.6828921576726925,-6.218300875175342
144,2026-05-12 10:11:07.546575,3,4.8,0.505908055131405,0.3203079275266786,0.1842241403463432,0.1282182802551976,26,0.9026898343243328,0.001980302262389655,0.002641552686029669,0.05940906787168965,0.07924658058089007,0.09904270734964049,-0.8629802772209483,4.378206277487146
145,2026-05-12 10:11:07.580317,3,4.833333333333333,0.5128004478302133,0.3238866583634331,0.1842241403463432,0.1282182802551976,26,0.8126794197570799,0.0068923926988082584,0.003578730836754529,0.20677178096424775,0.10736192510263587,0.23298315897264085,4.420881392776743,0.843460335652374
146,2026-05-12 10:11:07.618732,3,4.866666666666666,0.5183944042647228,0.3223368990534544,0.1842241403463432,0.1282182802551976,26,0.9736065949521198,0.0055939564345095505,-0.0015497593099786933,0.16781869303528651,-0.0464927792993608,0.17413986407210383,-1.1685926378688372,-4.6156411320599
147,2026-05-12 10:11:07.652488,3,4.9,0.5218123950855197,0.32608009017527395,0.1842241403463432,0.1282182802551976,26,0.9564952220822383,0.003417990820796857,0.0037431911218195335,0.1025397246239057,0.112295733654586,0.1520681653830549,-1.9583690523414243,4.763655388618404
148,2026-05-12 10:11:07.686181,3,4.933333333333334,0.5252656608684293,0.33212485986392504,0.1842241403463432,0.1282182802551976,26,0.727954492599988,0.003453265782909609,0.006044769688651086,0.10359797348728828,0.18134309065953258,0.20884888470045596,0.031747465901477145,2.0714207101483972
149,2026-05-12 10:11:07.720497,3,4.966666666666667,0.5301074520139711,0.3328025326937369,0.1842241403463432,0.1282182802551976,26,0.9103468391494569,0.0048417911455418405,0.0006776728298118484,0.14525373436625522,0.020330184894355452,0.14666957341310197,1.2496728263690082,-4.830387172955314
150,2026-05-12 10:11:07.754225,3,5.0,0.5318738635820416,0.33569678490726973,0.1842241403463432,0.1282182802551976,26,0.7558626799025006,0.0017664115680704473,0.002894252213532844,0.05299234704211342,0.08682756640598532,0.10172126195155848,-2.767841619724254,1.9949214453488961
151,2026-05-12 10:11:07.787953,3,5.033333333333333,0.5363224388252839,0.3381944087554648,0.1842241403463432,0.1282182802551976,26,0.933400529633937,0.00444857524324227,0.002497623848195074,0.1334572572972681,0.07492871544585222,0.1530527749623466,2.4139473076546403,-0.356965528803993
152,2026-05-12 10:11:07.822530,3,5.066666666666666,0.5418057219611601,0.33719111890695175,0.1842241403463432,0.1282182802551976,26,0.8002134090729254,0.005483283135876205,-0.001003289848513056,0.16449849407628614,-0.030098695455391677,0.16722944125207845,0.9312371033705413,-3.150822327037317
153,2026-05-12 10:11:07.856285,3,5.1,0.5499763097353315,0.33490752827639814,0.1842241403463432,0.1282182802551976,26,0.7798275586286337,0.008170587774171456,-0.0022835906305536113,0.24511763322514368,-0.06850771891660834,0.25451122110636515,2.4185741744657263,-1.1522707038364999
154,2026-05-12 10:11:07.889956,3,5.133333333333333,0.5573338439692814,0.34383489371133547,0.1842241403463432,0.1282182802551976,26,0.9492656472616812,0.007357534233949914,0.008927365434937329,0.22072602701849742,0.26782096304811986,0.3470562594902919,-0.731748186199388,10.089860458941846
155,2026-05-12 10:11:07.924036,3,5.166666666666667,0.5626061387077913,0.3411753111525596,0.1842241403463432,0.1282182802551976,26,0.8984509949397819,0.005272294738509875,-0.0026595825587758526,0.15816884215529625,-0.07978747676327558,0.17715367361981874,-1.876715545896035,-10.428253194341863
156,2026-05-12 10:11:07.957840,3,5.2,0.5667487976330136,0.34348026247401464,0.1842241403463432,0.1282182802551976,26,0.8624811502506436,0.004142658925222253,0.002304951321455029,0.1242797677566676,0.06914853964365086,0.14222159192085002,-1.0166722319588595,4.468080492207793
157,2026-05-12 10:11:07.991676,3,5.233333333333333,0.5733909511072114,0.34812299492540777,0.1842241403463432,0.1282182802551976,26,0.7705056897562396,0.006642153474197832,0.004642732451393128,0.19926460422593495,0.13928197354179384,0.24311694850630108,2.2495450940780204,2.104003016944289
158,2026-05-12 10:11:08.025365,3,5.266666666666667,0.5782886087517539,0.3443974570298504,0.1842241403463432,0.1282182802551976,26,0.8451295301359474,0.00489765764454253,-0.0037255378955573515,0.1469297293362759,-0.11176613686672054,0.18460773199663605,-1.5700462466897713,-7.531443312255432
159,2026-05-12 10:11:08.059136,3,5.3,0.5833400941789633,0.3464179601241782,0.1842241403463432,0.1282182802551976,26,0.8085477716146234,0.005051485427209346,0.0020205030943277746,0.15154456281628037,0.06061509282983324,0.16321747454836705,0.13844500440013396,5.171436890896613
160,2026-05-12 10:11:08.092650,3,5.333333333333333,0.5899343543606589,0.34630316442764386,0.1842241403463432,0.1282182802551976,26,0.7509017925074494,0.0065942601816956214,-0.00011479569653433108,0.19782780545086864,-0.0034438708960299325,0.1978577793675428,1.3884972790376482,-1.9217689117758952
161,2026-05-12 10:11:08.126148,3,5.366666666666666,0.5955422638186395,0.3451859893489798,0.1842241403463432,0.1282182802551976,26,0.8972060860688627,0.00560790945798062,-0.0011171750786640455,0.1682372837394186,-0.033515252359921366,0.17154316011070467,-0.8877156513435014,-0.902141443916743
162,2026-05-12 10:11:08.159683,3,5.4,0.5997065300211354,0.3448782594801824,0.1842241403463432,0.1282182802551976,26,0.7367145169584501,0.004164266202495881,-0.0003077298687974017,0.12492798607487643,-0.009231896063922052,0.12526862979078032,-1.299278929936265,0.7285006888799794
163,2026-05-12 10:11:08.193198,3,5.433333333333334,0.6064346575831467,0.3509277422804527,0.1842241403463432,0.1282182802551976,26,0.7825929861900249,0.0067281275620113545,0.006049482800270289,0.20184382686034064,0.18148448400810868,0.27143608525271035,2.307475223563926,5.721491402160922
164,2026-05-12 10:11:08.226707,3,5.466666666666667,0.6107177490409673,0.3475005101320536,0.1842241403463432,0.1282182802551976,26,0.9162643585140121,0.004283091457820576,-0.0034272321483991286,0.12849274373461728,-0.10281696445197386,0.16456522528033826,-2.200532493771701,-8.529043453802476
165,2026-05-12 10:11:08.261160,3,5.5,0.6152426418172907,0.3457513633560353,0.1842241403463432,0.1282182802551976,26,0.7583395528282728,0.004524892776323397,-0.0017491467760182844,0.1357467832897019,-0.05247440328054853,0.14553608546731953,0.21762118665253904,1.5102768351427598
166,2026-05-12 10:11:08.295321,3,5.533333333333333,0.6207552428752274,0.3509748071037942,0.1842241403463432,0.1282182802551976,26,0.7016223518264132,0.005512601057936717,0.005223443747758905,0.1653780317381015,0.15670331243276714,0.22782849143373166,0.8889374534519878,6.27533147139947
167,2026-05-12 10:11:08.329048,3,5.566666666666666,0.6273972861202622,0.34208722083525317,0.1842241403463432,0.1282182802551976,26,0.9108935431717919,0.006642043245034812,-0.008887586268541026,0.19926129735104436,-0.26662758805623077,0.33285933265375695,1.0164979683882858,-12.699927014669937
168,2026-05-12 10:11:08.362714,3,5.6,0.630226055442552,0.3481590657733277,0.1842241403463432,0.1282182802551976,26,0.9436696727343732,0.0028287693222897037,0.006071844938074555,0.08486307966869111,0.18215534814223666,0.20095350991628402,-3.4319465304705976,13.463488085954022
169,2026-05-12 10:11:08.396384,3,5.633333333333333,0.6382757393594845,0.348152749921202,0.1842241403463432,0.1282182802551976,26,0.700238117840108,0.008049683916932504,-6.31585212573782e-06,0.24149051750797512,-0.0001894755637721346,0.24149059184005264,4.698823135178521,-5.470344711180264
170,2026-05-12 10:11:08.430121,3,5.666666666666667,0.6420238756356859,0.34701833245666375,0.1842241403463432,0.1282182802551976,26,0.7802152637202684,0.003748136276201408,-0.0011344174645382399,0.11244408828604224,-0.034032523936147197,0.11748142694036234,-3.8713928766579864,-1.0152914511712519
171,2026-05-12 10:11:08.463773,3,5.7,0.6443068452670156,0.3448784692573174,0.1842241403463432,0.1282182802551976,26,0.9292093043576859,0.00228296963132979,-0.002139863199346337,0.0684890889398937,-0.0641958959803901,0.09387155247753035,-1.3186499803844565,-0.9049011613272873
172,2026-05-12 10:11:08.497437,3,5.733333333333333,0.6504988109834642,0.34643753722922715,0.1842241403463432,0.1282182802551976,26,0.9571685209301652,0.006191965716448533,0.0015590679719097444,0.185758971493456,0.04677203915729233,0.19155683004591062,3.518096476606869,3.329038054130473
173,2026-05-12 10:11:08.531125,3,5.766666666666667,0.6562617792295168,0.348183471546818,0.1842241403463432,0.1282182802551976,26,0.948248820696161,0.005762968246052602,0.001745934317590847,0.17288904738157806,0.05237802952772541,0.18064905391868738,-0.38609772335633785,0.16817971111299235
174,2026-05-12 10:11:08.566104,3,5.8,0.6590667071399499,0.3408887862503114,0.1842241403463432,0.1282182802551976,26,0.9788218559201101,0.002804927910433075,-0.00729468529650662,0.08414783731299225,-0.2188405588951986,0.23446118813572683,-2.6622363020575746,-8.13655765268772
175,2026-05-12 10:11:08.599923,3,5.833333333333333,0.673527576659126,0.34428478453972217,0.1842241403463432,0.1282182802551976,26,0.9098963631736475,0.014460869519176134,0.0033959982894107843,0.433826085575284,0.10187994868232353,0.4456283165027628,10.490347447868754,9.621615227325664
176,2026-05-12 10:11:08.633628,3,5.866666666666666,0.6730004871824004,0.34349222218054387,0.1842241403463432,0.1282182802551976,26,0.7631381205358423,-0.0005270894767256395,-0.0007925623591782949,-0.015812684301769186,-0.023776870775348846,0.028554869439292762,-13.489163096311596,-3.7697045837301713
177,2026-05-12 10:11:08.667296,3,5.9,0.6754183177871795,0.34842511324866543,0.1842241403463432,0.1282182802551976,26,0.9636138680323594,0.002417830604779181,0.004932891068121559,0.07253491814337543,0.14798673204364676,0.1648071212388114,2.6504280733543384,5.1529080845698685
178,2026-05-12 10:11:08.700999,3,5.933333333333334,0.6876247926806835,0.35113070407349684,0.1842241403463432,0.1282182802551976,26,0.9517594716220652,0.012206474893504016,0.0027055908248314053,0.36619424680512047,0.08116772474494216,0.37508189230278793,8.809779859852352,-2.0045702189611383
179,2026-05-12 10:11:08.740114,3,5.966666666666667,0.6870664956331687,0.3447104326460414,0.1842241403463432,0.1282182802551976,26,0.9210450887827294,-0.0005582970475148663,-0.006420271427455437,-0.01674891142544599,-0.19260814282366312,0.19333500126960468,-11.488294746916994,-8.213276027058159
180,2026-05-12 10:11:08.773838,3,6.0,0.6962240536949104,0.34920217978871576,0.1842241403463432,0.1282182802551976,26,0.7902388536282999,0.009157558061741677,0.004491747142674363,0.2747267418522503,0.13475241428023088,0.30599509120752894,8.74426959833089,9.82081671311682
181,2026-05-12 10:11:08.807527,3,6.033333333333333,0.6992002887699701,0.34774325676921775,0.1842241403463432,0.1282182802551976,26,0.8195410369070573,0.00297623507505973,-0.0014589230194980152,0.0892870522517919,-0.043767690584940455,0.0994373593723873,-5.563190688013753,-5.35560314595514
182,2026-05-12 10:11:08.841293,3,6.066666666666666,0.7051885891396826,0.34962852743924033,0.1842241403463432,0.1282182802551976,26,0.8504348736027625,0.00598830036971254,0.0018852706700225874,0.1796490110913762,0.05655812010067762,0.1883416792306793,2.7108587651875293,3.0097743205685425
183,2026-05-12 10:11:08.875939,3,6.1,0.7122096953727844,0.35035374987997525,0.1842241403463432,0.1282182802551976,26,0.9275220456275506,0.007021106233101815,0.0007252224407349184,0.21063318699305444,0.02175667322204755,0.21175384835355884,0.929525277050347,-1.0440434063589021
184,2026-05-12 10:11:08.909739,3,6.133333333333333,0.7192069526169884,0.35045606535058643,0.1842241403463432,0.1282182802551976,26,0.7163092067820459,0.006997257244203969,0.00010231547061118063,0.20991771732611908,0.0030694641183354188,0.20994015732437227,-0.021464090008060932,-0.560616273111364
185,2026-05-12 10:11:08.943423,3,6.166666666666667,0.7274732195360691,0.3488512286664243,0.1842241403463432,0.1282182802551976,26,0.8141589636597254,0.008266266919080723,-0.0016048366841621142,0.24798800757242168,-0.04814510052486343,0.2526182942787174,1.1421087073890779,-1.5364369392959654
186,2026-05-12 10:11:08.977129,3,6.2,0.7298042717014503,0.3495818476386884,0.1842241403463432,0.1282182802551976,26,0.9880533919553263,0.002331052165381209,0.0007306189722640632,0.06993156496143627,0.021918569167921897,0.07328606588107017,-5.341693278329562,2.10191009078356
187,2026-05-12 10:11:09.011632,3,6.233333333333333,0.7379456158496904,0.34845719690941757,0.1842241403463432,0.1282182802551976,26,0.8102692060089143,0.008141344148240082,-0.0011246507292708152,0.24424032444720245,-0.03373952187812446,0.24655971167779855,5.2292627845729855,-1.6697427313813906
188,2026-05-12 10:11:09.045574,3,6.266666666666667,0.7426579329876801,0.34710620748727355,0.1842241403463432,0.1282182802551976,26,0.9529801472129557,0.004712317137989697,-0.001350989422144011,0.1413695141396909,-0.04052968266432033,0.1470645936483788,-3.0861243092253465,-0.20370482358587627
189,2026-05-12 10:11:09.079312,3,6.3,0.7510479544980343,0.3509577397381326,0.1842241403463432,0.1282182802551976,26,0.7698911299297146,0.008390021510354173,0.0038515322508590466,0.2517006453106252,0.1155459675257714,0.27695502425710167,3.309933935128029,4.682269505702752
190,2026-05-12 10:11:09.113362,3,6.333333333333333,0.760824494079899,0.3509671749167334,0.1842241403463432,0.1282182802551976,26,0.814698293133559,0.009776539581864752,9.435178600802896e-06,0.29329618745594255,0.0002830553580240869,0.29329632404196115,1.2478662643595206,-3.4578873650324193
191,2026-05-12 10:11:09.151704,3,6.366666666666666,0.7678967305198946,0.3522636266564766,0.1842241403463432,0.1282182802551976,26,0.8060751519184731,0.0070722364399955495,0.0012964517397431874,0.21216709319986649,0.03889355219229562,0.21570253554146196,-2.433872827682282,1.158314905028146
192,2026-05-12 10:11:09.185426,3,6.4,0.770420433401838,0.35503873854047147,0.1842241403463432,0.1282182802551976,26,0.9324343814340561,0.0025237028819433682,0.002775111883994874,0.07571108645830105,0.08325335651984622,0.11253128447021725,-4.093680202246963,1.330794129826518
193,2026-05-12 10:11:09.219170,3,6.433333333333334,0.7742491487861308,0.3530072433041061,0.1842241403463432,0.1282182802551976,26,0.9110330734918477,0.003828715384292858,-0.002031495236365366,0.11486146152878574,-0.06094485709096098,0.13002857743729407,1.1745112521145407,-4.325946408324216
194,2026-05-12 10:11:09.252902,3,6.466666666666667,0.7785996725189751,0.34555133427387774,0.1842241403463432,0.1282182802551976,26,0.749220883397026,0.00435052373284428,-0.007455909030228358,0.1305157119853284,-0.22367727090685074,0.2589707948695642,0.4696275136962802,-4.881972414476693
195,2026-05-12 10:11:09.286592,3,6.5,0.785235532400092,0.3498627249603676,0.1842241403463432,0.1282182802551976,26,0.7201341706502181,0.006635859881116923,0.0043113906864898355,0.1990757964335077,0.12934172059469506,0.2374035665528881,2.0568025334453788,10.590569745046375
196,2026-05-12 10:11:09.320286,3,6.533333333333333,0.7903243536775424,0.3515486020497211,0.1842241403463432,0.1282182802551976,26,0.7245997980032426,0.005088821277450362,0.0016858770893535269,0.15266463832351085,0.050576312680605806,0.1608242991553664,-1.3923347432999056,-2.362962237422678
197,2026-05-12 10:11:09.354867,3,6.566666666666666,0.7965397674096267,0.3521110626551081,0.1842241403463432,0.1282182802551976,26,0.7369667781501453,0.0062154137320843406,0.0005624606053870052,0.18646241196253022,0.016873818161610155,0.1872243488818573,1.013933209170581,-1.0110748355698695
198,2026-05-12 10:11:09.388822,3,6.6,0.7990129722747741,0.35131970808952734,0.1842241403463432,0.1282182802551976,26,0.7310659442417831,0.0024732048651473493,-0.0007913545655807708,0.07419614595442048,-0.023740636967423123,0.07790177095617688,-3.367987980243292,-1.2184336538709983
199,2026-05-12 10:11:09.422650,3,6.633333333333333,0.807416523984357,0.35285902530448016,0.1842241403463432,0.1282182802551976,26,0.8330859809821849,0.008403551709582957,0.0015393172149528178,0.2521065512874887,0.046179516448584534,0.256301113812438,5.337312159992047,2.0976046024802297
200,2026-05-12 10:11:09.456397,3,6.666666666666667,0.812613683928717,0.348879944254397,0.1842241403463432,0.1282182802551976,26,0.7302459253500346,0.005197159944359986,-0.003979081050083155,0.15591479833079958,-0.11937243150249466,0.1963649707594297,-2.885752588700674,-4.966558438532376
201,2026-05-12 10:11:09.490077,3,6.7,0.8200095074817819,0.3554732838378419,0.1842241403463432,0.1282182802551976,26,0.7523456280001147,0.007395823553064895,0.006593339583444879,0.22187470659194686,0.19780018750334638,0.297242829352739,1.9787972478344185,9.515178570175232
202,2026-05-12 10:11:09.523794,3,6.733333333333333,0.8217064259520219,0.35598919621374936,0.1842241403463432,0.1282182802551976,26,0.7012661174110265,0.0016969184702400053,0.0005159123759074791,0.05090755410720016,0.015477371277224372,0.053208346026075284,-5.129014574542401,-5.4696844867836605
203,2026-05-12 10:11:09.557465,3,6.766666666666667,0.8300124660315502,0.35816245558318577,0.1842241403463432,0.1282182802551976,26,0.7460648133976672,0.008306040079528287,0.002173259369436409,0.24918120238584862,0.06519778108309227,0.2575694513730541,5.948209448359454,1.4916122941760368
204,2026-05-12 10:11:09.591135,3,6.8,0.8335605499830143,0.36098112434384694,0.1842241403463432,0.1282182802551976,26,0.9481886876774042,0.0035480839514641094,0.0028186687606611693,0.10644251854392328,0.08456006281983508,0.1359426863721175,-4.28216051525776,0.5808684521022844
205,2026-05-12 10:11:09.624810,3,6.833333333333333,0.8428314619366398,0.35870311363967533,0.1842241403463432,0.1282182802551976,26,0.8953637579100455,0.009270911953625505,-0.002278010704171607,0.27812735860876514,-0.0683403211251482,0.28640046630230376,5.150545201945256,-4.587011518349499
206,2026-05-12 10:11:09.658514,3,6.866666666666666,0.847634244045727,0.36245150179085905,0.1842241403463432,0.1282182802551976,26,0.9395391380995737,0.004802782109087134,0.0037483881511837236,0.144083463272614,0.11245164453551171,0.18277148778562752,-4.021316860084534,5.423758969819797
207,2026-05-12 10:11:09.692177,3,6.8999999999999995,0.8546987849510644,0.3603169627776835,0.1842241403463432,0.1282182802551976,26,0.7546851857901672,0.00706454090533748,-0.0021345390131755626,0.2119362271601244,-0.06403617039526688,0.2213991768317116,2.0355829166253114,-5.294634447923357
208,2026-05-12 10:11:09.725867,3,6.933333333333334,0.8622986343236627,0.3635896745280327,0.1842241403463432,0.1282182802551976,26,0.9501697680728489,0.007599849372598277,0.003272711750349211,0.22799548117794832,0.09818135251047633,0.24823681720959645,0.48177762053471795,4.866525687172296
209,2026-05-12 10:11:09.759536,3,6.966666666666667,0.8696175483057866,0.3591365823827947,0.1842241403463432,0.1282182802551976,26,0.7794158083367576,0.00731891398212392,-0.00445309214523798,0.2195674194637176,-0.1335927643571394,0.2570153271276604,-0.2528418514269215,-6.953223506028472
210,2026-05-12 10:11:09.793256,3,7.0,0.8777511262634884,0.3655019664494869,0.1842241403463432,0.1282182802551976,26,0.7165116257463258,0.008133577957701754,0.006365384066692181,0.24400733873105263,0.19096152200076544,0.30984816320168734,0.7331975780200506,9.736628590737146
211,2026-05-12 10:11:09.826932,3,7.033333333333333,0.8842369604267786,0.36536819942374754,0.1842241403463432,0.1282182802551976,26,0.7924946449454543,0.006485834163290183,-0.00013376702573936194,0.19457502489870548,-0.004013010772180858,0.1946164036503334,-1.4829694149704142,-5.849235983188389
212,2026-05-12 10:11:09.861393,3,7.066666666666666,0.890532898397866,0.37171404141195247,0.1842241403463432,0.1282182802551976,26,0.716756817320011,0.006295937971087406,0.0063458419882049255,0.1888781391326222,0.19037525964614777,0.2681747395403608,-0.17090657298249878,5.831648112549859
213,2026-05-12 10:11:09.895846,3,7.1,0.9005566005253451,0.36870137936593517,0.1842241403463432,0.1282182802551976,26,0.7826706723180255,0.010023702127479162,-0.0030126620460173004,0.30071106382437485,-0.09037986138051901,0.31399946377270943,3.3549877407525797,-8.422653630800003
214,2026-05-12 10:11:09.929583,3,7.133333333333333,0.9044648983802657,0.3716726513320114,0.1842241403463432,0.1282182802551976,26,0.8816701208322213,0.003908297854920528,0.0029712719660762166,0.11724893564761585,0.0891381589822865,0.14728518016844105,-5.50386384530277,5.385540610884165
215,2026-05-12 10:11:09.963285,3,7.166666666666667,0.9171271093746973,0.3750198836762015,0.1842241403463432,0.1282182802551976,26,0.9532908234168063,0.012662210994431655,0.0033472323441900986,0.37986632983294966,0.10041697032570296,0.39291474453136577,7.878521825560014,0.33836434030249385
216,2026-05-12 10:11:09.996934,3,7.2,0.9239539860360456,0.3791121169984015,0.1842241403463432,0.1282182802551976,26,0.9881575643978728,0.006826876661348291,0.004092233322200045,0.20480629984044874,0.12276699966600135,0.23878307448671435,-5.251800899775028,0.6705008802089518
217,2026-05-12 10:11:10.030621,3,7.233333333333333,0.9266379486107537,0.37849457693040567,0.1842241403463432,0.1282182802551976,26,0.984977450650061,0.002683962574708043,-0.0006175400679958587,0.0805188772412413,-0.01852620203987576,0.082622695152194,-3.7286226779762233,-4.238796051176314
218,2026-05-12 10:11:10.072417,3,7.266666666666667,0.936261803928418,0.38281845956787464,0.1842241403463432,0.1282182802551976,26,0.8230302925157931,0.009623855317664298,0.004323882637468968,0.28871565952992895,0.12971647912406903,0.31651713541946963,6.24590346866063,4.447280434918344
219,2026-05-12 10:11:10.106386,3,7.3,0.946860985291979,0.38102252410114185,0.1842241403463432,0.1282182802551976,26,0.8443341098447766,0.010599181363561083,-0.0017959354667327898,0.3179754409068325,-0.053878064001983694,0.32250771587745986,0.8777934413071065,-5.5078362937815815
220,2026-05-12 10:11:10.140586,3,7.333333333333333,0.9490773195281148,0.38293065317403696,0.1842241403463432,0.1282182802551976,26,0.7579532730252151,0.002216334236135764,0.001908129072895115,0.06649002708407292,0.05724387218685345,0.08773701957888451,-7.544562414682788,3.3336580856651143
221,2026-05-12 10:11:10.174497,3,7.366666666666666,0.94326999264614,0.3790866164225985,0.1842241403463432,0.1282182802551976,26,0.8363753812451786,-0.005807326881974828,-0.003844036751438462,-0.17421980645924484,-0.11532110254315386,0.2089294083044925,-7.221295006299533,-5.176949241900219
222,2026-05-12 10:11:10.209433,3,7.3999999999999995,0.9321898536467796,0.3827400396586234,0.1842241403463432,0.1282182802551976,26,0.7972551346457087,-0.011080138999360334,0.003653423236024911,-0.33240416998081,0.10960269708074732,0.3500075476729113,-4.745530905646955,6.747713988717035
223,2026-05-12 10:11:10.243311,3,7.433333333333334,0.9231757286154988,0.3871848810982855,0.1842241403463432,0.1282182802551976,26,0.8868851304721087,-0.00901412503128085,0.004444841439662117,-0.2704237509384255,0.13334524318986352,0.30151278406225407,1.8594125712715348,0.7122763832734857
224,2026-05-12 10:11:10.276834,3,7.466666666666667,0.9160287917134395,0.3845509864308791,0.1842241403463432,0.1282182802551976,26,0.8227380394216075,-0.007146936902059253,-0.0026338946674064334,-0.2144081070617776,-0.079016840022193,0.22850491762959396,1.6804693162994377,-6.3708624963616955
225,2026-05-12 10:11:10.310370,3,7.5,0.9114378460415283,0.38578419907950384,0.1842241403463432,0.1282182802551976,26,0.7851059017322528,-0.004590945671911206,0.0012332126486247486,-0.1377283701573362,0.03699637945874246,0.14261078514352088,2.3003921071332423,3.480396584428064
226,2026-05-12 10:11:10.343867,3,7.533333333333333,0.8970913559325836,0.3852618737974135,0.1842241403463432,0.1282182802551976,26,0.9710388036197781,-0.014346490108944732,-0.0005223252820903412,-0.43039470326834195,-0.015669758462710237,0.4306798601417575,-8.779989993330172,-1.5799841376435808
227,2026-05-12 10:11:10.377375,3,7.566666666666666,0.8894615482676933,0.3850077207468349,0.1842241403463432,0.1282182802551976,26,0.7860794728843331,-0.007629807664890298,-0.00025415305057857607,-0.22889422994670894,-0.007624591517357282,0.22902118438848276,6.045014199648991,0.24135500836058865
228,2026-05-12 10:11:10.410873,3,7.6,0.8799777590117696,0.3874166631656808,0.1842241403463432,0.1282182802551976,26,0.7498665098155518,-0.009483789255923747,0.002408942418845872,-0.2845136776777124,0.07226827256537616,0.2935485241068003,-1.668583431930104,2.396785922482003
229,2026-05-12 10:11:10.444381,3,7.633333333333333,0.8726690619454567,0.3837787876574913,0.1842241403463432,0.1282182802551976,26,0.7378463370445075,-0.007308697066312875,-0.003637875508189503,-0.21926091198938624,-0.1091362652456851,0.2449205420502615,1.957582970649785,-5.442136134331838
230,2026-05-12 10:11:10.477960,3,7.666666666666667,0.8666033960581133,0.38466046561442035,0.1842241403463432,0.1282182802551976,26,0.8393823081690936,-0.006065665887343363,0.0008816779569290611,-0.1819699766203009,0.026450338707871834,0.1838822797578766,1.1187280610725603,4.067598118606708
231,2026-05-12 10:11:10.511458,3,7.7,0.855492099946152,0.3855383748083555,0.1842241403463432,0.1282182802551976,26,0.9607700644266002,-0.011111296111961266,0.0008779091939351558,-0.333338883358838,0.026337275818054673,0.33437772541907346,-4.541067202156113,-0.003391886694514845
232,2026-05-12 10:11:10.544952,3,7.733333333333333,0.8444735649031804,0.38394210255212285,0.1842241403463432,0.1282182802551976,26,0.8770341338083794,-0.011018535042971678,-0.001596272256232656,-0.33055605128915033,-0.04788816768697968,0.33400685569055566,0.08348496209062972,-2.2267633051510307
233,2026-05-12 10:11:10.578461,3,7.766666666666667,0.8344280836630371,0.3859167535870592,0.1842241403463432,0.1282182802551976,26,0.7092127243633817,-0.010045481240143261,0.0019746510349363255,-0.30136443720429784,0.059239531048089766,0.3071316428671275,0.8757484225455747,3.2138309620520835
234,2026-05-12 10:11:10.611967,3,7.8,0.8284475080928376,0.37976005583817724,0.1842241403463432,0.1282182802551976,26,0.8954161333128318,-0.005980575570199487,-0.006156697748881945,-0.1794172671059846,-0.18470093246645836,0.2574975537549035,3.658415102949397,-7.318213905436444
235,2026-05-12 10:11:10.645462,3,7.833333333333333,0.8185729339907181,0.38212684751185416,0.1842241403463432,0.1282182802551976,26,0.7131932888066619,-0.00987457410211956,0.0023667916736769268,-0.2962372230635868,0.0710037502103078,0.3046276823802345,-3.504598678728066,7.671140480302985
236,2026-05-12 10:11:10.678993,3,7.866666666666666,0.8093761987607198,0.37946055188234995,0.1842241403463432,0.1282182802551976,26,0.8877121017512786,-0.00919673522999831,-0.0026662956295042117,-0.2759020568999493,-0.07998886888512635,0.2872632314570467,0.6100549849091252,-4.529778572863025
237,2026-05-12 10:11:10.712521,3,7.8999999999999995,0.7999435748436596,0.38107224212777296,0.1842241403463432,0.1282182802551976,26,0.855384540244468,-0.009432623917060123,0.0016116902454230142,-0.2829787175118037,0.048350707362690426,0.2870796848735516,-0.21229981835563239,3.8501872874345033
238,2026-05-12 10:11:10.746017,3,7.933333333333334,0.7882321212266756,0.3814342380777238,0.1842241403463432,0.1282182802551976,26,0.87566926845717,-0.011711453616984002,0.00036199594995084405,-0.35134360850952007,0.010859878498525322,0.35151140550698157,-2.050946729931491,-1.1247248659249531
239,2026-05-12 10:11:10.779510,3,7.966666666666667,0.7777963524009511,0.3816102075007892,0.1842241403463432,0.1282182802551976,26,0.8477765232782961,-0.0104357688257245,0.00017596942306541408,-0.313073064771735,0.005279082691962422,0.313117569931225,1.1481163121335514,-0.16742387419688698
240,2026-05-12 10:11:10.813018,3,8.0,0.7675735071514886,0.3842967911077076,0.1842241403463432,0.1282182802551976,26,0.7429521270479723,-0.010222845249462487,0.002686583606918369,-0.3066853574838746,0.08059750820755107,0.3170991435249837,0.19163121863581267,2.2595527654676597
241,2026-05-12 10:11:10.846554,3,8.033333333333333,0.7549357840261824,0.3826783255939191,0.1842241403463432,0.1282182802551976,26,0.9358148458826911,-0.0126377231253062,-0.0016184655137884696,-0.379131693759186,-0.04855396541365409,0.38222811091035613,-2.1733900882593415,-3.874544208636155
242,2026-05-12 10:11:10.880077,3,8.066666666666666,0.7427108064246872,0.386272828200993,0.1842241403463432,0.1282182802551976,26,0.8760795636001866,-0.012224977601495213,0.0035945026070738906,-0.3667493280448564,0.10783507821221672,0.3822740819286452,0.37147097142988805,4.691671308776124
243,2026-05-12 10:11:10.913571,3,8.1,0.7339516359781146,0.38528838653707226,0.1842241403463432,0.1282182802551976,26,0.8527131264752809,-0.008759170446572595,-0.0009844416639207543,-0.26277511339717785,-0.029533249917622628,0.2644295238274207,3.119226439430356,-4.121049843895181
244,2026-05-12 10:11:10.947063,3,8.133333333333333,0.7215298086081282,0.3861981494445981,0.1842241403463432,0.1282182802551976,26,0.9378596545649197,-0.012421827369986427,0.0009097629075258684,-0.3726548210995928,0.027292887225776052,0.3736529370711389,-3.2963912310724486,1.7047841143019604
245,2026-05-12 10:11:10.980570,3,8.166666666666666,0.7079875807757423,0.38427764933569325,0.1842241403463432,0.1282182802551976,26,0.8688847461737261,-0.0135422278323859,-0.0019205001089048768,-0.406266834971577,-0.0576150032671463,0.4103318532594025,-1.008360416159526,-2.5472367147876707
246,2026-05-12 10:11:11.014064,3,8.2,0.6975733716945919,0.38374243612949654,0.1842241403463432,0.1282182802551976,26,0.9874833279995641,-0.010414209081150427,-0.0005352132061967052,-0.3124262724345128,-0.016056396185901156,0.312838590275885,2.8152168761119256,1.2467582124373544
247,2026-05-12 10:11:11.047572,3,8.233333333333333,0.6816347531625986,0.3869179710130897,0.1842241403463432,0.1282182802551976,26,0.717054989965109,-0.015938618531993298,0.0031755348835931785,-0.47815855595979895,0.09526604650779535,0.4875563805907842,-4.971968505758584,3.3396732808108953
248,2026-05-12 10:11:11.081067,3,8.266666666666666,0.6683246221552347,0.38690154367675444,0.1842241403463432,0.1282182802551976,26,0.8202000112167638,-0.01331013100736389,-1.6427336335278486e-05,-0.3993039302209167,-0.0004928200900583546,0.3993042343395721,2.3656387721664673,-2.8727659979356113
249,2026-05-12 10:11:11.114799,3,8.3,0.6595136865491418,0.3898932905339166,0.1842241403463432,0.1282182802551976,26,0.8577296105114726,-0.008810935606092918,0.0029917468571621364,-0.26432806818278753,0.08975240571486409,0.2791501781494147,4.049275861143875,2.7073567741476734
250,2026-05-12 10:11:11.149155,3,8.333333333333334,0.6477778281958085,0.3943455575490887,0.1842241403463432,0.1282182802551976,26,0.7744797184923371,-0.01173585835333324,0.0044522670151720956,-0.3520757505999972,0.13356801045516287,0.3765604169021246,-2.6324304725162895,1.3144681422089632
251,2026-05-12 10:11:11.183572,3,8.366666666666667,0.6371494696060992,0.3948626921079368,0.1842241403463432,0.1282182802551976,26,0.8496679926768933,-0.010628358589709341,0.0005171345588481091,-0.31885075769128024,0.015514036765443273,0.31922796089481736,0.9967497872615083,-3.541619210691588
252,2026-05-12 10:11:11.217379,3,8.4,0.6202279863347596,0.39562624805246427,0.1842241403463432,0.1282182802551976,26,0.9770643761710824,-0.016921483271339577,0.0007635559445274831,-0.5076444981401873,0.022906678335824493,0.5081610496726245,-5.663812213467212,0.2217792471114366
253,2026-05-12 10:11:11.251106,3,8.433333333333334,0.6070977959255284,0.39497064066546594,0.1842241403463432,0.1282182802551976,26,0.9774360792714853,-0.013130190409231246,-0.0006556073869983248,-0.3939057122769374,-0.019668221609949743,0.39439643647692796,3.4121635758974977,-1.277246998373227
254,2026-05-12 10:11:11.284785,3,8.466666666666667,0.5947000895591298,0.39795559291477317,0.1842241403463432,0.1282182802551976,26,0.7272300548013767,-0.012397706366398586,0.0029849522493072267,-0.3719311909919576,0.0895485674792168,0.38255948134933987,0.6592356385493936,3.2765036726749965
255,2026-05-12 10:11:11.318451,3,8.5,0.5799573981440417,0.4001328427882207,0.1842241403463432,0.1282182802551976,26,0.8883043079693236,-0.014742691415088105,0.0021772498734475287,-0.44228074245264315,0.06531749620342586,0.44707787963032325,-2.1104865438205667,-0.7269321382737282
256,2026-05-12 10:11:11.352152,3,8.533333333333333,0.5729251649106268,0.405304795235451,0.1842241403463432,0.1282182802551976,26,0.820374521137999,-0.007032233233414842,0.005171952447230288,-0.21096699700244526,0.15515857341690864,0.26188023355915957,6.939412363505937,2.6952323164044834
257,2026-05-12 10:11:11.385846,3,8.566666666666666,0.5598723512635302,0.4078058250635517,0.1842241403463432,0.1282182802551976,26,0.8436707839245929,-0.01305281364709665,0.002501029828100687,-0.3915844094128995,0.07503089484302061,0.3987078941734083,-5.418522372313628,-2.403830357216641
258,2026-05-12 10:11:11.419525,3,8.6,0.5450496532484408,0.4065023868278072,0.1842241403463432,0.1282182802551976,26,0.8925788086656744,-0.014822698015089397,-0.0013034382357444696,-0.4446809404526819,-0.03910314707233409,0.4463969028934254,-1.592895931193472,-3.424021257460641
259,2026-05-12 10:11:11.453240,3,8.633333333333333,0.5337406930221938,0.4105990529458669,0.1842241403463432,0.1282182802551976,26,0.9295097719292574,-0.011308960226246945,0.0040966661180597,-0.33926880678740834,0.12289998354179099,0.3608430811495827,3.1623640099582073,4.860093918423752
260,2026-05-12 10:11:11.486974,3,8.666666666666666,0.5172172308882181,0.41178921271890256,0.1842241403463432,0.1282182802551976,26,0.9543869398486968,-0.016523462133975708,0.0011901597730356595,-0.49570386401927125,0.035704793191069784,0.4969880814068414,-4.693051716955887,-2.6158557105216365
261,2026-05-12 10:11:11.520642,3,8.7,0.5057605834351615,0.4167748464310787,0.1842241403463432,0.1282182802551976,26,0.831177994245115,-0.011456647453056634,0.004985633712176141,-0.343699423591699,0.14956901136528422,0.3748335403056331,4.560133212827167,3.415926545226433
262,2026-05-12 10:11:11.554308,3,8.733333333333333,0.49339316152017,0.4166732297268043,0.1842241403463432,0.1282182802551976,26,0.8072496742632493,-0.012367421914991517,-0.00010161670427438763,-0.3710226574497455,-0.0030485011282316288,0.3710351812162831,-0.8196970157413941,-4.5785253748054755
263,2026-05-12 10:11:11.588009,3,8.766666666666666,0.4810433557221344,0.418829040267394,0.1842241403463432,0.1282182802551976,26,0.7278102907306693,-0.012349805798035574,0.0021558105405896644,-0.3704941739410672,0.06467431621768993,0.3760966632429747,0.015854505260348706,2.031684520377647
264,2026-05-12 10:11:11.624074,3,8.8,0.46934797342258433,0.4201029295602737,0.1842241403463432,0.1282182802551976,26,0.935397311076163,-0.011695382299550083,0.001273889292879693,-0.3508614689865025,0.03821667878639079,0.35293665856188505,0.5889811486369412,-0.7937291229389742
265,2026-05-12 10:11:11.657743,3,8.833333333333334,0.45548775231298594,0.42395146932115835,0.1842241403463432,0.1282182802551976,26,0.9416137899023833,-0.013860221109598392,0.0038485397608846728,-0.41580663328795175,0.11545619282654018,0.43153828190354143,-1.9483549290434776,2.317185421204482
266,2026-05-12 10:11:11.691271,3,8.866666666666667,0.44945562845180925,0.42596502017091253,0.1842241403463432,0.1282182802551976,26,0.880198674365654,-0.006032123861176686,0.0020135508497541865,-0.18096371583530058,0.060406525492625596,0.19077949253263737,7.045287523579535,-1.6514900200174376
267,2026-05-12 10:11:11.724778,3,8.9,0.43332478404311936,0.4289225364191885,0.1842241403463432,0.1282182802551976,26,0.8984066630942943,-0.016130844408689893,0.0029575162482759487,-0.4839253322606968,0.08872548744827846,0.4919918081905027,-9.088848492761887,0.849568858669586
268,2026-05-12 10:11:11.758300,3,8.933333333333334,0.41954956848469865,0.4307145561335236,0.1842241403463432,0.1282182802551976,26,0.859167634750631,-0.013775215558420706,0.0017920197143351246,-0.4132564667526212,0.05376059143005374,0.41673865731867193,2.120065965242268,-1.0489468805467417
269,2026-05-12 10:11:11.791801,3,8.966666666666667,0.4067827071550786,0.43254347877439087,0.1842241403463432,0.1282182802551976,26,0.8927074130866062,-0.012766861329620072,0.0018289226408672588,-0.38300583988860215,0.05486767922601776,0.3869159283519131,0.9075188059205708,0.033212633878920705
270,2026-05-12 10:11:11.825299,3,9.0,0.3952115027476812,0.43231878753521996,0.1842241403463432,0.1282182802551976,26,0.8841550789145103,-0.011571204407397395,-0.0002246912391709044,-0.34713613222192186,-0.006740737175127132,0.3472015723346594,1.0760912300004088,-1.8482524920343468
271,2026-05-12 10:11:11.858835,3,9.033333333333333,0.38332889095970685,0.43589249783991096,0.1842241403463432,0.1282182802551976,26,0.8922518864662577,-0.01188261178797434,0.0035737103046910024,-0.3564783536392302,0.10721130914073007,0.3722513685952078,-0.28026664251925015,3.418561389475716
272,2026-05-12 10:11:11.892353,3,9.066666666666666,0.3680784201794027,0.4353041988635437,0.1842241403463432,0.1282182802551976,26,0.8988333060638858,-0.01525047078030417,-0.0005882989763672519,-0.4575141234091251,-0.017648969291017558,0.45785440833943647,-3.0310730930968477,-3.745808352952429
273,2026-05-12 10:11:11.926291,3,9.1,0.3570708720466212,0.4379808110554562,0.1842241403463432,0.1282182802551976,26,0.9473752853386501,-0.011007548132781486,0.0026766121919125085,-0.3302264439834446,0.08029836575737526,0.3398489838873382,3.818630382770416,2.9384200514517844
274,2026-05-12 10:11:11.959968,3,9.133333333333333,0.3398866021662913,0.4454321568551584,0.1842241403463432,0.1282182802551976,26,0.9562545409518612,-0.017184269880329894,0.0074513457997021915,-0.5155280964098968,0.22354037399106574,0.561907035898357,-5.559049572793567,4.297260247010715
275,2026-05-12 10:11:11.993896,3,9.166666666666666,0.32992061732403066,0.4466665070634368,0.1842241403463432,0.1282182802551976,26,0.9521861104295862,-0.009965984842260633,0.0012343502082783897,-0.298979545267819,0.03703050624835169,0.30126404843851023,6.496456534262335,-5.595296032281421
276,2026-05-12 10:11:12.027433,3,9.2,0.31522083564701353,0.4504759243652424,0.1842241403463432,0.1282182802551976,26,0.7017552973979433,-0.014699781677017132,0.0038094173018056177,-0.44099345031051396,0.11428251905416853,0.4555608821860566,-4.260417151280849,2.3175603841745054
277,2026-05-12 10:11:12.061060,3,9.233333333333333,0.30435928614870683,0.45383286485898666,0.1842241403463432,0.1282182802551976,26,0.8575393976569546,-0.0108615494983067,0.0033569404937442426,-0.325846484949201,0.10070821481232728,0.3410543597206107,3.4544089608393893,-0.4072291272552375
278,2026-05-12 10:11:12.094594,3,9.266666666666666,0.2889638934133224,0.45841489213721864,0.1842241403463432,0.1282182802551976,26,0.911920919143083,-0.015395392735384428,0.0045820272782319815,-0.46186178206153283,0.13746081834695945,0.48188357754718164,-4.080458913369956,1.102578106038965
279,2026-05-12 10:11:12.132571,3,9.3,0.27481561138268157,0.46266586249343994,0.1842241403463432,0.1282182802551976,26,0.9335207335413409,-0.014148282030640835,0.004250970356221295,-0.42444846091922506,0.12752911068663886,0.44319315207844073,1.1223996342692333,-0.29795122980961763
280,2026-05-12 10:11:12.166929,3,9.333333333333334,0.2591587440562404,0.4650541446264348,0.1842241403463432,0.1282182802551976,26,0.9666921968905904,-0.01565686732644117,0.0023882821329948567,-0.4697060197932351,0.0716484639898457,0.4751391874199677,-1.3577267662203019,-1.6764194009037947
281,2026-05-12 10:11:12.201368,3,9.366666666666667,0.24785997147261293,0.4682581526300232,0.1842241403463432,0.1282182802551976,26,0.9188006749042594,-0.011298772583627464,0.0032040080035883878,-0.33896317750882393,0.09612024010765163,0.35232816558605,3.9222852685323355,0.734153283534178
282,2026-05-12 10:11:12.235074,3,9.4,0.2294762293024034,0.4735692323655379,0.1842241403463432,0.1282182802551976,26,0.7800000933243334,-0.01838374217020952,0.005311079735514701,-0.5515122651062857,0.15933239206544103,0.5740667119106989,-6.376472627923853,1.896364558733682
283,2026-05-12 10:11:12.268777,3,9.433333333333334,0.21601938690129557,0.47584048469804285,0.1842241403463432,0.1282182802551976,26,0.7315334678366845,-0.013456842401107838,0.0022712523325049694,-0.40370527203323514,0.06813756997514908,0.4094150401604058,4.434209792191517,-2.7358446627087587
284,2026-05-12 10:11:12.302481,3,9.466666666666667,0.20254912401614691,0.4799953637272856,0.1842241403463432,0.1282182802551976,26,0.9398461960987197,-0.01347026288514866,0.00415487902924272,-0.4041078865544598,0.12464637087728159,0.42289466980371004,-0.012078435636739271,1.6952640270639752
285,2026-05-12 10:11:12.336164,3,9.5,0.19320871532254055,0.48099548799498604,0.1842241403463432,0.1282182802551976,26,0.9079396100954332,-0.009340408693606361,0.001000124267700464,-0.28021226080819084,0.03000372803101392,0.28181400746413693,3.7168687723880685,-2.83927928538803
286,2026-05-12 10:11:12.369833,3,9.533333333333333,0.17465622061491476,0.48568019327088924,0.1842241403463432,0.1282182802551976,26,0.896715615302735,-0.018552494707625794,0.0046847052759032,-0.5565748412287739,0.140541158277096,0.5740447465648497,-8.29087741261749,3.316122907382463
287,2026-05-12 10:11:12.403504,3,9.566666666666666,0.15732969677123737,0.48584792214073025,0.1842241403463432,0.1282182802551976,26,0.8793253486011996,-0.01732652384367739,0.00016772886984101065,-0.5197957153103216,0.00503186609523032,0.5198200701505948,1.1033737775535668,-4.065278765455971
288,2026-05-12 10:11:12.437246,3,9.6,0.1490189917616508,0.49407392812512874,0.1842241403463432,0.1282182802551976,26,0.7769134621246083,-0.008310705009586583,0.008226005984398488,-0.2493211502875975,0.24678017953195464,0.3508012157769048,8.114236950681725,7.252449403101729
289,2026-05-12 10:11:12.470932,3,9.633333333333333,0.13130908679756478,0.4918794894603135,0.1842241403463432,0.1282182802551976,26,0.9897278461803931,-0.017709904964086004,-0.0021944386648152236,-0.5312971489225802,-0.06583315994445671,0.5353603136220827,-8.45927995904948,-9.37840018429234
290,2026-05-12 10:11:12.504731,3,9.666666666666666,0.11368227010598696,0.5019399646917649,0.1842241403463432,0.1282182802551976,26,0.7975556144356112,-0.017626816691577826,0.010060475231451427,-0.5288045007473348,0.3018142569435428,0.6088727664340234,0.07477944525736246,11.029422506639985
291,2026-05-12 10:11:12.538405,3,9.7,0.10200382592955981,0.5014182151160903,0.1842241403463432,0.1282182802551976,26,0.8374063334882995,-0.011678444176427147,-0.0005217495756746349,-0.35035332529281443,-0.015652487270239046,0.35070279853670633,5.35353526363561,-9.524002326413456
292,2026-05-12 10:11:12.572292,3,9.733333333333333,0.09065486605969186,0.5032087207582969,0.1842241403463432,0.1282182802551976,26,0.7628669830177909,-0.011348959869867947,0.001790505642206619,-0.3404687960960384,0.05371516926619857,0.34468002629160593,0.29653587590328045,2.0810296960931285
293,2026-05-12 10:11:12.606091,3,9.766666666666666,0.07270586588002796,0.5065269909383663,0.1842241403463432,0.1282182802551976,26,0.9479684357950201,-0.0179490001796639,0.0033182701800693604,-0.5384700053899171,0.09954810540208081,0.5475945324724866,-5.940036278816359,1.3749880840764672
294,2026-05-12 10:11:12.640689,3,9.8,0.062495269932772136,0.5116839578973144,0.1842241403463432,0.1282182802551976,26,0.8051998628657506,-0.010210595947255825,0.005156966958948073,-0.30631787841767477,0.15470900876844218,0.34316981223939164,6.964563809167269,1.654827100990841
295,2026-05-12 10:11:12.674584,3,9.833333333333334,0.04791615785828976,0.511946260235724,0.1842241403463432,0.1282182802551976,26,0.8982984660578675,-0.014579112074482377,0.0002623023384096257,-0.4373733622344713,0.00786907015228877,0.4374441453001145,-3.9316645145038964,-4.405198158484603
296,2026-05-12 10:11:12.708193,3,9.866666666666667,0.0633581540090341,0.5220643491612175,0.1842241403463432,0.1282182802551976,26,0.9770719840265787,0.015441996150744347,0.010118088925493485,0.4632598845223304,0.30354266776480454,0.5538482389259872,27.018997402704052,8.870207928375473
297,2026-05-12 10:11:12.742052,3,9.9,0.07579806439171335,0.5240202373239893,0.1842241403463432,0.1282182802551976,26,0.7249607781537023,0.012439910382679248,0.0019558881627718128,0.37319731148037744,0.05867664488315438,0.37778192380118675,-2.7018771912585895,-7.345980686449505
298,2026-05-12 10:11:12.775992,3,9.933333333333334,0.09195400147000948,0.5212922430355613,0.1842241403463432,0.1282182802551976,26,0.7217739180128262,0.01615593707829613,-0.0027279942884279595,0.48467811234888386,-0.08183982865283879,0.49153904233947004,3.3444240260551927,-4.2154942060797955
299,2026-05-12 10:11:12.809668,3,9.966666666666667,0.10142673383597606,0.5339784095744916,0.1842241403463432,0.1282182802551976,26,0.8178847357916269,0.009472732365966574,0.012686166538930288,0.2841819709789972,0.38058499616790864,0.4749782436466271,-6.014884241096599,13.872744744622423
300,2026-05-12 10:11:12.843190,3,10.0,0.11607023148710274,0.5315718153716333,0.1842241403463432,0.1282182802551976,26,0.8779336452316295,0.014643497651126686,-0.00240659420285827,0.43930492953380057,-0.0721978260857481,0.4451980988326494,4.6536887566441,-13.583484667609703
301,2026-05-12 10:11:12.876692,3,10.033333333333333,0.13219549049003312,0.5389087740673861,0.1842241403463432,0.1282182802551976,26,0.9748276716005531,0.01612525900293038,0.007336958695752793,0.48375777008791143,0.2201087608725838,0.5314785477639646,1.333585216623326,8.769197608749957
302,2026-05-12 10:11:12.910375,3,10.066666666666666,0.13762099215784224,0.5394234599347876,0.1842241403463432,0.1282182802551976,26,0.815064650040666,0.005425501667809113,0.0005146858674014432,0.16276505003427338,0.015440576022043295,0.16349578863246605,-9.629781601609142,-6.140045545516215
303,2026-05-12 10:11:12.944075,3,10.1,0.15375872782595892,0.5423086006490556,0.1842241403463432,0.1282182802551976,26,0.8921509691182707,0.016137735668116687,0.002885140714268042,0.4841320700435006,0.08655422142804126,0.49180839205082644,9.641010600276816,2.133409362179939
304,2026-05-12 10:11:12.977754,3,10.133333333333333,0.16611748261797496,0.542190078380425,0.1842241403463432,0.1282182802551976,26,0.709822470565618,0.012358754792016036,-0.00011852226863062754,0.37076264376048107,-0.003555668058918826,0.37077969305722047,-3.4010827884905863,-2.7032966846088025
305,2026-05-12 10:11:13.011436,3,10.166666666666666,0.18029033185818155,0.5422519628313553,0.1842241403463432,0.1282182802551976,26,0.9604402452826113,0.014172849240206592,6.188445093036066e-05,0.42518547720619776,0.0018565335279108197,0.4251895303788681,1.6326850033715008,0.16236604760488937
306,2026-05-12 10:11:13.045105,3,10.2,0.18916208285310795,0.5493161270982599,0.1842241403463432,0.1282182802551976,26,0.7749199799609541,0.008871750994926403,0.007064164266904593,0.2661525298477921,0.2119249280071378,0.34021955301718093,-4.77098842075217,6.30205183437681
307,2026-05-12 10:11:13.078798,3,10.233333333333333,0.20498409153750408,0.5544184870473746,0.1842241403463432,0.1282182802551976,26,0.8282506134408426,0.01582200868439612,0.0051023599491146765,0.47466026053188365,0.1530707984734403,0.49873142298585144,6.255231920522747,-1.7656238860109252
308,2026-05-12 10:11:13.112479,3,10.266666666666666,0.2150073553102595,0.5534065459062544,0.1842241403463432,0.1282182802551976,26,0.9763000497882464,0.01002326377275542,-0.0010119411411202428,0.3006979131826626,-0.030358234233607284,0.30222650012563534,-5.218870420476632,-5.502870981211427
309,2026-05-12 10:11:13.146164,3,10.3,0.22896082337354592,0.5559922933367668,0.1842241403463432,0.1282182802551976,26,0.8154033751330948,0.013953468063286428,0.0025857474305124306,0.41860404189859285,0.07757242291537292,0.42573092992029643,3.537183861477908,3.237919714469406
310,2026-05-12 10:11:13.179845,3,10.333333333333334,0.24332819572560196,0.5641636170970658,0.1842241403463432,0.1282182802551976,26,0.9661585421646399,0.01436737235205604,0.008171323760298943,0.4310211705616812,0.2451397128089683,0.4958555518176895,0.37251385989265084,5.027018696807861
311,2026-05-12 10:11:13.213422,3,10.366666666666667,0.2575357125155824,0.5652761503058188,0.1842241403463432,0.1282182802551976,26,0.9891566348409588,0.014207516789980418,0.0011125332087530415,0.42622550369941253,0.033375996262591245,0.42753027627331663,-0.1438700058680603,-6.352911496391312
312,2026-05-12 10:11:13.246921,3,10.4,0.2709568639891526,0.5674690613896433,0.1842241403463432,0.1282182802551976,26,0.7344557030367631,0.013421151473570203,0.002192911083824467,0.4026345442071061,0.06578733251473401,0.4079737115406681,-0.7077287847691932,0.9723400875642829
313,2026-05-12 10:11:13.281669,3,10.433333333333334,0.28365017005988813,0.5710868164055058,0.1842241403463432,0.1282182802551976,26,0.8525058752451998,0.012693306070735544,0.0036177550158625893,0.3807991821220663,0.10853265047587768,0.3959638283027298,-0.6550608625511933,1.28235953883431
314,2026-05-12 10:11:13.316183,3,10.466666666666667,0.2966019455533576,0.5743985396424809,0.1842241403463432,0.1282182802551976,26,0.7122892198824672,0.012951775493469486,0.0033117232369750393,0.3885532648040846,0.09935169710925118,0.4010541102001094,0.23262248046054812,-0.27542860099879496
315,2026-05-12 10:11:13.350036,3,10.5,0.3144624274330978,0.5768977824325803,0.1842241403463432,0.1282182802551976,26,0.7280098769222535,0.01786048187974021,0.0024992427900993874,0.5358144563922063,0.07497728370298162,0.5410348646347599,4.41783574764365,-0.7312324021880867
316,2026-05-12 10:11:13.383717,3,10.533333333333333,0.3250331193904015,0.5794118081853166,0.1842241403463432,0.1282182802551976,26,0.7379676952642404,0.010570691957303702,0.002514025752736293,0.31712075871911105,0.07542077258208879,0.3259660542870435,-6.560810930192856,0.013304666373215035
317,2026-05-12 10:11:13.417411,3,10.566666666666666,0.33999910838930686,0.5847187033971081,0.1842241403463432,0.1282182802551976,26,0.7816488389669826,0.014965988998905333,0.005306895211791507,0.44897966996716,0.1592068563537452,0.4763712492939325,3.9557673374414684,2.5135825131496925
318,2026-05-12 10:11:13.451086,3,10.6,0.35238556797207765,0.5858261310118167,0.1842241403463432,0.1282182802551976,26,0.7193931931797866,0.012386459582770792,0.0011074276147086115,0.37159378748312377,0.033222828441258345,0.3730759965820506,-2.3215764745210867,-3.779520837374606
319,2026-05-12 10:11:13.484787,3,10.633333333333333,0.3687776605122987,0.5902640152828281,0.1842241403463432,0.1282182802551976,26,0.7447772300221309,0.01639209254022106,0.0044378842710114386,0.4917627762066318,0.13313652813034316,0.509466351376669,3.6050696617052402,2.9974109906725444
320,2026-05-12 10:11:13.518488,3,10.666666666666666,0.3836306330586568,0.5935944032459828,0.1842241403463432,0.1282182802551976,26,0.775521076845418,0.01485297254635809,0.0033303879631546573,0.4455891763907427,0.09991163889463972,0.4566530955804343,-1.3852079944766726,-0.9967466770711031
321,2026-05-12 10:11:13.552180,3,10.7,0.3930824019814467,0.5964599557422764,0.1842241403463432,0.1282182802551976,26,0.9663145406906517,0.009451768922789927,0.0028655524962936108,0.2835530676836978,0.08596657488880832,0.2962981508395704,-4.861083261211347,-0.41835192017494194
322,2026-05-12 10:11:13.585868,3,10.733333333333333,0.4061609949534043,0.6011550208507659,0.1842241403463432,0.1282182802551976,26,0.837707687161149,0.01307859297195757,0.004695065108489493,0.3923577891587271,0.1408519532546848,0.41687397070239834,3.264141644250879,1.6465613509762944
323,2026-05-12 10:11:13.619574,3,10.766666666666666,0.4223311934080097,0.6044905358732798,0.1842241403463432,0.1282182802551976,26,0.9477296169774179,0.016170198454605378,0.0033355150225139463,0.48510595363816134,0.10006545067541839,0.4953189686192772,2.7824449343830273,-1.2235950773779924
324,2026-05-12 10:11:13.653434,3,10.8,0.4364401020583033,0.606907159885132,0.1842241403463432,0.1282182802551976,26,0.8304274009391911,0.014108908650293628,0.0024166240118521642,0.42326725950880884,0.07249872035556493,0.4294312953491999,-1.855160823880575,-0.8270019095956038
325,2026-05-12 10:11:13.687289,3,10.833333333333334,0.44710013311605123,0.6140325208937876,0.1842241403463432,0.1282182802551976,26,0.8004352552231042,0.010660031057747932,0.007125361008655573,0.31980093173243795,0.2137608302596672,0.3846639162830817,-3.1039898332911267,4.237863297123068
326,2026-05-12 10:11:13.721016,3,10.866666666666667,0.45677368168244126,0.6199466034635536,0.1842241403463432,0.1282182802551976,26,0.9619720261136089,0.009673548566390022,0.005914082569765999,0.29020645699170067,0.17742247709297998,0.3401448559915096,-0.8878342422221186,-1.0901505950006163
327,2026-05-12 10:11:13.756708,3,10.9,0.4751825331461411,0.6225771934324414,0.1842241403463432,0.1282182802551976,26,0.9188112112953352,0.01840885146369986,0.0026305899688878753,0.5522655439109958,0.07891769906663626,0.5578756440437961,7.861772607578854,-2.9551433407903116
328,2026-05-12 10:11:13.790462,3,10.933333333333334,0.4853489750881045,0.6259824022198579,0.1842241403463432,0.1282182802551976,26,0.8024980904553565,0.010166441941963367,0.0034052087874164583,0.304993258258901,0.10215626362249375,0.32164699560339305,-7.4181685695628445,0.6971569366757246
329,2026-05-12 10:11:13.824133,3,10.966666666666667,0.49752578191758734,0.6327862838657167,0.1842241403463432,0.1282182802551976,26,0.7512637916275108,0.012176806829482856,0.006803881645858767,0.3653042048844857,0.204116449375763,0.4184622886378828,1.8093283987675401,3.058805572598078
330,2026-05-12 10:11:13.857795,3,11.0,0.5144681040605892,0.6353550064013226,0.1842241403463432,0.1282182802551976,26,0.9039556627527707,0.016942322143001842,0.0025687225356059162,0.5082696642900553,0.07706167606817749,0.5140783535181793,4.288963782167088,-3.8116431992275657
331,2026-05-12 10:11:13.891481,3,11.033333333333333,0.5293136018263702,0.6408405939999113,0.1842241403463432,0.1282182802551976,26,0.8853820947098374,0.014845497765781035,0.005485587598588748,0.44536493297343105,0.16456762795766244,0.4747972490379871,-1.8871419394987266,2.6251785566845487
332,2026-05-12 10:11:13.929552,3,11.066666666666666,0.5439987876365869,0.6472324133966542,0.1842241403463432,0.1282182802551976,26,0.7199809682335916,0.014685185810216717,0.006391819396742826,0.4405555743065015,0.19175458190228478,0.48047792221188623,-0.1442807600078866,0.8156086183386702
333,2026-05-12 10:11:13.975965,3,11.1,0.5539072332813794,0.6500878164040855,0.1842241403463432,0.1282182802551976,26,0.94448681247061,0.00990844564479243,0.0028554030074313674,0.2972533693437729,0.08566209022294102,0.30935022108863724,-4.299066148881859,-3.1827747503803128
334,2026-05-12 10:11:14.009712,3,11.133333333333333,0.5711856963634865,0.6513799730073448,0.1842241403463432,0.1282182802551976,26,0.7402371444158538,0.01727846308210712,0.0012921566032593201,0.5183538924632136,0.038764698097779604,0.5198013655718662,6.633015693583222,-1.4069217637548426
335,2026-05-12 10:11:14.043401,3,11.166666666666666,0.5899655148819678,0.6543803424439048,0.1842241403463432,0.1282182802551976,26,0.7930583479796979,0.018779818518481317,0.003000369436559902,0.5633945555544395,0.09001108309679706,0.5705395869776636,1.351219892736777,1.5373915499705237
336,2026-05-12 10:11:14.077164,3,11.2,0.5996254307219077,0.657740864740261,0.1842241403463432,0.1282182802551976,26,0.9135416068173301,0.009659915839939859,0.0033605222963563053,0.28979747519819576,0.10081566889068916,0.3068328139640967,-8.207912410687312,0.3241375738167629
337,2026-05-12 10:11:14.110847,3,11.233333333333333,0.6157893394751823,0.659234325391558,0.1842241403463432,0.1282182802551976,26,0.8265645131759717,0.01616390875327467,0.0014934606512969628,0.4849172625982401,0.044803819538908884,0.4869826832763621,5.85359362200133,-1.6803554805534082
338,2026-05-12 10:11:14.144581,3,11.266666666666666,0.6276463649997647,0.6643356412845661,0.1842241403463432,0.1282182802551976,26,0.7650355109947082,0.011857025524582343,0.005101315893008107,0.3557107657374703,0.1530394767902432,0.3872353681132043,-3.876194905823094,3.24706971754003
339,2026-05-12 10:11:14.178268,3,11.3,0.6458913096250888,0.6713278762427256,0.1842241403463432,0.1282182802551976,26,0.8561411874501099,0.01824494462532411,0.006992234958159482,0.5473483387597233,0.20976704874478447,0.5861675687737471,5.749127190667592,1.7018271586362377
340,2026-05-12 10:11:14.211955,3,11.333333333333334,0.6587391759684471,0.670885775362487,0.1842241403463432,0.1282182802551976,26,0.9845059706548134,0.012847866343358327,-0.00044210088023866057,0.3854359903007498,-0.013263026407159817,0.38566411615367685,-4.857370453769206,-6.6909022545583285
341,2026-05-12 10:11:14.246028,3,11.366666666666667,0.6776414511620654,0.6729643729607089,0.1842241403463432,0.1282182802551976,26,0.9238366078477568,0.018902275193618312,0.002078597598221932,0.5670682558085494,0.062357927946657954,0.5704865624390736,5.448967965233987,2.268628630614533
342,2026-05-12 10:11:14.279876,3,11.4,0.6887658752009932,0.6781586492287011,0.1842241403463432,0.1282182802551976,26,0.9708896760625269,0.011124424038927772,0.005194276267992182,0.33373272116783315,0.15582828803976545,0.3683204915986766,-7.000066039221487,2.804110802793225
343,2026-05-12 10:11:14.313647,3,11.433333333333334,0.7049450393281792,0.6818718483943205,0.1842241403463432,0.1282182802551976,26,0.7475935530706793,0.016179164127186008,0.0037131991656194074,0.48537492381558023,0.11139597496858222,0.49799385529159024,4.549266079432413,-1.3329693921354968
344,2026-05-12 10:11:14.347354,3,11.466666666666667,0.7193876959138841,0.681596090610854,0.1842241403463432,0.1282182802551976,26,0.8868227151515156,0.014442656585704872,-0.00027575778346644597,0.43327969757114615,-0.00827273350399338,0.4333586672110897,-1.5628567873330224,-3.590061254177268
345,2026-05-12 10:11:14.388206,3,11.5,0.7327031286649675,0.6859872809756158,0.1842241403463432,0.1282182802551976,26,0.989243732862175,0.013315432751083378,0.004391190364761766,0.39946298253250134,0.13173571094285297,0.42062450231932563,-1.0145014511593442,4.20025333340539
346,2026-05-12 10:11:14.428129,3,11.533333333333333,0.7480718525196046,0.6860990744175687,0.1842241403463432,0.1282182802551976,26,0.8195161170299088,0.015368723854637167,0.00011179344195288987,0.461061715639115,0.003353803258586696,0.4610739134069303,1.8479619931984104,-3.851457230527988
347,2026-05-12 10:11:14.461841,3,11.566666666666666,0.7610437456129804,0.6864462584271733,0.1842241403463432,0.1282182802551976,26,0.8186673988979973,0.012971893093375764,0.0003471840096046508,0.3891567928012729,0.010415520288139524,0.3892961500532024,-2.1571476851352633,0.21185151088658483
348,2026-05-12 10:11:14.495528,3,11.6,0.7755494126293973,0.6906202981133588,0.1842241403463432,0.1282182802551976,26,0.801202825749344,0.014505667016416868,0.00417403968618546,0.43517001049250603,0.1252211905855638,0.45282809608472163,1.3803965307369936,3.4441701089227283
349,2026-05-12 10:11:14.529057,3,11.633333333333333,0.793883880939274,0.6961846849608629,0.1842241403463432,0.1282182802551976,26,0.7153841952817065,0.018334468309876728,0.005564386847504155,0.5500340492963018,0.16693160542512464,0.5748074601769675,3.4459211641138743,1.2513124451868252
350,2026-05-12 10:11:14.562602,3,11.666666666666666,0.8084584939854021,0.6954574237170248,0.1842241403463432,0.1282182802551976,26,0.9213249979824298,0.014574613046128171,-0.0007272612438381509,0.4372383913838451,-0.021817837315144528,0.43778239905807387,-3.3838697373737014,-5.6624832822080755
351,2026-05-12 10:11:14.596104,3,11.7,0.8284710002036942,0.7017960484011709,0.1842241403463432,0.1282182802551976,26,0.9084903316105898,0.020012506218292092,0.0063386246841461436,0.6003751865487628,0.1901587405243843,0.629770363879789,4.894103854947529,6.3592973351858655
352,2026-05-12 10:11:14.629599,3,11.733333333333333,0.8418238024668256,0.7052335147059926,0.1842241403463432,0.1282182802551976,26,0.7849661775529679,0.013352802263131403,0.003437466304821668,0.4005840678939421,0.10312398914465004,0.41364495958196357,-5.993733559644621,-2.611042541392028
353,2026-05-12 10:11:14.663094,3,11.766666666666666,0.857178019973044,0.7062800736889772,0.1842241403463432,0.1282182802551976,26,0.7074931321292517,0.015354217506218348,0.0010465589829845579,0.46062652518655045,0.031396769489536736,0.461695303029839,1.8012737187782513,-2.151816589653399
354,2026-05-12 10:11:14.702688,3,11.8,0.8724750256495678,0.7073534866398783,0.1842241403463432,0.1282182802551976,26,0.7460552664671817,0.015297005676523812,0.0010734129509011314,0.45891017029571435,0.03220238852703394,0.46003862688657743,-0.05149064672508308,0.024168571124916216
355,2026-05-12 10:11:14.736522,3,11.833333333333334,0.8894893647333705,0.715094142707189,0.1842241403463432,0.1282182802551976,26,0.9318206356683878,0.017014339083802676,0.0077406560673106695,0.5104301725140803,0.23221968201932008,0.5607717376347598,1.5456000665509784,6.000518804768585
356,2026-05-12 10:11:14.770247,3,11.866666666666667,0.9082297310655413,0.7148560674612415,0.1842241403463432,0.1282182802551976,26,0.9468758547513572,0.0187403663321708,-0.00023807524594743334,0.562210989965124,-0.007142257378423,0.5622563553024762,1.5534245235313104,-7.180858181932293
357,2026-05-12 10:11:14.803934,3,11.9,0.9224324891817418,0.7158746078058505,0.1842241403463432,0.1282182802551976,26,0.8814084988901854,0.014202758116200531,0.0010185403446090202,0.42608274348601594,0.030556210338270606,0.42717699643918877,-4.083847394373241,1.1309540315008082
358,2026-05-12 10:11:14.839572,3,11.933333333333334,0.9331133529761144,0.7199151588742783,0.1842241403463432,0.1282182802551976,26,0.7951361217457278,0.010680863794372608,0.004040551068427711,0.32042591383117824,0.12121653205283134,0.3425875273524428,-3.1697048896451308,2.719809651436822
359,2026-05-12 10:11:14.873296,3,11.966666666666667,0.9469056610542869,0.723296930534781,0.1842241403463432,0.1282182802551976,26,0.8434274392258765,0.013792308078172444,0.003381771660502686,0.4137692423451733,0.10145314981508058,0.426025501018777,2.800299855419852,-0.5929014671325228
360,2026-05-12 10:11:14.907080,3,12.0,0.9364766356107878,0.7241275469024645,0.1842241403463432,0.1282182802551976,26,0.8951488261565459,-0.010429025443499107,0.0008306163676835565,-0.3128707633049732,0.024918491030506695,0.3138615072388999,-21.799200169504395,-2.2960397635372165
361,2026-05-12 10:11:14.940815,3,12.033333333333333,0.9184309275486556,0.7275831876825466,0.1842241403463432,0.1282182802551976,26,0.9779705267982519,-0.018045708062132126,0.003455640780082092,-0.5413712418639638,0.10366922340246276,0.5512078821989034,-6.8550143567697175,2.362521971158682
362,2026-05-12 10:11:14.974540,3,12.066666666666666,0.8997803184700169,0.7305145363598627,0.1842241403463432,0.1282182802551976,26,0.9799503025989386,-0.01865060907863869,0.002931348677316148,-0.5595182723591607,0.08794046031948444,0.5663869893147112,-0.5444109148559084,-0.47186289248934976
363,2026-05-12 10:11:15.008281,3,12.1,0.8853976859041774,0.7310615524207561,0.1842241403463432,0.1282182802551976,26,0.9442507602880346,-0.014382632565839493,0.0005470160608933572,-0.4314789769751848,0.016410481826800716,0.43179093492723974,3.841178861519279,-2.1458993547805116
364,2026-05-12 10:11:15.041985,3,12.133333333333333,0.8679397522198028,0.7336618744909402,0.1842241403463432,0.1282182802551976,26,0.9213377298708708,-0.01745793368437465,0.0026003220701841245,-0.5237380105312395,0.07800966210552374,0.5295158270127898,-2.7677710066816408,1.8479754083616906
365,2026-05-12 10:11:15.075645,3,12.166666666666666,0.8493001589498387,0.7382829436839023,0.1842241403463432,0.1282182802551976,26,0.7810675468490085,-0.018639593269964116,0.004621069192962124,-0.5591877980989235,0.13863207578886372,0.5761161740311165,-1.0634936270305206,1.8186724105001995
366,2026-05-12 10:11:15.109328,3,12.2,0.836351537669001,0.7382605031985685,0.1842241403463432,0.1282182802551976,26,0.9595013306752027,-0.012948621280837624,-2.244048533384113e-05,-0.38845863842512873,-0.0006732145600152339,0.3884592217787457,5.121874790213843,-4.1791587104663686
367,2026-05-12 10:11:15.142982,3,12.233333333333333,0.8180527518684221,0.741376238690093,0.1842241403463432,0.1282182802551976,26,0.9171086904627352,-0.018298785800578976,0.0031157354915244406,-0.5489635740173693,0.09347206474573322,0.5568644650951919,-4.8151480677672165,2.8243583791724536
368,2026-05-12 10:11:15.176678,3,12.266666666666666,0.8031093219833306,0.7430945124342356,0.1842241403463432,0.1282182802551976,26,0.7882365330294808,-0.014943429885091453,0.0017182737441426843,-0.4483028965527436,0.05154821232428053,0.4512568063214216,3.019820323938771,-1.2577155726435807
369,2026-05-12 10:11:15.210902,3,12.3,0.7874099697649435,0.74481626446934,0.1842241403463432,0.1282182802551976,26,0.8092091359093824,-0.01569935221838714,0.0017217520351043847,-0.47098056655161424,0.05165256105313154,0.4738044756359178,-0.6803300999661199,0.003130461865530343
370,2026-05-12 10:11:15.244670,3,12.333333333333334,0.7708316724787021,0.7436378780325895,0.1842241403463432,0.1282182802551976,26,0.8460278585025695,-0.016578297286241384,-0.0011783864367505004,-0.4973489185872415,-0.03535159310251501,0.49860373239155,-0.7910505610688179,-2.6101246246693965
371,2026-05-12 10:11:15.278365,3,12.366666666666667,0.7526033965606713,0.7505324835417295,0.1842241403463432,0.1282182802551976,26,0.9373912333718968,-0.01822827591803078,0.006894605509140006,-0.5468482775409234,0.20683816527420018,0.5846580755137759,-1.4849807686104555,7.265692751301456
372,2026-05-12 10:11:15.312243,3,12.4,0.7361852892415801,0.7528429008100305,0.1842241403463432,0.1282182802551976,26,0.9537546071072467,-0.016418107319091213,0.002310417268300946,-0.4925432195727364,0.06931251804902838,0.49739626888967886,1.629151739045609,-4.125769416755154
373,2026-05-12 10:11:15.345939,3,12.433333333333334,0.7199075063832587,0.7573938397307357,0.1842241403463432,0.1282182802551976,26,0.9092083834881101,-0.016277782858321377,0.004550938920705239,-0.4883334857496413,0.13652816762115716,0.5070596945709508,0.12629201469285256,2.0164694871638633
374,2026-05-12 10:11:15.379621,3,12.466666666666667,0.7039988383792849,0.7578190443412034,0.1842241403463432,0.1282182802551976,26,0.7069127665756403,-0.015908668003973836,0.00042520461046768876,-0.4772600401192151,0.012756138314030663,0.4774304818078559,0.3322033689127868,-3.713160879213795
375,2026-05-12 10:11:15.413324,3,12.5,0.6831771764028154,0.7599276553492943,0.1842241403463432,0.1282182802551976,26,0.9693991457208206,-0.020821661976469508,0.0021086110080908993,-0.6246498592940852,0.06325833024272698,0.6278447762474563,-4.4216945752461045,1.5150657578608895
376,2026-05-12 10:11:15.447014,3,12.533333333333333,0.6698050062391061,0.7605835800844808,0.1842241403463432,0.1282182802551976,26,0.7994683320993246,-0.013372170163709285,0.0006559247351864972,-0.40116510491127855,0.019677742055594916,0.4016474261474654,6.704542631484201,-1.307417645613962
377,2026-05-12 10:11:15.480698,3,12.566666666666666,0.6540020133935653,0.7616981273956821,0.1842241403463432,0.1282182802551976,26,0.9727992912329542,-0.015802992845540764,0.0011145473112013082,-0.4740897853662229,0.03343641933603925,0.475267418120164,-2.1877404136483314,0.41276031841332994
378,2026-05-12 10:11:15.514321,3,12.6,0.6397696226480817,0.7614523787274233,0.1842241403463432,0.1282182802551976,26,0.9639964858267713,-0.014232390745483658,-0.00024574866825877173,-0.42697172236450975,-0.007372460047763152,0.4270353672309494,1.4135418900513952,-1.224266381514072
379,2026-05-12 10:11:15.548232,3,12.633333333333333,0.6174733059937382,0.7643166165982974,0.1842241403463432,0.1282182802551976,26,0.9467441213631599,-0.022296316654343507,0.0028642378708740868,-0.6688894996303052,0.0859271361262226,0.6743861174716859,-7.257533317973864,2.7989878852195726
380,2026-05-12 10:11:15.594175,3,12.666666666666666,0.60571412765676,0.7701338562460255,0.1842241403463432,0.1282182802551976,26,0.9229710999487291,-0.011759178336978149,0.0058172396477280675,-0.35277535010934447,0.17451718943184202,0.3935818810005867,9.483424485628822,2.6577015991685826
381,2026-05-12 10:11:15.628001,3,12.7,0.5872554051885572,0.771663720441442,0.1842241403463432,0.1282182802551976,26,0.7610284557864242,-0.018458722468202793,0.0015298641954165637,-0.5537616740460838,0.04589592586249691,0.5556603527813524,-6.02958971810218,-3.8586379070803534
382,2026-05-12 10:11:15.661523,3,12.733333333333333,0.5692089807538864,0.7705660952919652,0.1842241403463432,0.1282182802551976,26,0.7736075377275484,-0.01804642443467086,-0.0010976251494768663,-0.5413927330401258,-0.03292875448430599,0.5423932100059372,0.37106823017873936,-2.364740410404087
383,2026-05-12 10:11:15.695022,3,12.766666666666666,0.5568028026576541,0.774689847675006,0.1842241403463432,0.1282182802551976,26,0.7230057503133527,-0.012406178096232234,0.004123752383040857,-0.37218534288696703,0.12371257149122572,0.39220750860336784,5.076221704594763,4.699239779265952
384,2026-05-12 10:11:15.728515,3,12.8,0.5425875930039603,0.7783187516407176,0.1842241403463432,0.1282182802551976,26,0.9280739425259178,-0.014215209653693828,0.003628903965711583,-0.42645628961081483,0.10886711897134749,0.4401329532558823,-1.628128401715434,-0.445363575596347
385,2026-05-12 10:11:15.762026,3,12.833333333333334,0.5255055719462607,0.7802034533709844,0.1842241403463432,0.1282182802551976,26,0.9647965212312213,-0.017082021057699626,0.0018847017302667801,-0.5124606317309888,0.056541051908003404,0.515570353710323,-2.580130263605218,-1.5697820119003225
386,2026-05-12 10:11:15.795597,3,12.866666666666667,0.5081337699911178,0.7793293071152949,0.1842241403463432,0.1282182802551976,26,0.7858198265555849,-0.017371801955142874,-0.0008741462556894897,-0.5211540586542862,-0.02622438767068469,0.5218134449786989,-0.2608028076989233,-2.482963187360643
387,2026-05-12 10:11:15.829109,3,12.9,0.4905956737100577,0.7853644392034949,0.1842241403463432,0.1282182802551976,26,0.791215410952316,-0.017538096281060123,0.006035132088199946,-0.5261428884318037,0.18105396264599838,0.5564232889061888,-0.14966489332552402,6.2183505095004925
388,2026-05-12 10:11:15.862617,3,12.933333333333334,0.47504888847181165,0.7818694188848896,0.1842241403463432,0.1282182802551976,26,0.8495457103360896,-0.015546785238246041,-0.0034950203186052686,-0.46640355714738124,-0.10485060955815806,0.4780438561936005,1.792179938532673,-8.577137166124693
389,2026-05-12 10:11:15.896139,3,12.966666666666667,0.46004058266060455,0.7843430862725944,0.1842241403463432,0.1282182802551976,26,0.9802646967101083,-0.015008305811207101,0.0024736673877048254,-0.45024917433621303,0.07421002163114476,0.45632383928624254,0.4846314843350463,5.371818935679085
390,2026-05-12 10:11:15.929653,3,13.0,0.4430359778946855,0.7914559767064563,0.1842241403463432,0.1282182802551976,26,0.762383081182821,-0.01700460476591903,0.007112890433861874,-0.5101381429775709,0.2133867130158562,0.5529690897440072,-1.7966690592407353,4.175300741541344
391,2026-05-12 10:11:15.963196,3,13.033333333333333,0.4278103556658685,0.7905685876890619,0.1842241403463432,0.1282182802551976,26,0.7783029772156675,-0.015225622228817015,-0.0008873890173943799,-0.45676866686451045,-0.026621670521831398,0.457543799401276,1.6010842833918126,-7.200251506130629
392,2026-05-12 10:11:15.996707,3,13.066666666666666,0.4128154287656709,0.7948636958214969,0.1842241403463432,0.1282182802551976,26,0.8442853392317238,-0.014994926900197603,0.004295108132434944,-0.4498478070059281,0.12885324397304831,0.4679382522838036,0.2076257957574712,4.664247434846391
393,2026-05-12 10:11:16.030233,3,13.1,0.3903456386417827,0.8015519059601077,0.1842241403463432,0.1282182802551976,26,0.9627144933957805,-0.022469790123888222,0.006688210138610873,-0.6740937037166467,0.20064630415832618,0.7033215912815572,-6.727376901321558,2.153791805558336
394,2026-05-12 10:11:16.063728,3,13.133333333333333,0.3731055953517363,0.8014240731103529,0.1842241403463432,0.1282182802551976,26,0.7447053741942948,-0.01724004329004636,-0.00012783284975481646,-0.5172012987013908,-0.0038349854926444937,0.5172155164843124,4.706772150457677,-6.13443868952912
395,2026-05-12 10:11:16.097222,3,13.166666666666666,0.3609096837676474,0.8034938786467659,0.1842241403463432,0.1282182802551976,26,0.8736280007513488,-0.012195911584088892,0.0020698055364130052,-0.36587734752266676,0.06209416609239016,0.3711090390881521,4.53971853536172,1.9778745475510395
396,2026-05-12 10:11:16.130714,3,13.2,0.3448343699301333,0.8003355473877272,0.1842241403463432,0.1282182802551976,26,0.8417297759861854,-0.01607531383751415,-0.003158331259038749,-0.4822594151254245,-0.09474993777116247,0.49147908824766456,-3.4914620280827315,-4.705323115906579
397,2026-05-12 10:11:16.164234,3,13.233333333333333,0.3254410631075042,0.8073006580587057,0.1842241403463432,0.1282182802551976,26,0.9759480866886859,-0.019393306822629075,0.006965110670978492,-0.5817992046788723,0.20895332012935475,0.6181842804197215,-2.9861936866034333,9.111097737015516
398,2026-05-12 10:11:16.197732,3,13.266666666666666,0.30954503340990297,0.8082157705994615,0.1842241403463432,0.1282182802551976,26,0.741592661404273,-0.015896029697601233,0.0009151125407558247,-0.476880890928037,0.02745337622267474,0.4776704638119695,3.1475494125250583,-5.4449983172004
399,2026-05-12 10:11:16.231663,3,13.299999999999999,0.2915674636521656,0.8113409518626727,0.1842241403463432,0.1282182802551976,26,0.9292926506198703,-0.017977569757737344,0.003125181263211263,-0.5393270927321203,0.09375543789633789,0.5474155597806982,-1.8733860541225,1.9890618502098945
400,2026-05-12 10:11:16.270648,3,13.333333333333334,0.27637075010485057,0.8141331801122113,0.1842241403463432,0.1282182802551976,26,0.9431906520938715,-0.015196713547315055,0.0027922282495385087,-0.45590140641945165,0.08376684748615526,0.46353314564656845,2.5027705893800603,-0.2996577123054789
401,2026-05-12 10:11:16.304403,3,13.366666666666667,0.25737713853091976,0.8196153574853475,0.1842241403463432,0.1282182802551976,26,0.7336620434309764,-0.018993611573930813,0.005482177373136277,-0.5698083472179244,0.1644653211940883,0.5930686254007181,-3.4172082239541823,2.420954211237991
402,2026-05-12 10:11:16.338079,3,13.4,0.24364621705714032,0.8180796417159374,0.1842241403463432,0.1282182802551976,26,0.8776495158746486,-0.01373092147377944,-0.0015357157694101398,-0.4119276442133832,-0.04607147308230419,0.41449603701261256,4.736421090136236,-6.316103828291775
403,2026-05-12 10:11:16.374191,3,13.433333333333334,0.22731952571028716,0.8196462893346935,0.1842241403463432,0.1282182802551976,26,0.9458803160938687,-0.01632669134685316,0.001566647618756134,-0.48980074040559485,0.04699942856268402,0.49205051731208227,-2.33619288576635,2.7921270493496464
404,2026-05-12 10:11:16.407969,3,13.466666666666667,0.2059110876128322,0.8256307828005368,0.1842241403463432,0.1282182802551976,26,0.7060560371901675,-0.021408438097454963,0.005984493465843288,-0.6422531429236489,0.17953480397529864,0.6668746849549425,-4.573572075541621,3.9760612623784386
405,2026-05-12 10:11:16.441662,3,13.5,0.19247972769603192,0.8268739438650473,0.1842241403463432,0.1282182802551976,26,0.7979115167777074,-0.013431359916800278,0.0012431610645105007,-0.40294079750400835,0.03729483193531502,0.40466305833650007,7.179370362589216,-4.267199161199509
406,2026-05-12 10:11:16.475502,3,13.533333333333333,0.17720472918480193,0.8261372152731334,0.1842241403463432,0.1282182802551976,26,0.9208208451531195,-0.015274998511229987,-0.0007367285919138711,-0.4582499553368996,-0.022101857757416132,0.45878264317931594,-1.6592747349867376,-1.7819006907819346
407,2026-05-12 10:11:16.509218,3,13.566666666666666,0.16265461560486266,0.8313394424705332,0.1842241403463432,0.1282182802551976,26,0.9126878009913242,-0.014550113579939267,0.005202227197399711,-0.436503407398178,0.15606681592199134,0.463564532403255,0.6523964381616482,5.345060210382225
408,2026-05-12 10:11:16.542906,3,13.6,0.14388180372437806,0.8331112193169252,0.1842241403463432,0.1282182802551976,26,0.9109336832517613,-0.018772811880484602,0.0017717768463920702,-0.5631843564145381,0.05315330539176211,0.5656870983009312,-3.800428470490804,-3.087405315906877
409,2026-05-12 10:11:16.577182,3,13.633333333333333,0.12423491183009798,0.8289069979101314,0.1842241403463432,0.1282182802551976,26,0.865957762944404,-0.01964689189428008,-0.004204221406793773,-0.5894067568284024,-0.1261266422038132,0.6027505743411483,-0.7866720124159277,-5.37839842786726
410,2026-05-12 10:11:16.611430,3,13.666666666666666,0.1070739326334616,0.8362893047810208,0.1842241403463432,0.1282182802551976,26,0.9468265540781463,-0.01716097919663638,0.007382306870889366,-0.5148293758990914,0.22146920612668097,0.5604443732887594,2.23732142787933,10.427875449914826
411,2026-05-12 10:11:16.645066,3,13.7,0.08870917017701793,0.8377206861442738,0.1842241403463432,0.1282182802551976,26,0.7045332242635567,-0.018364762456443667,0.001431381363252937,-0.5509428736933101,0.04294144089758811,0.5526138049486311,-1.0834049338265606,-5.355832956872786
412,2026-05-12 10:11:16.678615,3,13.733333333333333,0.07463582667836564,0.8371565008883031,0.1842241403463432,0.1282182802551976,26,0.79236900752832,-0.014073343498652288,-0.0005641852559706839,-0.4222003049595687,-0.016925557679120518,0.42253943249204806,3.862277062012242,-1.796009957301259
413,2026-05-12 10:11:16.712131,3,13.766666666666666,0.053595608932518746,0.8386934755740169,0.1842241403463432,0.1282182802551976,26,0.8225302141486307,-0.021040217745846898,0.0015369746857137878,-0.6312065323754069,0.046109240571413634,0.6328884171632928,-6.270186822475147,1.8910439475160246
414,2026-05-12 10:11:16.745626,3,13.799999999999999,0.04895517944272906,0.8413461722393243,0.1842241403463432,0.1282182802551976,26,0.8560465683072465,-0.0046404294897896825,0.00265269666530743,-0.13921288469369048,0.0795808999592229,0.16035381786243383,14.759809430451494,1.0041497816342781
415,2026-05-12 10:11:16.779196,3,13.833333333333334,0.06901709614343571,0.8437122295035717,0.1842241403463432,0.1282182802551976,26,0.8229572738000759,0.020061916700706645,0.0023660572642474342,0.6018575010211994,0.07098171792742303,0.6060287582412334,22.232111571446698,-0.25797546095399637
416,2026-05-12 10:11:16.812707,3,13.866666666666667,0.08685869897320052,0.8464947319503909,0.1842241403463432,0.1282182802551976,26,0.832946891873167,0.01784160282976481,0.0027825024468192128,0.5352480848929443,0.08347507340457638,0.5417181926624431,-1.9982824838476532,0.3748006643146007
417,2026-05-12 10:11:16.846217,3,13.9,0.10210377485820818,0.8439158359657138,0.1842241403463432,0.1282182802551976,26,0.73187256749977,0.015245075885007661,-0.0025788959846770876,0.45735227655022986,-0.07736687954031263,0.4638499099013421,-2.336874250281433,-4.825258588346671
418,2026-05-12 10:11:16.879712,3,13.933333333333334,0.11798252971111513,0.8463091221773511,0.1842241403463432,0.1282182802551976,26,0.9051027623741041,0.01587875485290695,0.0023932862116372577,0.4763626455872085,0.07179858634911773,0.48174309243888086,0.5703110711093584,4.474963976682911
419,2026-05-12 10:11:16.913208,3,13.966666666666667,0.13537605233145247,0.846782088309561,0.1842241403463432,0.1282182802551976,26,0.8188153448426273,0.017393522620337346,0.0004729661322099288,0.5218056786101204,0.014188983966297863,0.5219985569862853,1.3632909906873576,-1.728288071484596
420,2026-05-12 10:11:16.946715,3,14.0,0.15334901749083685,0.8506082686117208,0.1842241403463432,0.1282182802551976,26,0.7643591349502259,0.017972965159384374,0.003826180302159754,0.5391889547815313,0.11478540906479262,0.5512716382080363,0.5214982851423267,3.0178927529548427
421,2026-05-12 10:11:16.980210,3,14.033333333333333,0.16820155497379266,0.8452398083492355,0.1842241403463432,0.1282182802551976,26,0.8305604142527315,0.014852537482955813,-0.005368460262485275,0.4455761244886744,-0.16105380787455825,0.4737894170886912,-2.8083849087857065,-8.275176508180527
422,2026-05-12 10:11:17.013705,3,14.066666666666666,0.1890553702052237,0.8465047755173405,0.1842241403463432,0.1282182802551976,26,0.9514395365671072,0.02085381523143104,0.0012649671681049801,0.6256144569429312,0.0379490150431494,0.6267643707795968,5.401149973627703,5.97008468753123
423,2026-05-12 10:11:17.047213,3,14.1,0.20406189239473785,0.850850823487125,0.1842241403463432,0.1282182802551976,26,0.7672516911600895,0.015006522189514149,0.00434604796978455,0.45019566568542446,0.1303814390935365,0.4686954843627619,-5.262563737725201,2.772972721511613
424,2026-05-12 10:11:17.080721,3,14.133333333333333,0.22459124397304978,0.8466452617413388,0.1842241403463432,0.1282182802551976,26,0.792087229366531,0.020529351578311927,-0.004205561745786235,0.6158805473493578,-0.12616685237358705,0.6286707590155622,4.970546449918001,-7.696448744013707
425,2026-05-12 10:11:17.114217,3,14.166666666666666,0.23705306629937745,0.8463590276307498,0.1842241403463432,0.1282182802551976,26,0.7082990710510484,0.01246182232632767,-0.00028623411058903425,0.3738546697898301,-0.008587023317671028,0.3739532739435786,-7.260776326785831,3.5273948716774806
426,2026-05-12 10:11:17.147723,3,14.2,0.25669949865042463,0.8468953504076219,0.1842241403463432,0.1282182802551976,26,0.9731616529598363,0.019646432351047183,0.0005363227768721002,0.5893929705314155,0.016089683306163005,0.5896125436426354,6.466149022247561,0.740301198715021
427,2026-05-12 10:11:17.181499,3,14.233333333333333,0.2797735650582325,0.8461016838987009,0.1842241403463432,0.1282182802551976,26,0.7145012328053476,0.023074066407807847,-0.0007936665089209871,0.6922219922342354,-0.023809995267629613,0.6926313611203138,3.0848706510845982,-1.1969903572137786
428,2026-05-12 10:11:17.228639,3,14.266666666666666,0.2947186186667126,0.8478150571496926,0.1842241403463432,0.1282182802551976,26,0.7015624893294095,0.014945053608480141,0.0017133732509917454,0.44835160825440423,0.05140119752975236,0.4512884307533303,-7.316111519394935,2.2563357839214593
429,2026-05-12 10:11:17.262356,3,14.299999999999999,0.3128673971264563,0.8474154763927794,0.1842241403463432,0.1282182802551976,26,0.8023726342993447,0.018148778459743664,-0.0003995807569132648,0.5444633537923099,-0.011987422707397943,0.5445953010501797,2.8833523661371707,-1.9016586071145092
430,2026-05-12 10:11:17.296023,3,14.333333333333334,0.3314700428890268,0.8419493322621746,0.1842241403463432,0.1282182802551976,26,0.7175887583223558,0.018602645762570535,-0.005466144130604755,0.5580793728771161,-0.16398432391814266,0.5816729707677721,0.40848057254418424,-4.5599070363223415
431,2026-05-12 10:11:17.329694,3,14.366666666666667,0.34838582403224966,0.8439104646875607,0.1842241403463432,0.1282182802551976,26,0.9667432059815761,0.01691578114322284,0.0019611324253860918,0.5074734342966852,0.05883397276158275,0.5108725113644135,-1.518178157412925,6.684548900391762
432,2026-05-12 10:11:17.364123,3,14.4,0.3713578334950463,0.8471969429424285,0.1842241403463432,0.1282182802551976,26,0.8937019620704468,0.02297200946279665,0.0032864782548678306,0.6891602838838995,0.09859434764603492,0.6961772348121448,5.450605487616428,1.192811246533565
433,2026-05-12 10:11:17.397796,3,14.433333333333334,0.3852935555245053,0.8444965127715316,0.1842241403463432,0.1282182802551976,26,0.7508259443429016,0.013935722029458975,-0.002700430170896939,0.41807166088376924,-0.08101290512690817,0.42584856983582176,-8.132658690003908,-5.388217583188293
434,2026-05-12 10:11:17.435505,3,14.466666666666667,0.4048323000229203,0.8454047539609653,0.1842241403463432,0.1282182802551976,26,0.7909740381335241,0.019538744498415028,0.0009082411894336673,0.5861623349524508,0.027247235683010018,0.5867952750059212,5.042720222060448,3.247804224297546
435,2026-05-12 10:11:17.471840,3,14.5,0.425226164948521,0.8463116776562046,0.1842241403463432,0.1282182802551976,26,0.7757559559207959,0.02039386492560069,0.00090692369523937,0.6118159477680207,0.0272077108571811,0.6124206180994965,0.7696083844670965,-0.0011857447748675476
436,2026-05-12 10:11:17.505613,3,14.533333333333333,0.4414529781263635,0.8447395594819529,0.1842241403463432,0.1282182802551976,26,0.9276229620673799,0.016226813177842525,-0.0015721181742517354,0.48680439533527575,-0.04716354522755206,0.48908375490929445,-3.7503465729823495,-2.231137682541995
437,2026-05-12 10:11:17.541051,3,14.566666666666666,0.4654839872337512,0.84224044807532,0.1842241403463432,0.1282182802551976,26,0.7906066013264634,0.024031009107387646,-0.002499111406632948,0.7209302732216294,-0.07497334219898844,0.7248182261007927,7.023776336590609,-0.8342939091430912
438,2026-05-12 10:11:17.574829,3,14.6,0.47950747624352164,0.8423009796849157,0.1842241403463432,0.1282182802551976,26,0.7382598048152735,0.014023489009770462,6.053160959573756e-05,0.42070467029311387,0.0018159482878721267,0.4207085894947022,-9.006768087855466,2.303678714605817
439,2026-05-12 10:11:17.618456,3,14.633333333333333,0.5006990489633166,0.839116398581076,0.1842241403463432,0.1282182802551976,26,0.9637443793684961,0.021191572719794993,-0.0031845811038396787,0.6357471815938498,-0.09553743311519036,0.6428855886009289,6.451275339022078,-2.9206014420918747
440,2026-05-12 10:11:17.652025,3,14.666666666666666,0.523516021218584,0.8426797108731138,0.1842241403463432,0.1282182802551976,26,0.835088209177068,0.022816972255267354,0.003563312292037768,0.6845091676580206,0.10689936876113304,0.6928060880574051,1.4628595819251244,6.0731040562897025
441,2026-05-12 10:11:17.685540,3,14.7,0.53971623871046,0.8439658581214005,0.1842241403463432,0.1282182802551976,26,0.8385092356582753,0.016200217491876057,0.0012861472482866843,0.4860065247562817,0.03858441744860053,0.4875357416390373,-5.955079287052167,-2.0494485393759754
442,2026-05-12 10:11:17.719037,3,14.733333333333333,0.5580641492085832,0.8429568662535678,0.1842241403463432,0.1282182802551976,26,0.9887825225048019,0.01834791049812312,-0.0010089918678326537,0.5504373149436936,-0.03026975603497961,0.5512689868048448,1.932923705622358,-2.065625204507404
443,2026-05-12 10:11:17.752532,3,14.766666666666666,0.5788726761611758,0.8399621154460362,0.1842241403463432,0.1282182802551976,26,0.7430669356801713,0.02080852695259261,-0.002994750807531643,0.6242558085777783,-0.0898425242259493,0.6306877148814507,2.2145548090225398,-1.7871830457290905
444,2026-05-12 10:11:17.786038,3,14.799999999999999,0.5962553218483463,0.8445264768471255,0.1842241403463432,0.1282182802551976,26,0.9883212933545719,0.017382645687170517,0.00456436140108929,0.5214793706151155,0.1369308420326787,0.5391574811471277,-3.0832931388798834,6.8032009877588395
445,2026-05-12 10:11:17.819533,3,14.833333333333334,0.6176430421337461,0.8461334685519588,0.1842241403463432,0.1282182802551976,26,0.7829447717905071,0.021387720285399814,0.0016069917048333604,0.6416316085619944,0.04820975114500081,0.6434402079535559,3.604567138406367,-2.6616327266303363
446,2026-05-12 10:11:17.853027,3,14.866666666666667,0.6323775515519917,0.8459526518413768,0.1842241403463432,0.1282182802551976,26,0.9183479685803909,0.014734509418245612,-0.0001808167105820102,0.44203528254736835,-0.005424501317460306,0.4420685650793041,-5.987889780438782,-1.6090275738738335
447,2026-05-12 10:11:17.886531,3,14.9,0.6535404186029927,0.8439193798155542,0.1842241403463432,0.1282182802551976,26,0.9188754289387889,0.02116286705100101,-0.0020332720258225967,0.6348860115300303,-0.0609981607746779,0.6378095509275502,5.78552186947986,-1.6672097837165278
448,2026-05-12 10:11:17.920040,3,14.933333333333334,0.674509478719098,0.8462079508589728,0.1842241403463432,0.1282182802551976,26,0.9554436870121465,0.02096906011610533,0.002288571043418619,0.6290718034831599,0.06865713130255857,0.6328073447869045,-0.17442624140611152,3.889658762317094
449,2026-05-12 10:11:17.953793,3,14.966666666666667,0.6933698457396333,0.8465968809138771,0.1842241403463432,0.1282182802551976,26,0.9395793283551253,0.018860367020535285,0.00038893005490425736,0.5658110106160585,0.01166790164712772,0.5659313029540004,-1.897823786013042,-1.7096768896629255
450,2026-05-12 10:11:17.987464,3,15.0,0.7141627756852517,0.8436069934397022,0.1842241403463432,0.1282182802551976,26,0.8126751432402344,0.02079292994561832,-0.002989887474174835,0.6237878983685496,-0.08969662422524505,0.6302037976309385,1.739306632574733,-3.040935776171183
451,2026-05-12 10:11:18.021053,3,15.033333333333333,0.7362108765659181,0.8468406184124725,0.1842241403463432,0.1282182802551976,26,0.8485049474546404,0.022048100880666444,0.0032336249727702437,0.6614430264199933,0.09700874918310731,0.6685189411061672,1.12965384154331,5.601161202250571
452,2026-05-12 10:11:18.054557,3,15.066666666666666,0.7595094518115602,0.8480736885348084,0.1842241403463432,0.1282182802551976,26,0.8632003682718832,0.02329857524564205,0.0012330701223358664,0.6989572573692615,0.03699210367007599,0.699935470856491,1.125426928478046,-1.8004993653909396
453,2026-05-12 10:11:18.088062,3,15.1,0.7784462276482924,0.8490934205505171,0.1842241403463432,0.1282182802551976,26,0.7807007793150738,0.018936775836732256,0.0010197320157087075,0.5681032751019677,0.030591960471261226,0.5689263565937661,-3.925619468018815,-0.19200429596444302
454,2026-05-12 10:11:18.121557,3,15.133333333333333,0.7979995414287334,0.8490178860219856,0.1842241403463432,0.1282182802551976,26,0.8796996982820955,0.019553313780441006,-7.553452853148457e-05,0.5865994134132302,-0.002266035855944537,0.5866037902496422,0.5548841493378753,-0.9857398898161729
455,2026-05-12 10:11:18.155145,3,15.166666666666666,0.8192983583290754,0.8468145755535329,0.1842241403463432,0.1282182802551976,26,0.9195800882387319,0.021298816900341966,-0.0022033104684526794,0.638964507010259,-0.06609931405358038,0.6423743149731449,1.5709528079108637,-1.9149983459290754
456,2026-05-12 10:11:18.189133,3,15.2,0.839866527097682,0.8476601746392072,0.1842241403463432,0.1282182802551976,26,0.8970075625930333,0.020568168768606565,0.0008455990856742757,0.617045063058197,0.02536797257022827,0.6175663072713877,-0.6575833185618607,2.7440185987142596
457,2026-05-12 10:11:18.222804,3,15.233333333333333,0.8611612121433428,0.845530912838908,0.1842241403463432,0.1282182802551976,26,0.9035083263838735,0.0212946850456609,-0.0021292618002991537,0.638840551369827,-0.06387785400897461,0.6420261912938572,0.6538646493489009,-2.6773747973760864
458,2026-05-12 10:11:18.256545,3,15.266666666666666,0.878675607262157,0.8467894104125828,0.1842241403463432,0.1282182802551976,26,0.8748163983415078,0.01751439511881414,0.0012584975736747994,0.5254318535644242,0.03775492721024398,0.5267865481091913,-3.4022609341620824,3.048983436576558
459,2026-05-12 10:11:18.290266,3,15.299999999999999,0.9004630378405272,0.8488524177194401,0.1842241403463432,0.1282182802551976,26,0.9795379068130914,0.02178743057837018,0.0020630073068572674,0.6536229173511054,0.06189021920571802,0.6565465081164485,3.8457319136004364,0.7240587598642212
460,2026-05-12 10:11:18.323973,3,15.333333333333334,0.9208395557338221,0.8433459567093884,0.1842241403463432,0.1282182802551976,26,0.8186507733233749,0.020376517893294976,-0.0055064610100517,0.6112955367988493,-0.165193830301551,0.6332228951008412,-1.2698214165676847,-6.81252148521807
461,2026-05-12 10:11:18.357654,3,15.366666666666667,0.9405837723416258,0.8418708673883201,0.1842241403463432,0.1282182802551976,26,0.8777709158633411,0.019744216607803677,-0.0014750893210683236,0.5923264982341103,-0.04425267963204971,0.5939772555956164,-0.5690711569421691,3.6282345200850386
462,2026-05-12 10:11:18.391417,3,15.4,0.9493936946344967,0.845616231280039,0.1842241403463432,0.1282182802551976,26,0.7073017334736543,0.00880992229287092,0.003745363891718978,0.2642976687861276,0.11236091675156934,0.2871902389341161,-9.840864883439481,4.698407891508571
463,2026-05-12 10:11:18.425029,3,15.433333333333334,0.9305091644612375,0.844995305535384,0.1842241403463432,0.1282182802551976,26,0.964343292970021,-0.018884530173259195,-0.0006209257446549987,-0.5665359051977759,-0.01862777233964996,0.566842064230065,-24.925007219517102,-3.929660672736579
464,2026-05-12 10:11:18.458531,3,15.466666666666667,0.9105707732935311,0.8428344662548133,0.1842241403463432,0.1282182802551976,26,0.7304681726483585,-0.01993839116770646,-0.002160839280570759,-0.5981517350311938,-0.06482517841712276,0.6016542211915739,-0.9484748950025379,-1.385922182324184
465,2026-05-12 10:11:18.492025,3,15.5,0.8926801313475894,0.8490595375388812,0.1842241403463432,0.1282182802551976,26,0.8206746297339529,-0.0178906419459417,0.006225071284067907,-0.536719258378251,0.1867521385220372,0.5682815530673627,1.8429742995882847,7.547319508174799
466,2026-05-12 10:11:18.525534,3,15.533333333333333,0.8707422979335547,0.8483996782122096,0.1842241403463432,0.1282182802551976,26,0.9835436995953296,-0.021937833414034658,-0.0006598593266715636,-0.6581350024210397,-0.019795779800146907,0.6584326497901193,-3.642472321283663,-6.196437549665523
467,2026-05-12 10:11:18.559056,3,15.566666666666666,0.8537753291430423,0.8495082093686536,0.1842241403463432,0.1282182802551976,26,0.8357304589953993,-0.016966968790512404,0.001108531156443937,-0.5090090637153721,0.03325593469331811,0.5100942894570827,4.473778161170028,1.5915514348039506
468,2026-05-12 10:11:18.608009,3,15.6,0.8322514506542895,0.8536228762824352,0.1842241403463432,0.1282182802551976,26,0.9215371899090582,-0.021523878488752812,0.004114666913781595,-0.6457163546625844,0.12344000741344785,0.6574093444034458,-4.1012187284163675,2.705522181603892
469,2026-05-12 10:11:18.641565,3,15.633333333333333,0.8123884809427564,0.8559846873990138,0.1842241403463432,0.1282182802551976,26,0.8212537193302806,-0.01986296971153312,0.002361811116578627,-0.5958890913459935,0.07085433349735881,0.6000867818578483,1.4948178994977246,-1.5775702174826711
470,2026-05-12 10:11:18.675071,3,15.666666666666666,0.7984418339746013,0.8568598950740572,0.1842241403463432,0.1282182802551976,26,0.8579066157477493,-0.013946646968155063,0.0008752076750434545,-0.4183994090446519,0.026256230251303636,0.4192224410929398,5.32469046904025,-1.3379430973816553
471,2026-05-12 10:11:18.712901,3,15.7,0.7762463002420447,0.8585157194808141,0.1842241403463432,0.1282182802551976,26,0.7747392654508459,-0.02219553373255667,0.0016558244067568229,-0.6658660119767001,0.049674732202704686,0.6677163506498589,-7.423998087961448,0.7025550585420315
472,2026-05-12 10:11:18.746445,3,15.733333333333333,0.7598958313534443,0.8622867754104454,0.1842241403463432,0.1282182802551976,26,0.8598169179302015,-0.016350468888600367,0.0037710559296313395,-0.490514066658011,0.11313167788894019,0.5033913250457804,5.260558359560674,1.903708370587065
473,2026-05-12 10:11:18.779947,3,15.766666666666666,0.7425381143947152,0.8616992404492764,0.1842241403463432,0.1282182802551976,26,0.9546645724662952,-0.01735771695872912,-0.0005875349611690339,-0.5207315087618736,-0.017626048835071018,0.5210297321794156,-0.906523263115877,-3.922731801720336
474,2026-05-12 10:11:18.813443,3,15.799999999999999,0.7239043454395706,0.8633473783602964,0.1842241403463432,0.1282182802551976,26,0.7912272933869595,-0.01863376895514457,0.0016481379110200312,-0.5590130686543371,0.049444137330600935,0.5611954504829008,-1.1484467967739054,2.0121055849701586
475,2026-05-12 10:11:18.846981,3,15.833333333333334,0.7011840146922966,0.8651583624067787,0.1842241403463432,0.1282182802551976,26,0.8225288655647606,-0.022720330747273976,0.001810984046482278,-0.6816099224182193,0.05432952139446834,0.6837717332808684,-3.6779056129164656,0.14656152191602212
476,2026-05-12 10:11:18.880563,3,15.866666666666667,0.6874576526004947,0.872998352666182,0.1842241403463432,0.1282182802551976,26,0.9307317601298335,-0.013726362091801891,0.007839990259403296,-0.41179086275405674,0.23519970778209887,0.47422633540168885,8.094571789924876,5.426105591628916
477,2026-05-12 10:11:18.914062,3,15.9,0.6675151715503375,0.8728184501614348,0.1842241403463432,0.1282182802551976,26,0.7960404830460925,-0.01994248105015728,-0.00017990250474719804,-0.5982744315047184,-0.005397075142415941,0.5982987747040661,-5.594507062519849,-7.217903487735445
478,2026-05-12 10:11:18.947587,3,15.933333333333334,0.644535831009698,0.8717381143979075,0.1842241403463432,0.1282182802551976,26,0.7188450780845613,-0.022979340540639437,-0.0010803357635272848,-0.6893802162191831,-0.03241007290581854,0.6901416487505794,-2.733173541433942,-0.8103899329020781
479,2026-05-12 10:11:18.981653,3,15.966666666666667,0.6263627068399358,0.8765420500524663,0.1842241403463432,0.1282182802551976,26,0.7573301831966849,-0.018173124169762245,0.004803935654558833,-0.5451937250928673,0.144118069636765,0.563920398528431,4.325594733789473,5.295844276277506
480,2026-05-12 10:11:19.021521,3,16.0,0.6093787493098016,0.8756035002000345,0.1842241403463432,0.1282182802551976,26,0.8031161583068794,-0.016983957530134153,-0.0009385498524318026,-0.5095187259040246,-0.028156495572954077,0.5102961104004324,1.0702499756652828,-5.168236956291572
481,2026-05-12 10:11:19.055244,3,16.03333333333333,0.5918260417736027,0.8784229481170764,0.1842241403463432,0.1282182802551976,26,0.8582766200762012,-0.017552707536198975,0.0028194479170419173,-0.5265812260859692,0.08458343751125752,0.5333311781317716,-0.5118750054583399,3.382197992526348
482,2026-05-12 10:11:19.090696,3,16.066666666666666,0.5715788404036481,0.8827822870719547,0.1842241403463432,0.1282182802551976,26,0.7321817493865105,-0.020247201369954504,0.004359338954878278,-0.6074160410986351,0.13078016864634834,0.6213354162568766,-2.425044450379976,1.3859019340527245
483,2026-05-12 10:11:19.126713,3,16.1,0.5538338741017297,0.8816092183910221,0.1842241403463432,0.1282182802551976,26,0.8541842088222313,-0.017744966301918463,-0.0011730686809325874,-0.5323489890575539,-0.03519206042797762,0.5335109439062764,2.2520115612324365,-4.979166872229779
484,2026-05-12 10:11:19.160460,3,16.133333333333333,0.540304575612764,0.8838799257042758,0.1842241403463432,0.1282182802551976,26,0.811570492856947,-0.013529298488965669,0.002270707313253628,-0.40587895466897006,0.06812121939760885,0.4115558605771433,3.794101031657515,3.099398394767594
485,2026-05-12 10:11:19.194150,3,16.166666666666668,0.5162609647814148,0.8810328475858115,0.1842241403463432,0.1282182802551976,26,0.7293730319945357,-0.024043610831349205,-0.002847078118464297,-0.7213083249404761,-0.0854123435539289,0.7263476908890191,-9.462881108145183,-4.6060068885461325
486,2026-05-12 10:11:19.228488,3,16.2,0.49778344374816214,0.8855183378142047,0.1842241403463432,0.1282182802551976,26,0.9334012868192525,-0.018477521033252675,0.004485490228393285,-0.5543256309975803,0.13456470685179855,0.570424899098011,5.009480818286876,6.599311512171824
487,2026-05-12 10:11:19.262366,3,16.233333333333334,0.48030619498976934,0.8836762508564023,0.1842241403463432,0.1282182802551976,26,0.8355167782280869,-0.017477248758392794,-0.0018420869578024135,-0.5243174627517838,-0.055262608734072405,0.5272217348237489,0.9002450473738932,-5.694819467576129
488,2026-05-12 10:11:19.296351,3,16.266666666666666,0.4627741879877692,0.887102038596616,0.1842241403463432,0.1282182802551976,26,0.9093704271127696,-0.01753200700200014,0.003425787740213626,-0.5259602100600042,0.10277363220640878,0.5359072326842229,-0.04928241924661014,4.741087228214436
489,2026-05-12 10:11:19.330299,3,16.3,0.44402392014884906,0.8837502366814037,0.1842241403463432,0.1282182802551976,26,0.7606105517533324,-0.018750267838920143,-0.003351801915212227,-0.5625080351676043,-0.10055405745636681,0.5714248927891198,-1.0964347532280039,-6.099830689883268
490,2026-05-12 10:11:19.364031,3,16.333333333333332,0.4262398869626235,0.8801518192349006,0.1842241403463432,0.1282182802551976,26,0.9128866511822049,-0.017784033186225567,-0.0035984174465031327,-0.533520995586767,-0.10795252339509398,0.5443329863596945,0.8696111874251178,-0.22195397816181517
491,2026-05-12 10:11:19.397695,3,16.366666666666667,0.4083195532457387,0.8854219959353892,0.1842241403463432,0.1282182802551976,26,0.9659585133584142,-0.017920333716884784,0.005270176700488571,-0.5376100115065435,0.15810530101465714,0.5603764901215978,-0.12267047759329519,7.981734732292534
492,2026-05-12 10:11:19.431441,3,16.4,0.3840376778155545,0.8827348101575248,0.1842241403463432,0.1282182802551976,26,0.9338415947249665,-0.02428187543018423,-0.0026871857778644204,-0.7284562629055269,-0.08061557333593261,0.7329034026599736,-5.725387541969501,-7.161626230517693
493,2026-05-12 10:11:19.465472,3,16.433333333333334,0.36687694886791095,0.8839060974018277,0.1842241403463432,0.1282182802551976,26,0.7271685633597594,-0.017160728947643533,0.001171287244302932,-0.514821868429306,0.03513861732908796,0.5160196494716472,6.409031834286627,3.472625719950617
494,2026-05-12 10:11:19.499160,3,16.466666666666665,0.3437818313512097,0.8807583723337339,0.1842241403463432,0.1282182802551976,26,0.7738164415867488,-0.023095117516701236,-0.0031477250680937985,-0.6928535255010371,-0.09443175204281395,0.6992591533852751,-5.340949712151932,-3.8871110811570575
495,2026-05-12 10:11:19.532816,3,16.5,0.32780812659886255,0.8853354669458093,0.1842241403463432,0.1282182802551976,26,0.9555096442833722,-0.015973704752347162,0.00457709461207545,-0.47921114257041486,0.1373128383622635,0.49849587234273424,6.409271487918667,6.952337712152324
496,2026-05-12 10:11:19.566483,3,16.53333333333333,0.30645395790723645,0.8866287870316117,0.1842241403463432,0.1282182802551976,26,0.9200420360591045,-0.021354168691626096,0.0012933200858024074,-0.6406250607487829,0.03879960257407222,0.6417989386243076,-4.842417545351041,-2.955397073645738
497,2026-05-12 10:11:19.600183,3,16.566666666666666,0.284323892023538,0.8857773639746058,0.1842241403463432,0.1282182802551976,26,0.7566281457593426,-0.022130065883698424,-0.0008514230570059178,-0.6639019765109527,-0.025542691710177534,0.6643931543257733,-0.6983074728650951,-1.9302688285274927
498,2026-05-12 10:11:19.634151,3,16.6,0.26518397700208374,0.8834477495210512,0.1842241403463432,0.1282182802551976,26,0.904437860180251,-0.01913991502145429,-0.002329614453554618,-0.5741974506436287,-0.06988843360663854,0.5784350486248494,2.691135776019721,-1.3303722568938303
499,2026-05-12 10:11:19.667743,3,16.633333333333333,0.2448694105347728,0.8860532630051461,0.1842241403463432,0.1282182802551976,26,0.946831023685115,-0.020314566467310946,0.002605513484094879,-0.6094369940193284,0.07816540452284637,0.614429231192279,-1.0571863012709903,4.4416151438845475
0,2026-05-12 10:11:02.623717,4,0.0,0.7238877544647461,0.3057047209977176,0.05294654925287343,0.08940698945612957,65,0.7956824557938542,,,,,,,
1,2026-05-12 10:11:02.661296,4,0.03333333333333333,0.726793944372765,0.31744785847780693,0.05294654925287343,0.08940698945612957,65,0.7785856315589845,0.0029061899080189413,0.011743137480089316,0.08718569724056824,0.3522941244026795,0.36292216230477664,,
2,2026-05-12 10:11:02.695060,4,0.06666666666666667,0.7194933378805222,0.3264337309792932,0.05294654925287343,0.08940698945612957,65,0.9525371027474374,-0.007300606492242845,0.008985872501486247,-0.21901819476728535,0.2695761750445874,0.3473331020660003,-9.186116760235608,-2.481538480742762
3,2026-05-12 10:11:02.728737,4,0.1,0.7187446505777602,0.33204599524090306,0.05294654925287343,0.08940698945612957,65,0.7835008500421996,-0.0007486873027620078,0.005612264261609878,-0.022460619082860234,0.16836792784829635,0.16985946702352056,5.896727270532754,-3.0362474158887323
4,2026-05-12 10:11:02.762439,4,0.13333333333333333,0.7143488973842672,0.3417845084237347,0.05294654925287343,0.08940698945612957,65,0.7713639566403824,-0.004395753193492946,0.009738513182831643,-0.13187259580478838,0.2921553954849493,0.32053885355017453,-3.2823593016578445,3.7136240290995883
5,2026-05-12 10:11:02.796117,4,0.16666666666666666,0.7168724626121242,0.350857149888013,0.05294654925287343,0.08940698945612957,65,0.7908355755458082,0.0025235652278570164,0.009072641464278275,0.07570695683571049,0.27217924392834825,0.28251209556182094,6.227386579214967,-0.5992845466980312
6,2026-05-12 10:11:02.829772,4,0.2,0.7185307037589146,0.35829254023637114,0.05294654925287343,0.08940698945612957,65,0.8378900658922174,0.0016582411467903624,0.007435390348358162,0.04974723440371087,0.22306171045074485,0.22854171172901827,-0.7787916729599886,-1.4735260043281018
7,2026-05-12 10:11:02.863486,4,0.23333333333333334,0.714954127974532,0.36616596511056915,0.05294654925287343,0.08940698945612957,65,0.8714165036885207,-0.0035765757843826407,0.00787342487419801,-0.10729727353147922,0.23620274622594029,0.2594309970530989,-4.711335238055703,0.39423107325586293
8,2026-05-12 10:11:02.897144,4,0.26666666666666666,0.7156069443480051,0.37689236049218844,0.05294654925287343,0.08940698945612957,65,0.9617262102143048,0.0006528163734731418,0.010726395381619291,0.019584491204194254,0.32179186144857874,0.32238727392728833,3.8064529420702042,2.5676734566791537
9,2026-05-12 10:11:02.930795,4,0.3,0.7094554826961355,0.383137215604293,0.05294654925287343,0.08940698945612957,65,0.7343164542455598,-0.0061514616518696386,0.0062448551121045415,-0.18454384955608916,0.18734565336313624,0.2629730523134279,-6.123850222808502,-4.033386242563275
10,2026-05-12 10:11:02.964449,4,0.3333333333333333,0.7095900546320473,0.3924630473504461,0.05294654925287343,0.08940698945612957,65,0.7255268898438051,0.00013457193591182026,0.009325831746153146,0.004037158077354608,0.2797749523845944,0.2798040790037622,5.657430229003313,2.772878970643744
11,2026-05-12 10:11:02.998163,4,0.36666666666666664,0.7102771064389234,0.40520769024619363,0.05294654925287343,0.08940698945612957,65,0.8060161123109344,0.0006870518068761156,0.012744642895747504,0.020611554206283467,0.38233928687242513,0.3828944586343777,0.49723188386786576,3.076930034634923
12,2026-05-12 10:11:03.031826,4,0.4,0.708254402056646,0.4145934887824708,0.05294654925287343,0.08940698945612957,65,0.8217008933712874,-0.0020227043822773627,0.00938579853627719,-0.06068113146832088,0.2815739560883157,0.2880383524176952,-2.4387805702381304,-3.022959923523283
13,2026-05-12 10:11:03.065486,4,0.43333333333333335,0.7079788147798481,0.42285396988776186,0.05294654925287343,0.08940698945612957,65,0.7208854632193548,-0.000275587276797884,0.00826048110529104,-0.00826761830393652,0.2478144331587312,0.24795230749925043,1.5724053949315309,-1.0127856878875352
14,2026-05-12 10:11:03.099184,4,0.4666666666666667,0.7048916446164971,0.4305247213398356,0.05294654925287343,0.08940698945612957,65,0.9132269135521429,-0.0030871701633510273,0.007670751452073743,-0.09261510490053082,0.2301225435622123,0.24806036102384157,-2.530424597897829,-0.5307566878955672
15,2026-05-12 10:11:03.132861,4,0.5,0.702229454893357,0.436295907908527,0.05294654925287343,0.08940698945612957,65,0.8195387445428697,-0.0026621897231401404,0.005771186568691411,-0.07986569169420421,0.17313559706074233,0.19066846535117812,0.3824823961897983,-1.7096083950440988
16,2026-05-12 10:11:03.166523,4,0.5333333333333333,0.7020910953457804,0.44318318798831136,0.05294654925287343,0.08940698945612957,65,0.9288720052581813,-0.00013835954757657198,0.006887280079784341,-0.0041507864272971595,0.20661840239353024,0.20666009105683616,2.2714471580072115,1.0044841599836374
17,2026-05-12 10:11:03.200205,4,0.5666666666666667,0.6976673425993936,0.45260752324829295,0.05294654925287343,0.08940698945612957,65,0.9082827921286569,-0.004423752746386844,0.009424335259981598,-0.13271258239160533,0.28273005779944793,0.312328216958263,-3.856853878929245,2.283349662177531
18,2026-05-12 10:11:03.233858,4,0.6,0.6987841320865755,0.46094156335592096,0.05294654925287343,0.08940698945612957,65,0.7184160524843616,0.0011167894871819684,0.008334040107628005,0.03350368461545905,0.25002120322884014,0.2522560186532903,4.986488010211931,-0.9812656371182338
19,2026-05-12 10:11:03.267544,4,0.6333333333333333,0.6926981023498334,0.46905448199734345,0.05294654925287343,0.08940698945612957,65,0.7387281372734358,-0.006086029736742105,0.008112918641422495,-0.18258089210226314,0.24338755924267486,0.3042585843570643,-6.482537301531666,-0.1990093195849585
20,2026-05-12 10:11:03.302208,4,0.6666666666666666,0.6851340101419643,0.4833236651838553,0.05294654925287343,0.08940698945612957,65,0.8164323008921752,-0.007564092207869133,0.014269183186511825,-0.226922766236074,0.42807549559535474,0.48450239603684153,-1.3302562240143256,5.540638090580397
21,2026-05-12 10:11:03.335890,4,0.7,0.6863556368922059,0.4867825654877582,0.05294654925287343,0.08940698945612957,65,0.7776882497016271,0.0012216267502416223,0.0034589003039029453,0.03664880250724867,0.10376700911708836,0.11004874786348645,7.90714706229968,-9.729254594347992
22,2026-05-12 10:11:03.369577,4,0.7333333333333333,0.6810850557575393,0.5008569911498584,0.05294654925287343,0.08940698945612957,65,0.818219144789457,-0.005270581134666608,0.014074425662100154,-0.15811743403999823,0.4222327698630046,0.450867646758534,-5.842987096417407,9.553972822377489
23,2026-05-12 10:11:03.403255,4,0.7666666666666666,0.6759454027679204,0.5118528549206918,0.05294654925287343,0.08940698945612957,65,0.9538129572266908,-0.005139652989618937,0.010995863770833392,-0.1541895896885681,0.32987591312500175,0.3641325962178924,0.11783533054290363,-2.770705702140086
24,2026-05-12 10:11:03.436910,4,0.8,0.6733218451636437,0.5187156529117621,0.05294654925287343,0.08940698945612957,65,0.7674716592485588,-0.002623557604276683,0.0068627979910703685,-0.07870672812830048,0.20588393973211105,0.22041539350117484,2.2644858468080287,-3.719759201786721
25,2026-05-12 10:11:03.470549,4,0.8333333333333334,0.6733521880043079,0.5245892649760915,0.05294654925287343,0.08940698945612957,65,0.7241986202559183,3.0342840664165927e-05,0.005873612064329348,0.0009102852199249778,0.17620836192988043,0.17621071316237655,2.388510400446764,-0.8902673340669187
26,2026-05-12 10:11:03.504221,4,0.8666666666666667,0.6683922977129167,0.5336892322799525,0.05294654925287343,0.08940698945612957,65,0.8126460577345052,-0.0049598902913911,0.009099967303860979,-0.148796708741733,0.27299901911582936,0.31091626681564455,-4.49120981884974,2.9037197155784678
27,2026-05-12 10:11:03.538128,4,0.9,0.6600751988640998,0.5466734822031015,0.05294654925287343,0.08940698945612957,65,0.8825305204626716,-0.008317098848816928,0.01298424992314906,-0.24951296546450785,0.3895274976944718,0.46258879298466515,-3.0214877016832453,3.4958543573592737
28,2026-05-12 10:11:03.571808,4,0.9333333333333333,0.6580153120622928,0.5541469463406997,0.05294654925287343,0.08940698945612957,65,0.8017329041018559,-0.0020598868018070204,0.007473464137598196,-0.06179660405421061,0.22420392412794588,0.2325644423960864,5.631490842308917,-4.959707206995779
29,2026-05-12 10:11:03.605467,4,0.9666666666666667,0.6577027318894735,0.563974348654776,0.05294654925287343,0.08940698945612957,65,0.7613933334767066,-0.00031258017281932116,0.009827402314076306,-0.009377405184579635,0.29482206942228917,0.29497116527965384,1.5725759660889294,2.118544358830299
30,2026-05-12 10:11:03.639189,4,1.0,0.6471443650016913,0.572949138612331,0.05294654925287343,0.08940698945612957,65,0.9329798031597426,-0.010558366887782222,0.008974789957554963,-0.31675100663346667,0.2692436987266489,0.4157203020148534,-9.22120804346661,-0.7673511208692085
31,2026-05-12 10:11:03.672841,4,1.0333333333333332,0.6453617864082376,0.5849896704498008,0.05294654925287343,0.08940698945612957,65,0.9164176882064308,-0.0017825785934536542,0.012040531837469781,-0.053477357803609626,0.36121595512409344,0.365153110398729,7.898209464895712,2.7591676919233366
32,2026-05-12 10:11:03.706479,4,1.0666666666666667,0.6422808144531406,0.5897663696570484,0.05294654925287343,0.08940698945612957,65,0.925689461909714,-0.003080971955097045,0.004776699207247659,-0.09242915865291135,0.14330097621742977,0.1705236615668143,-1.1685540254790516,-6.53744936719991
33,2026-05-12 10:11:03.740126,4,1.1,0.6442826081964694,0.6001300081788246,0.05294654925287343,0.08940698945612957,65,0.8238450306179825,0.0020017937433288724,0.01036363852177613,0.06005381229986617,0.3109091556532839,0.3166559070044099,4.574489128583326,5.028245383075625
34,2026-05-12 10:11:03.773817,4,1.1333333333333333,0.634644302103036,0.6114255266574284,0.05294654925287343,0.08940698945612957,65,0.899568643647913,-0.009638306093433413,0.011295518478603883,-0.2891491828030024,0.3388655543581165,0.44546280860031146,-10.476089853086057,0.8386919611449772
35,2026-05-12 10:11:03.807483,4,1.1666666666666667,0.6300568846331152,0.6221397881596448,0.05294654925287343,0.08940698945612957,65,0.7064056363029947,-0.0045874174699208625,0.010714261502216327,-0.13762252409762588,0.3214278450664898,0.3496509955985954,4.5457997611612955,-0.5231312787488007
36,2026-05-12 10:11:03.841183,4,1.2,0.6312701910915136,0.633802096651179,0.05294654925287343,0.08940698945612957,65,0.8071691507558243,0.0012133064583984554,0.011662308491534268,0.03639919375195366,0.34986925474602804,0.3517575823238688,5.220651535487386,0.853242290386147
37,2026-05-12 10:11:03.874849,4,1.2333333333333334,0.6286618481305498,0.6475989252621454,0.05294654925287343,0.08940698945612957,65,0.7938246637117127,-0.0026083429609637943,0.013796828610966316,-0.07825028882891383,0.4139048583289895,0.421236678661948,-3.4394844774260247,1.9210681074888436
38,2026-05-12 10:11:03.908526,4,1.2666666666666666,0.6233121769946603,0.6539935771779303,0.05294654925287343,0.08940698945612957,65,0.7193325249491168,-0.005349671135889467,0.006394651915784921,-0.160490134076684,0.19183955747354764,0.2501189695876716,-2.467195357433105,-6.661959025663256
39,2026-05-12 10:11:03.942179,4,1.3,0.6229937111358602,0.6672223222195105,0.05294654925287343,0.08940698945612957,65,0.9861276229112866,-0.0003184658588001321,0.013228745041580225,-0.009553975764003964,0.39686235124740676,0.3969773347314922,4.528084749380401,6.150683813215774
40,2026-05-12 10:11:03.975858,4,1.3333333333333333,0.6188594640840807,0.6766669247074987,0.05294654925287343,0.08940698945612957,65,0.9272537313608349,-0.00413424705177956,0.009444602487988174,-0.12402741155338681,0.2833380746396452,0.3092947839151743,-3.4342030736814855,-3.4057282982328463
41,2026-05-12 10:11:04.009534,4,1.3666666666666667,0.6138562493080012,0.6875059411570886,0.05294654925287343,0.08940698945612957,65,0.8707437327411452,-0.0050032147760794565,0.010839016449589955,-0.1500964432823837,0.32517049348769866,0.35814074345298286,-0.7820709518699065,1.2549725654416033
42,2026-05-12 10:11:04.043223,4,1.4,0.6137283816495214,0.6992686750667799,0.05294654925287343,0.08940698945612957,65,0.749023704262475,-0.00012786765847982995,0.011762733909691292,-0.0038360297543948985,0.35288201729073876,0.35290286659569353,4.387812405839664,0.8313457140912028
43,2026-05-12 10:11:04.076893,4,1.4333333333333333,0.615742802099807,0.711741806606364,0.05294654925287343,0.08940698945612957,65,0.8617576405817966,0.002014420450285659,0.01247313153958407,0.060432613508569766,0.3741939461875221,0.3790424912049655,1.92805929788894,0.6393578669035005
44,2026-05-12 10:11:04.110550,4,1.4666666666666666,0.6104288196403256,0.7197132010704145,0.05294654925287343,0.08940698945612957,65,0.989344329200885,-0.005313982459481448,0.007971394464050485,-0.15941947378444343,0.23914183392151456,0.28740804677853765,-6.595562618790396,-4.0515633679802265
45,2026-05-12 10:11:04.144207,4,1.5,0.6088532130094865,0.7278972438725955,0.05294654925287343,0.08940698945612957,65,0.9092125450325544,-0.0015756066308391103,0.00818404280218099,-0.04726819892517331,0.24552128406542972,0.25002996532169336,3.3645382457781037,0.191383504317455
46,2026-05-12 10:11:04.180430,4,1.5333333333333332,0.606287120216936,0.7397578393974693,0.05294654925287343,0.08940698945612957,65,0.8716421256039528,-0.0025660927925504895,0.01186059552487384,-0.07698278377651468,0.3558178657462152,0.36405041214394096,-0.8914375455402412,3.3088974504235646
47,2026-05-12 10:11:04.220687,4,1.5666666666666667,0.6035524503525678,0.7486641039979085,0.05294654925287343,0.08940698945612957,65,0.724540202050766,-0.002734669864368211,0.008906264600439195,-0.08204009593104633,0.26718793801317586,0.27949950189599265,-0.15171936463594937,-2.6588978319911805
48,2026-05-12 10:11:04.254400,4,1.6,0.6046711094137239,0.7587123593075387,0.05294654925287343,0.08940698945612957,65,0.7781349177897312,0.0011186590611561575,0.01004825530963016,0.033559771834684726,0.3014476592889048,0.3033099892459128,3.4679960329719317,1.0277916382718688
49,2026-05-12 10:11:04.292886,4,1.6333333333333333,0.5985819282222754,0.7634608322088021,0.05294654925287343,0.08940698945612957,65,0.7585320389641018,-0.006089181191448523,0.004748472901263456,-0.18267543574345568,0.1424541870379037,0.23165385865271368,-6.487056227344213,-4.769804167530034
50,2026-05-12 10:11:04.327127,4,1.6666666666666667,0.5970036184738806,0.7756857881195617,0.05294654925287343,0.08940698945612957,65,0.9198597602951797,-0.0015783097483947905,0.01222495591075956,-0.047349292451843716,0.3667486773227868,0.36979257403807314,4.059784298748359,6.728834708546494
51,2026-05-12 10:11:04.360925,4,1.7,0.5949409731169029,0.7854150300444057,0.05294654925287343,0.08940698945612957,65,0.8409338546217855,-0.0020626453569777548,0.009729241924844034,-0.06187936070933264,0.29187725774532103,0.29836452347878806,-0.4359020477246678,-2.2461425873239738
52,2026-05-12 10:11:04.395553,4,1.7333333333333334,0.5908448802781849,0.7982672069538034,0.05294654925287343,0.08940698945612957,65,0.7826705257186637,-0.004096092838717924,0.012852176909397661,-0.12288278516153772,0.38556530728192984,0.40467367726164943,-1.8301027335661524,2.8106414860982643
53,2026-05-12 10:11:04.429383,4,1.7666666666666666,0.5919567726263755,0.808573666686267,0.05294654925287343,0.08940698945612957,65,0.7172986635813199,0.0011118923481905352,0.01030645973246358,0.033356770445716055,0.3091937919739074,0.31098790190258546,4.687186668217613,-2.2911454592406733
54,2026-05-12 10:11:04.463117,4,1.8,0.587674039477261,0.8176536712639623,0.05294654925287343,0.08940698945612957,65,0.8726770517157053,-0.004282733149114426,0.009080004577695311,-0.12848199447343278,0.2724001373308593,0.3011801084430083,-4.855162947574465,-1.103809639291442
55,2026-05-12 10:11:04.496806,4,1.8333333333333333,0.5882597663525347,0.8240076048555921,0.05294654925287343,0.08940698945612957,65,0.8897758374445348,0.0005857268752736955,0.0063539335916298345,0.017571806258210865,0.19061800774889504,0.19142620837631902,4.38161402194931,-2.4534638874589287
56,2026-05-12 10:11:04.530476,4,1.8666666666666667,0.581177793128194,0.8368672403349756,0.05294654925287343,0.08940698945612957,65,0.8459784966224677,-0.007081973224340787,0.012859635479383513,-0.21245919673022362,0.3857890643815054,0.440422652087298,-6.900930089653035,5.855131698978311
57,2026-05-12 10:11:04.564247,4,1.9,0.5800035308848056,0.8463314779531129,0.05294654925287343,0.08940698945612957,65,0.7699043445751633,-0.0011742622433883465,0.009464237618137306,-0.035227867301650395,0.28392712854411917,0.2861042064666849,5.316939882857197,-3.055858075121587
58,2026-05-12 10:11:04.598654,4,1.9333333333333333,0.5752153095365666,0.8541709615504242,0.05294654925287343,0.08940698945612957,65,0.8817075438563617,-0.004788221348238975,0.007839483597311236,-0.14364664044716924,0.2351845079193371,0.2755832180612946,-3.2525631943655653,-1.4622786187434622
59,2026-05-12 10:11:04.633221,4,1.9666666666666666,0.5766926675309123,0.8645498925961896,0.05294654925287343,0.08940698945612957,65,0.8470300867976633,0.0014773579943456738,0.010378931045765483,0.044320739830370215,0.3113679313729645,0.31450646522224385,5.639021408326184,2.2855027036088216
60,2026-05-12 10:11:04.667037,4,2.0,0.56921954825656,0.8697303964843298,0.05294654925287343,0.08940698945612957,65,0.8416196420049904,-0.007473119274352347,0.0051805038881401755,-0.2241935782305704,0.15541511664420526,0.27279409634623475,-8.055429541828218,-4.678584441862776
61,2026-05-12 10:11:04.700793,4,2.033333333333333,0.5663660617362111,0.8823409594064751,0.05294654925287343,0.08940698945612957,65,0.8220246892615943,-0.0028534865203488913,0.012610562922145241,-0.08560459561046674,0.3783168876643572,0.38788118577945674,4.15766947860311,6.687053130604559
62,2026-05-12 10:11:04.734990,4,2.0666666666666664,0.5687263091075476,0.8906268816624451,0.05294654925287343,0.08940698945612957,65,0.7003407840571132,0.0023602473713365546,0.008285922255970024,0.07080742114009664,0.24857766767910072,0.25846575741728817,4.692360502516902,-3.892176599557695
63,2026-05-12 10:11:04.768687,4,2.1,0.5633187040829902,0.9029588081649993,0.05294654925287343,0.08940698945612957,65,0.7943011660445584,-0.005407605024557394,0.012331926502554214,-0.1622281507367218,0.3699577950766264,0.40396378925519505,-6.991067156304553,3.6414038219257705
64,2026-05-12 10:11:04.802352,4,2.1333333333333333,0.5582963846593029,0.9103745727815967,0.05294654925287343,0.08940698945612957,65,0.9318985135926959,-0.00502231942368736,0.007415764616597431,-0.1506695827106208,0.22247293849792293,0.2686922617383932,0.34675704078303005,-4.424545697361104
65,2026-05-12 10:11:04.836224,4,2.1666666666666665,0.5558833451986298,0.9209876760379655,0.05294654925287343,0.08940698945612957,65,0.7979065665661895,-0.002413039460673061,0.010613103256368772,-0.07239118382019183,0.31839309769106316,0.32651898589852274,2.3483519667128694,2.877604775794207
66,2026-05-12 10:11:04.870313,4,2.2,0.5517075470690715,0.9287588744001375,0.05294654925287343,0.08940698945612957,65,0.8747019549427747,-0.004175798129558261,0.007771198362171994,-0.12527394388674784,0.2331359508651598,0.26466192133123767,-1.5864828019966803,-2.5577144047771005
67,2026-05-12 10:11:04.903999,4,2.2333333333333334,0.5533045542132506,0.9372101584299306,0.05294654925287343,0.08940698945612957,65,0.8147207859736837,0.0015970071441790967,0.008451284029793116,0.0479102143253729,0.2535385208937935,0.2580255224076016,5.195524746363622,0.6120771008590098
68,2026-05-12 10:11:04.937668,4,2.2666666666666666,0.5454496688124696,0.9473098707359824,0.05294654925287343,0.08940698945612957,65,0.7015313482834333,-0.007854885400781053,0.010099712306051778,-0.2356465620234316,0.30299136918155334,0.38383990411625435,-8.506703290464134,1.483585448632796
69,2026-05-12 10:11:04.971354,4,2.3,0.5414808247457636,0.9465000732593496,0.05294654925287343,0.08940698945612957,65,0.8901219584547431,-0.0039688440667059455,-0.0008097974766327898,-0.11906532200117836,-0.024293924298983693,0.12151849925459514,3.497437200667597,-9.818558804416112
70,2026-05-12 10:11:05.005123,4,2.3333333333333335,0.5371425988128453,0.9424927533607914,0.05294654925287343,0.08940698945612957,65,0.8694232010488561,-0.004338225932918327,-0.0040073198985581815,-0.1301467779875498,-0.12021959695674544,0.17717487212633426,-0.3324436795911434,-2.8777701797328525
71,2026-05-12 10:11:05.038842,4,2.3666666666666667,0.5330050443203631,0.9301720803144852,0.05294654925287343,0.08940698945612957,65,0.826207950980063,-0.004137554492482209,-0.01232067304630624,-0.12412663477446628,-0.3696201913891872,0.3899057672605179,0.18060429639250586,-7.482017832973254
72,2026-05-12 10:11:05.072510,4,2.4,0.5314508685354585,0.9211753943294843,0.05294654925287343,0.08940698945612957,65,0.7251329423990919,-0.0015541757849045768,-0.008996685985000918,-0.0466252735471373,-0.26990057955002755,0.2738982274035123,2.3250408368198694,2.99158835517479
73,2026-05-12 10:11:05.106197,4,2.433333333333333,0.5264650013162124,0.9127247287601176,0.05294654925287343,0.08940698945612957,65,0.9871398378688714,-0.0049858672192460984,-0.008450665569366689,-0.14957601657738295,-0.25351996708100066,0.2943558364359525,-3.0885222909073695,0.4914183740708067
74,2026-05-12 10:11:05.139855,4,2.466666666666667,0.5180402005368256,0.9052141836831404,0.05294654925287343,0.08940698945612957,65,0.882409697952293,-0.008424800779386787,-0.0075105450769771265,-0.2527440233816036,-0.2253163523093138,0.3385956289928968,-3.09504020412662,0.8461084431506061
75,2026-05-12 10:11:05.173489,4,2.5,0.5176367236212692,0.8896883007127864,0.05294654925287343,0.08940698945612957,65,0.959938630644783,-0.0004034769155564222,-0.015525882970354066,-0.012104307466692665,-0.46577648911062197,0.46593374214309224,7.219191477447329,-7.213804104039245
76,2026-05-12 10:11:05.207142,4,2.533333333333333,0.5133119893025474,0.8820002524192379,0.05294654925287343,0.08940698945612957,65,0.7031656157538514,-0.0043247343187218235,-0.007688048293548522,-0.1297420295616547,-0.23064144880645565,0.264628932927445,-3.529131662848861,7.05405120912499
77,2026-05-12 10:11:05.240993,4,2.5666666666666664,0.5100029884775769,0.8725733600103457,0.05294654925287343,0.08940698945612957,65,0.7916158892673338,-0.0033090008249705427,-0.009426892408892162,-0.09927002474911628,-0.28280677226676487,0.29972355305120074,0.9141601443761527,-1.5649597038092766
78,2026-05-12 10:11:05.285661,4,2.6,0.5091166558573412,0.8605055339734998,0.05294654925287343,0.08940698945612957,65,0.7061756375669753,-0.0008863326202356303,-0.012067826036845863,-0.02658997860706891,-0.3620347811053759,0.36300993056986997,2.180401384261421,-2.376840265158331
79,2026-05-12 10:11:05.319406,4,2.6333333333333333,0.5019475359382483,0.8540395989373167,0.05294654925287343,0.08940698945612957,65,0.9368925021747371,-0.00716911991909297,-0.00646593503618309,-0.2150735975727891,-0.1939780510854927,0.28962758272621075,-5.654508568971606,5.041701900596496
80,2026-05-12 10:11:05.353102,4,2.6666666666666665,0.499166262980275,0.8443659320304624,0.05294654925287343,0.08940698945612957,65,0.7389693947531192,-0.0027812729579732576,-0.009673666906854339,-0.08343818873919773,-0.29021000720563017,0.301966520697858,3.949062265007741,-2.886958683604124
81,2026-05-12 10:11:05.386862,4,2.7,0.4938500957042433,0.837046544517308,0.05294654925287343,0.08940698945612957,65,0.9861649456777004,-0.00531616727603168,-0.007319387513154418,-0.1594850182809504,-0.21958162539463255,0.27138821136339697,-2.2814048862525804,2.1188514543299286
82,2026-05-12 10:11:05.420616,4,2.7333333333333334,0.4889081067086062,0.8274352201790478,0.05294654925287343,0.08940698945612957,65,0.7064079132910651,-0.0049419889956371366,-0.009611324338260174,-0.1482596698691141,-0.28833973014780523,0.32422327136004264,0.33676045235508933,-2.0627431425951803
83,2026-05-12 10:11:05.454413,4,2.7666666666666666,0.4859377161784579,0.8118524977761621,0.05294654925287343,0.08940698945612957,65,0.9437970793654759,-0.0029703905301483036,-0.015582722402885718,-0.08911171590444911,-0.46748167208657154,0.4758991612183111,1.7744386189399497,-5.37425825816299
84,2026-05-12 10:11:05.488207,4,2.8,0.48296135732094686,0.8021090873201091,0.05294654925287343,0.08940698945612957,65,0.9644276668263004,-0.002976358857511019,-0.009743410456052981,-0.08929076572533057,-0.29230231368158943,0.3056361945637757,-0.005371494626443818,5.255380752149463
85,2026-05-12 10:11:05.522600,4,2.8333333333333335,0.4810863858152066,0.7900279692789505,0.05294654925287343,0.08940698945612957,65,0.8186250664688356,-0.001874971505740286,-0.012081118041158634,-0.05624914517220858,-0.362433541234759,0.36677246099533145,0.9912486165936596,-2.1039368265950875
86,2026-05-12 10:11:05.556347,4,2.8666666666666667,0.475866187091161,0.7768968501747451,0.05294654925287343,0.08940698945612957,65,0.7079909946825776,-0.005220198724045555,-0.013131119104205391,-0.15660596172136665,-0.39393357312616173,0.4239210861500276,-3.0107044964747423,-0.9450009567420814
87,2026-05-12 10:11:05.590055,4,2.9,0.47035373271311115,0.7725742371669289,0.05294654925287343,0.08940698945612957,65,0.7256555459859237,-0.005512454378049869,-0.004322613007816223,-0.16537363134149607,-0.12967839023448668,0.21015452133342472,-0.2630300886038828,7.927655486750251
88,2026-05-12 10:11:05.623731,4,2.933333333333333,0.4653830456802642,0.756898537587261,0.05294654925287343,0.08940698945612957,65,0.8486572608546185,-0.0049706870328469765,-0.015675699579667857,-0.1491206109854093,-0.4702709873900357,0.4933475024781831,0.48759061068260334,-10.21777791466647
89,2026-05-12 10:11:05.657438,4,2.966666666666667,0.4602780820031996,0.7490219895467352,0.05294654925287343,0.08940698945612957,65,0.831616648946077,-0.005104963677064589,-0.007876548040525844,-0.15314891031193767,-0.2362964412157753,0.2815858605487397,-0.12084897979585119,7.019236385227812
90,2026-05-12 10:11:05.691109,4,3.0,0.45671607924473945,0.7347956828928779,0.05294654925287343,0.08940698945612957,65,0.8253715869622791,-0.0035620027584601366,-0.014226306653857268,-0.1068600827538041,-0.42678919961571804,0.43996374645506314,1.3886648267440072,-5.714782751998282
91,2026-05-12 10:11:05.725031,4,3.033333333333333,0.4529244513369122,0.7216780524823276,0.05294654925287343,0.08940698945612957,65,0.9805891239268245,-0.003791627907827222,-0.013117630410550252,-0.11374883723481666,-0.39352891231650755,0.4096386246452919,-0.2066626344303768,0.9978086189763147
92,2026-05-12 10:11:05.758722,4,3.0666666666666664,0.45195624061747014,0.7137048921438467,0.05294654925287343,0.08940698945612957,65,0.7390277883308426,-0.0009682107194420864,-0.007973160338480945,-0.02904632158326259,-0.23919481015442834,0.2409519578719611,2.5410754695466222,4.630023064862376
93,2026-05-12 10:11:05.792530,4,3.1,0.44542118087076915,0.6995525182205621,0.05294654925287343,0.08940698945612957,65,0.8706271675757257,-0.0065350597467009885,-0.014152373923284611,-0.19605179240102966,-0.42457121769853834,0.4676505364069158,-5.010164124533012,-5.5612922263233004
94,2026-05-12 10:11:05.826368,4,3.1333333333333333,0.44195047870788745,0.6868645238906979,0.05294654925287343,0.08940698945612957,65,0.76475912115517,-0.0034707021628817003,-0.012687994329864227,-0.10412106488645101,-0.3806398298959268,0.39462371476672387,2.7579218254373594,1.3179416340783456
95,2026-05-12 10:11:05.860059,4,3.1666666666666665,0.44334481307143997,0.6780653324907172,0.05294654925287343,0.08940698945612957,65,0.9888278957882803,0.0013943343635525185,-0.008799191399980644,0.041830030906575555,-0.2639757419994193,0.2672694218383185,4.378532873790797,3.499922636895225
96,2026-05-12 10:11:05.893867,4,3.2,0.43976813060059883,0.6691107803803733,0.05294654925287343,0.08940698945612957,65,0.9153961559146835,-0.0035766824708411415,-0.008954552110343905,-0.10730047412523425,-0.26863656331031716,0.28927321841933124,-4.473915150954294,-0.13982463932693534
97,2026-05-12 10:11:05.931422,4,3.2333333333333334,0.4320475113156636,0.6589675879129624,0.05294654925287343,0.08940698945612957,65,0.8659619737830256,-0.007720619284935226,-0.01014319246741091,-0.23161857854805679,-0.3042957740223273,0.38241742117281957,-3.729543132684676,-1.069776321360305
98,2026-05-12 10:11:05.965147,4,3.2666666666666666,0.42988881241343474,0.6438777922000689,0.05294654925287343,0.08940698945612957,65,0.9386249203035019,-0.0021586989022288616,-0.015089795712893483,-0.06476096706686585,-0.4526938713868045,0.45730266131590397,5.005728344435728,-4.451942920934315
99,2026-05-12 10:11:05.998873,4,3.3,0.42430992506719095,0.6305321578253837,0.05294654925287343,0.08940698945612957,65,0.7503478165383174,-0.005578887346243788,-0.013345634374685167,-0.16736662038731365,-0.400369031240555,0.433943483412727,-3.078169599613434,1.5697452043874849
100,2026-05-12 10:11:06.032600,4,3.3333333333333335,0.42538360922735036,0.616772101318457,0.05294654925287343,0.08940698945612957,65,0.8575605521092884,0.001073684160159405,-0.013760056506926799,0.03221052480478215,-0.41280169520780396,0.4140564665291875,5.987314355762874,-0.37297991901746874
101,2026-05-12 10:11:06.066277,4,3.3666666666666667,0.4202556555097956,0.6099572151865289,0.05294654925287343,0.08940698945612957,65,0.8438610009551941,-0.005127953717554756,-0.006814886131928044,-0.1538386115266427,-0.20444658395784132,0.25586075136385406,-5.581474089942745,6.250653337498879
102,2026-05-12 10:11:06.099960,4,3.4,0.41636172896360313,0.5986842173926076,0.05294654925287343,0.08940698945612957,65,0.8939632831554204,-0.003893926546192472,-0.011272997793921324,-0.11681779638577416,-0.33818993381763973,0.35779718960328316,1.1106244542260557,-4.012300495793952
103,2026-05-12 10:11:06.133947,4,3.433333333333333,0.41506905865309524,0.5883677212099329,0.05294654925287343,0.08940698945612957,65,0.9416123399666618,-0.001292670310507893,-0.010316496182674717,-0.03878010931523679,-0.3094948854802415,0.3119150221084735,2.3411306121161215,0.8608514501219466
104,2026-05-12 10:11:06.167716,4,3.466666666666667,0.4134663933266773,0.5798876250630658,0.05294654925287343,0.08940698945612957,65,0.7180009849725796,-0.0016026653264179513,-0.008480096146867067,-0.04807995979253854,-0.254402884406012,0.2589063732853072,-0.27899551431905256,1.6527600322268854
105,2026-05-12 10:11:06.201526,4,3.5,0.4120906237845857,0.56689558087824,0.05294654925287343,0.08940698945612957,65,0.8336485516452695,-0.001375769542091565,-0.012992044184825802,-0.04127308626274695,-0.38976132554477405,0.3919405038268838,0.20420620589374772,-4.060753234162862
106,2026-05-12 10:11:06.235241,4,3.533333333333333,0.40830261289178194,0.5574960923663906,0.05294654925287343,0.08940698945612957,65,0.7304486940032436,-0.0037880108928037837,-0.009399488511849352,-0.11364032678411351,-0.28198465535548056,0.30402215334996435,-2.171017215640997,3.2333001056788047
107,2026-05-12 10:11:06.271046,4,3.5666666666666664,0.40569445257858056,0.544518984693454,0.05294654925287343,0.08940698945612957,65,0.8644085479523556,-0.0026081603132013798,-0.012977107672936694,-0.07824480939604139,-0.3893132301881008,0.3970982767488623,1.0618655216421635,-3.219857244978608
108,2026-05-12 10:11:06.305532,4,3.6,0.39921314862635765,0.5383974111745712,0.05294654925287343,0.08940698945612957,65,0.8355550938608389,-0.0064813039522229055,-0.006121573518882761,-0.19443911856668716,-0.18364720556648284,0.26745628977716757,-3.4858292751193733,6.1699807386485395
109,2026-05-12 10:11:06.339647,4,3.6333333333333333,0.39887709535941407,0.527572838402137,0.05294654925287343,0.08940698945612957,65,0.962418606227105,-0.0003360532669435812,-0.010824572772434204,-0.010081598008307435,-0.32473718317302613,0.324893639139877,5.530725616751392,-4.232699328196299
110,2026-05-12 10:11:06.373357,4,3.6666666666666665,0.3983452134836636,0.5228494582890965,0.05294654925287343,0.08940698945612957,65,0.9051045120133837,-0.000531881875750484,-0.004723380113040521,-0.01595645627251452,-0.14170140339121562,0.14259697128556653,-0.1762457479262125,5.491073393454315
111,2026-05-12 10:11:06.407041,4,3.6999999999999997,0.3925775326568707,0.5074150196841607,0.05294654925287343,0.08940698945612957,65,0.8629211757305862,-0.005767680826792909,-0.015434438604935763,-0.17303042480378727,-0.4630331581480729,0.49430682116713437,-4.712219055938183,-9.639952642705719
112,2026-05-12 10:11:06.440797,4,3.7333333333333334,0.39057509857540174,0.497219829242754,0.05294654925287343,0.08940698945612957,65,0.8959498359260893,-0.00200243408146894,-0.01019519044140671,-0.0600730224440682,-0.3058557132422013,0.3116993508951554,3.388722070791572,4.715323347176148
113,2026-05-12 10:11:06.474509,4,3.7666666666666666,0.38838535357550097,0.48613808032614103,0.05294654925287343,0.08940698945612957,65,0.7027514114820437,-0.0021897449999007668,-0.011081748916612955,-0.065692349997023,-0.33245246749838864,0.338880698762704,-0.168579826588644,-0.7979026276856205
114,2026-05-12 10:11:06.512406,4,3.8,0.38365671286796,0.47787399260188496,0.05294654925287343,0.08940698945612957,65,0.9136310928784791,-0.004728640707540976,-0.008264087724256075,-0.1418592212262293,-0.24792263172768225,0.2856390553998039,-2.2850061368761887,2.535895073121192
115,2026-05-12 10:11:06.545944,4,3.8333333333333335,0.37974582151458175,0.464429167132194,0.05294654925287343,0.08940698945612957,65,0.7171884642563467,-0.003910891353378243,-0.013444825469690946,-0.11732674060134729,-0.4033447640907284,0.42006257007681747,0.7359744187464601,-4.662663970891384
116,2026-05-12 10:11:06.579629,4,3.8666666666666667,0.3777363253026274,0.4543260598638245,0.05294654925287343,0.08940698945612957,65,0.8690815329054054,-0.0020094962119543425,-0.010103107268369493,-0.060284886358630274,-0.3030932180510848,0.309030364773165,1.7112556272815105,3.0075463811893077
117,2026-05-12 10:11:06.613318,4,3.9,0.37172703074645785,0.43837727045696595,0.05294654925287343,0.08940698945612957,65,0.9116407698077913,-0.006009294556169553,-0.015948789406858566,-0.1802788366850866,-0.47846368220575697,0.5113002583085792,-3.59981850979369,-5.261113924640165
118,2026-05-12 10:11:06.646999,4,3.933333333333333,0.37178004636213413,0.4318100690542835,0.05294654925287343,0.08940698945612957,65,0.8280988847904085,5.301561567627733e-05,-0.0065672014026824654,0.0015904684702883198,-0.19701604208047396,0.1970224617321844,5.456079154661247,8.443429203758491
119,2026-05-12 10:11:06.681354,4,3.966666666666667,0.367684098987901,0.4188780441711726,0.05294654925287343,0.08940698945612957,65,0.7534289825090268,-0.004095947374233133,-0.012932024883110904,-0.122878421226994,-0.3879607464933271,0.40695533811819967,-3.7340666909184694,-5.728341132385595
120,2026-05-12 10:11:06.716295,4,4.0,0.36931779637980366,0.4105920055137264,0.05294654925287343,0.08940698945612957,65,0.9209939229119876,0.0016336973919026665,-0.008286038657446204,0.049010921757079995,-0.24858115972338612,0.25336665806870134,5.15668028952222,4.18138760309823
121,2026-05-12 10:11:06.750922,4,4.033333333333333,0.37005816179484874,0.3990390979648651,0.05294654925287343,0.08940698945612957,65,0.7079424492732714,0.0007403654150450745,-0.011552907548861291,0.022210962451352234,-0.3465872264658387,0.34729818946014956,-0.8039987791718328,-2.9401820022735783
122,2026-05-12 10:11:06.784865,4,4.066666666666666,0.3665530902937138,0.38935840405822414,0.05294654925287343,0.08940698945612957,65,0.8354970330286174,-0.0035050715011349376,-0.009680693906640947,-0.10515214503404813,-0.2904208171992284,0.308870886727657,-3.820893224562011,1.6849922779983095
123,2026-05-12 10:11:06.818390,4,4.1,0.36301689619400257,0.38087713308224314,0.05294654925287343,0.08940698945612957,65,0.7353766838865932,-0.0035361940997112318,-0.008481270975981003,-0.10608582299133695,-0.2544381292794301,0.27566821265964864,-0.028010338718664762,1.0794806375939492
124,2026-05-12 10:11:06.852182,4,4.133333333333333,0.36232012144521164,0.3677999719798572,0.05294654925287343,0.08940698945612957,65,0.7563599205897152,-0.0006967747487909293,-0.013077161102385937,-0.020903242463727878,-0.3923148330715781,0.39287131963720334,2.5554774158282725,-4.13630111376444
125,2026-05-12 10:11:06.885916,4,4.166666666666667,0.3616248442318869,0.35807123272456476,0.05294654925287343,0.08940698945612957,65,0.8083861308908628,-0.0006952772133247409,-0.00972873925529244,-0.020858316399742227,-0.2918621776587732,0.29260656197486934,0.001347781919569524,3.013579662384147
126,2026-05-12 10:11:06.919615,4,4.2,0.36213495543442537,0.3484188641439721,0.05294654925287343,0.08940698945612957,65,0.9055601128138318,0.0005101112025384658,-0.009652368580592652,0.015303336076153973,-0.28957105741777955,0.28997515305472416,1.084849574276886,0.06873360722980948
127,2026-05-12 10:11:06.953913,4,4.233333333333333,0.3612476076474698,0.3386499403476632,0.05294654925287343,0.08940698945612957,65,0.8694806994050446,-0.0008873477869555391,-0.009768923796308893,-0.026620433608666172,-0.2930677138892668,0.29427424693607585,-1.2577130905446043,-0.10489969414461675
128,2026-05-12 10:11:06.988772,4,4.266666666666667,0.3540705535670887,0.3307288828500377,0.05294654925287343,0.08940698945612957,65,0.9147929938483527,-0.007177054080381107,-0.007921057497625505,-0.2153116224114332,-0.23763172492876516,0.32066794576019586,-5.660735664083011,1.6630796688150484
129,2026-05-12 10:11:07.022526,4,4.3,0.358756343042724,0.3171560967153466,0.05294654925287343,0.08940698945612957,65,0.8447426369835983,0.004685789475635305,-0.013572786134691095,0.14057368426905914,-0.40718358404073285,0.43076609873716115,10.67655920041477,-5.086555773359031
130,2026-05-12 10:11:07.056352,4,4.333333333333333,0.359474276403533,0.30645842695717285,0.05294654925287343,0.08940698945612957,65,0.7128918292041088,0.0007179333608089977,-0.010697669758173767,0.02153800082426993,-0.320930092745213,0.32165200125128596,-3.5710705033436763,2.5876047388655956
131,2026-05-12 10:11:07.090046,4,4.366666666666666,0.35963474867063194,0.29715716353649435,0.05294654925287343,0.08940698945612957,65,0.916786996856594,0.00016047226709892115,-0.009301263420678496,0.0048141680129676345,-0.2790379026203549,0.2790794283218018,-0.5017149843390689,1.2567657037457436
132,2026-05-12 10:11:07.123789,4,4.4,0.3545937843414315,0.28907611907762604,0.05294654925287343,0.08940698945612957,65,0.7217364676052362,-0.005040964329200426,-0.008081044458868314,-0.15122892987601277,-0.24243133376604942,0.2857326387079881,-4.681292936669412,1.098197065629164
133,2026-05-12 10:11:07.157482,4,4.433333333333334,0.3559615035060213,0.2749236844875539,0.05294654925287343,0.08940698945612957,65,0.8726216374269108,0.0013677191645897757,-0.01415243459007215,0.04103157493769327,-0.4245730377021645,0.42655111591169365,5.767815144411181,-5.464251118083452
134,2026-05-12 10:11:07.191166,4,4.466666666666667,0.3526921125901762,0.2679759292247894,0.05294654925287343,0.08940698945612957,65,0.8306671490359085,-0.003269390915845105,-0.006947755262764477,-0.09808172747535315,-0.2084326578829343,0.23035667591084436,-4.173399072391393,6.4842113945769055
135,2026-05-12 10:11:07.225365,4,4.5,0.35063678306230256,0.255079022054627,0.05294654925287343,0.08940698945612957,65,0.7392014022123542,-0.0020553295278736283,-0.012896907170162397,-0.06165988583620885,-0.3869072151048719,0.39178965609309024,1.092655249174329,-5.354236716658129
136,2026-05-12 10:11:07.259334,4,4.533333333333333,0.3519800561607334,0.24847565781068634,0.05294654925287343,0.08940698945612957,65,0.8457465839865678,0.0013432730984308527,-0.006603364243940674,0.04029819295292558,-0.1981009273182202,0.20215816025975797,3.058742363674033,5.664188633599551
137,2026-05-12 10:11:07.293075,4,4.566666666666666,0.347856335980909,0.2359954359941473,0.05294654925287343,0.08940698945612957,65,0.9257304981064275,-0.0041237201798244305,-0.012480221816539044,-0.12371160539473292,-0.37440665449617133,0.3943157418115051,-4.920293950429755,-5.289171815338534
138,2026-05-12 10:11:07.327004,4,4.6,0.34998552342696865,0.2220097145116374,0.05294654925287343,0.08940698945612957,65,0.8007696739266398,0.002129187446059666,-0.0139857214825099,0.06387562338178998,-0.419571644475297,0.42440600856976246,5.627616863295687,-1.3549496993737697
139,2026-05-12 10:11:07.361506,4,4.633333333333333,0.34745243675291887,0.21452644666983012,0.05294654925287343,0.08940698945612957,65,0.935954831282668,-0.002533086674049778,-0.0074832678418072784,-0.07599260022149334,-0.22449803525421835,0.23701106117949006,-4.1960467080985,5.852208276632359
140,2026-05-12 10:11:07.395534,4,4.666666666666667,0.3462778283989659,0.2071486611594506,0.05294654925287343,0.08940698945612957,65,0.877990967555372,-0.001174608353952944,-0.007377785510379514,-0.03523825061858832,-0.22133356531138543,0.22412113117711094,1.2226304880871508,0.09493409828498778
141,2026-05-12 10:11:07.429316,4,4.7,0.3428202053967895,0.19698907302823476,0.05294654925287343,0.08940698945612957,65,0.7298275507927747,-0.0034576230021764465,-0.010159588131215841,-0.1037286900652934,-0.3047876439364752,0.3219551972542287,-2.0547131834011525,-2.5036223587526942
142,2026-05-12 10:11:07.463002,4,4.733333333333333,0.3422929122104355,0.18084792401465835,0.05294654925287343,0.08940698945612957,65,0.8338164826644596,-0.000527293186353972,-0.01614114901357641,-0.01581879559061916,-0.48423447040729234,0.48449278284053793,2.637296834240227,-5.383404794124513
143,2026-05-12 10:11:07.511219,4,4.766666666666667,0.34366892216526185,0.1726750560829041,0.05294654925287343,0.08940698945612957,65,0.8982326946739881,0.0013760099548263405,-0.008172867931754257,0.041280298644790214,-0.24518603795262772,0.24863679587524945,1.7129728270622813,7.171452973639939
144,2026-05-12 10:11:07.546575,4,4.8,0.3428828237656828,0.15919333903064858,0.05294654925287343,0.08940698945612957,65,0.9550979491414773,-0.0007860983995790494,-0.01348171705225551,-0.02358295198737148,-0.4044515115676653,0.40513847118461604,-1.9458975189648509,-4.777964208451127
145,2026-05-12 10:11:07.580317,4,4.833333333333333,0.3418411519056135,0.15565522929801223,0.05294654925287343,0.08940698945612957,65,0.8193314575748172,-0.0010416718600693153,-0.003538109732636352,-0.03125015580207946,-0.10614329197909056,0.11064795827222801,-0.23001611444123937,8.949246587657242
146,2026-05-12 10:11:07.618732,4,4.866666666666666,0.3382687690757748,0.14319176089646563,0.05294654925287343,0.08940698945612957,65,0.8190762248606385,-0.003572382829838683,-0.012463468401546607,-0.10717148489516048,-0.3739040520463982,0.38896011018014337,-2.277639872792431,-8.03282280201923
147,2026-05-12 10:11:07.652488,4,4.9,0.338876953606911,0.12884776350663676,0.05294654925287343,0.08940698945612957,65,0.7901557164629495,0.0006081845311362022,-0.01434399738982886,0.018245535934086066,-0.4303199216948658,0.4307065527583687,3.7625106248773967,-1.6924760894540287
148,2026-05-12 10:11:07.686181,4,4.933333333333334,0.3391040629500691,0.12079867978432851,0.05294654925287343,0.08940698945612957,65,0.8028292781276498,0.00022710934315811615,-0.008049083722308253,0.0068132802947434845,-0.2414725116692476,0.24156861277953653,-0.34296766918027743,5.6654223007685465
149,2026-05-12 10:11:07.720497,4,4.966666666666667,0.3379124910540743,0.11173849077702827,0.05294654925287343,0.08940698945612957,65,0.8421605626824554,-0.0011915718959948363,-0.00906018900730024,-0.03574715687984509,-0.2718056702190072,0.2741462777208473,-1.2768131152376572,-0.9099947564927879
150,2026-05-12 10:11:07.754225,4,5.0,0.3402921070690231,0.09515744754742145,0.05294654925287343,0.08940698945612957,65,0.701925967192732,0.0023796160149487933,-0.016581043229606823,0.0713884804484638,-0.4974312968882047,0.5025278203887045,3.214069119849267,-6.768768800075925
151,2026-05-12 10:11:07.787953,4,5.033333333333333,0.34004908195716793,0.08485458518722358,0.05294654925287343,0.08940698945612957,65,0.7394017584753204,-0.00024302511185514408,-0.010302862360197867,-0.0072907533556543225,-0.309085870805936,0.3091718464161262,-2.360377014123544,5.6503627824680605
152,2026-05-12 10:11:07.822530,4,5.066666666666666,0.3384587472778063,0.07434127642534209,0.05294654925287343,0.08940698945612957,65,0.799192030577719,-0.001590334679361649,-0.010513308761881487,-0.04771004038084947,-0.31539926285644465,0.3189873711662124,-1.2125786107558545,-0.18940176151525878
153,2026-05-12 10:11:07.856285,4,5.1,0.3341325923574598,0.0622810233017049,0.05294654925287343,0.08940698945612957,65,0.9695323516307925,-0.004326154920346492,-0.01206025312363719,-0.12978464761039477,-0.36180759370911575,0.3843810474268144,-2.462238216886359,-1.392249925580133
154,2026-05-12 10:11:07.889956,4,5.133333333333333,0.341334993945416,0.05046812842101387,0.05294654925287343,0.08940698945612957,65,0.7751530987032065,0.007202401587956209,-0.011812894880691031,0.21607204763868626,-0.3543868464207309,0.41506284667120646,10.375700857472431,0.22262241865154464
155,2026-05-12 10:11:07.924036,4,5.166666666666667,0.34073686386460245,0.05123640612102086,0.05294654925287343,0.08940698945612957,65,0.9603141871476328,-0.0005981300808135526,0.0007682777000069876,-0.017943902424406577,0.02304833100020963,0.029209744882690236,-7.020478501892785,11.323055322628218
156,2026-05-12 10:11:07.957840,4,5.2,0.33824007038401854,0.06259949582080446,0.05294654925287343,0.08940698945612957,65,0.7982620048144422,-0.002496793480583903,0.011363089699783599,-0.0749038044175171,0.340892690993508,0.34902493705896287,-1.7087970597933155,9.53533079979895
157,2026-05-12 10:11:07.991676,4,5.233333333333333,0.342262313966681,0.07766846754334535,0.05294654925287343,0.08940698945612957,65,0.959907738232946,0.004022243582662455,0.015068971722540889,0.12066730747987364,0.4520691516762267,0.46789648106360626,5.867133356921722,3.335293820481561
158,2026-05-12 10:11:08.025365,4,5.266666666666667,0.3418235536481001,0.09184431887844137,0.05294654925287343,0.08940698945612957,65,0.9037708048995333,-0.0004387603185809219,0.014175851335096024,-0.013162809557427657,0.4252755400528807,0.42547919399509354,-4.014903511119039,-0.8038083487003794
159,2026-05-12 10:11:08.059136,4,5.3,0.3422331050600277,0.10532712725739349,0.05294654925287343,0.08940698945612957,65,0.7189119302930799,0.00040955141192761113,0.013482808378952119,0.012286542357828334,0.4044842513685636,0.4046708152663076,0.7634805574576797,-0.6237386605295137
160,2026-05-12 10:11:08.092650,4,5.333333333333333,0.34212884044753794,0.1162622477043574,0.05294654925287343,0.08940698945612957,65,0.895472018902352,-0.00010426461248974617,0.010935120446963917,-0.003127938374692385,0.32805361340891753,0.3280685252643469,-0.46243442197562157,-2.2929191387893817
161,2026-05-12 10:11:08.126148,4,5.366666666666666,0.3372158641123434,0.12846327606968658,0.05294654925287343,0.08940698945612957,65,0.7416272941733055,-0.004912976335194552,0.012201028365329172,-0.14738929005583656,0.3660308509598752,0.3945911639628717,-4.327840550434326,1.13931712652873
162,2026-05-12 10:11:08.159683,4,5.4,0.3417470092149423,0.1435863233945584,0.05294654925287343,0.08940698945612957,65,0.7380606523955363,0.004531145102598888,0.015123047324871824,0.13593435307796664,0.45369141974615473,0.4736180451566503,8.499709294014096,2.629817063588386
163,2026-05-12 10:11:08.193198,4,5.433333333333334,0.33759570091719254,0.15609503437461797,0.05294654925287343,0.08940698945612957,65,0.919258211791208,-0.004151308297749734,0.012508710980059567,-0.12453924893249202,0.375261329401787,0.3953872656890529,-7.81420806031376,-2.352902710331031
164,2026-05-12 10:11:08.226707,4,5.466666666666667,0.3411077720816525,0.166806435667059,0.05294654925287343,0.08940698945612957,65,0.7274898646640737,0.003512071164459951,0.010711401292441025,0.10536213493379853,0.32134203877323075,0.3381743416652785,6.897041515988716,-1.6175787188566881
165,2026-05-12 10:11:08.261160,4,5.5,0.3383512217363598,0.18328817391008168,0.05294654925287343,0.08940698945612957,65,0.83289581939506,-0.0027565503452927076,0.01648173824302268,-0.08269651035878123,0.49445214729068043,0.5013198966586951,-5.641759358777393,5.193303255523491
166,2026-05-12 10:11:08.295321,4,5.533333333333333,0.3386637003912425,0.19291201462083363,0.05294654925287343,0.08940698945612957,65,0.9416740509712834,0.00031247865488270854,0.009623840710751952,0.009374359646481256,0.28871522132255856,0.28886737033129156,2.7621261001578747,-6.172107779043657
167,2026-05-12 10:11:08.329048,4,5.566666666666666,0.3380190992230284,0.20976341869969292,0.05294654925287343,0.08940698945612957,65,0.7598605977797841,-0.0006446011682140762,0.016851404078859294,-0.019338035046422286,0.5055421223657789,0.5059118471488415,-0.8613718407871063,6.50480703129661
168,2026-05-12 10:11:08.362714,4,5.6,0.33510443961268116,0.21865939207160912,0.05294654925287343,0.08940698945612957,65,0.9113722429758538,-0.002914659610347259,0.008895973371916194,-0.08743978831041777,0.2668792011574858,0.28083843146946336,-2.0430525979198646,-7.159887636248793
169,2026-05-12 10:11:08.396384,4,5.633333333333333,0.3346786514125451,0.23011030200774618,0.05294654925287343,0.08940698945612957,65,0.9628191628991527,-0.0004257882001360569,0.011450909936137066,-0.012773646004081707,0.343527298084112,0.3437647023200723,2.239984269190082,2.299442907798785
170,2026-05-12 10:11:08.430121,4,5.666666666666667,0.33333458619225587,0.24301879748535943,0.05294654925287343,0.08940698945612957,65,0.9790150840352282,-0.0013440652202892367,0.012908495477613247,-0.0403219566086771,0.3872548643283974,0.3893484173985526,-0.8264493181378618,1.3118269873285626
171,2026-05-12 10:11:08.463773,4,5.7,0.3320312853522413,0.2566680090836788,0.05294654925287343,0.08940698945612957,65,0.9442751405779078,-0.0013033008400145651,0.013649211598319388,-0.039099025200436954,0.40947634794958165,0.4113388059759877,0.0366879422472044,0.6666445086355277
172,2026-05-12 10:11:08.497437,4,5.733333333333333,0.33685234208618087,0.26426726755865126,0.05294654925287343,0.08940698945612957,65,0.8614551160747231,0.004821056733939566,0.007599258474972448,0.14463170201818698,0.22797775424917344,0.26998552861435765,5.5119218165587185,-5.444957811012246
173,2026-05-12 10:11:08.531125,4,5.766666666666667,0.3312630891931256,0.2767931083425814,0.05294654925287343,0.08940698945612957,65,0.9703018264349494,-0.005589252893055285,0.012525840783930153,-0.16767758679165856,0.3757752235179046,0.4114885073999095,-9.369278664295367,4.433924078061935
174,2026-05-12 10:11:08.566104,4,5.8,0.33043874482655694,0.2917416176000092,0.05294654925287343,0.08940698945612957,65,0.8672485352678051,-0.0008243443665686412,0.0149485092574278,-0.024730330997059236,0.448455277722834,0.4491366444509825,4.28841767383798,2.1804016261478822
175,2026-05-12 10:11:08.599923,4,5.833333333333333,0.3304055001066096,0.29948756516446307,0.05294654925287343,0.08940698945612957,65,0.793614168786995,-3.324471994736733e-05,0.007745947564453848,-0.0009973415984210199,0.23237842693361543,0.23238056716172628,0.7119896819591465,-6.482305523676557
176,2026-05-12 10:11:08.633628,4,5.866666666666666,0.3303456657609059,0.3125665136288428,0.05294654925287343,0.08940698945612957,65,0.8972167584634052,-5.9834345703668745e-05,0.013078948464379736,-0.0017950303711100624,0.3923684539313921,0.3923725599153745,-0.023930663180671274,4.7997008099333
177,2026-05-12 10:11:08.667296,4,5.9,0.3233912029616193,0.3227748253510869,0.05294654925287343,0.08940698945612957,65,0.9277923490038388,-0.0069544627992866315,0.010208311722244123,-0.20863388397859894,0.3062493516673237,0.3705627651837831,-6.205165608224666,-2.5835730679220514
178,2026-05-12 10:11:08.700999,4,5.933333333333334,0.3270263526831539,0.33485428229953196,0.05294654925287343,0.08940698945612957,65,0.9067387888046158,0.003635149721534614,0.012079456948445033,0.10905449164603842,0.362383708453351,0.3784373584895909,9.53065126873912,1.6840307035808189
179,2026-05-12 10:11:08.740114,4,5.966666666666667,0.3292044581268997,0.3422387026727205,0.05294654925287343,0.08940698945612957,65,0.7010426540191119,0.0021781054437458036,0.007384420373188538,0.06534316331237411,0.22153261119565615,0.2309684541551797,-1.3113398500099294,-4.225532917730845
180,2026-05-12 10:11:08.773838,4,6.0,0.32546486416218817,0.35892874544167,0.05294654925287343,0.08940698945612957,65,0.7434208774711203,-0.0037395939647115184,0.01669004276894953,-0.11218781894134555,0.5007012830684859,0.5131158559090181,-5.32592946761159,8.375060156184894
181,2026-05-12 10:11:08.807527,4,6.033333333333333,0.32179355115082414,0.36710962895949717,0.05294654925287343,0.08940698945612957,65,0.8649376278319449,-0.00367131301136403,0.008180883517827142,-0.1101393903409209,0.24542650553481427,0.26900716519026024,0.061452858012739364,-7.65824332601015
182,2026-05-12 10:11:08.841293,4,6.066666666666666,0.3210203101480856,0.3793704341915522,0.05294654925287343,0.08940698945612957,65,0.7655106655717447,-0.0007732410027385672,0.012260805232055028,-0.023197230082157017,0.3678241569616508,0.368554910329565,2.6082648077629167,3.671929542805097
183,2026-05-12 10:11:08.875939,4,6.1,0.3225224531907591,0.3896583902296057,0.05294654925287343,0.08940698945612957,65,0.8167544700948843,0.0015021430426735427,0.010287956038053492,0.04506429128020628,0.30863868114160475,0.31191124674403203,2.047845640870899,-1.7755642746013822
184,2026-05-12 10:11:08.909739,4,6.133333333333333,0.3195124699508122,0.40332112739709375,0.05294654925287343,0.08940698945612957,65,0.9734807377373973,-0.003009983239946945,0.01366273716748806,-0.09029949719840835,0.4098821150246418,0.41971102846048614,-4.060913654358439,3.037303016491111
185,2026-05-12 10:11:08.943423,4,6.166666666666667,0.3205914138471303,0.4190170925700492,0.05294654925287343,0.08940698945612957,65,0.8097900888473935,0.0010789438963181297,0.01569596517295546,0.03236831688954389,0.47087895518866385,0.4719901464838325,3.6800344226385673,1.829905204920662
186,2026-05-12 10:11:08.977129,4,6.2,0.3151224055096091,0.4343289672199037,0.05294654925287343,0.08940698945612957,65,0.7516574157332292,-0.005469008337521175,0.015311874649854507,-0.16407025012563525,0.4593562394956352,0.48777782005730835,-5.893157010455375,-0.34568147079085954
187,2026-05-12 10:11:09.011632,4,6.233333333333333,0.3178842126573659,0.44401698238220516,0.05294654925287343,0.08940698945612957,65,0.777912841397505,0.0027618071477567563,0.009688015162301444,0.08285421443270269,0.29064045486904333,0.30221961361854843,7.407733936750138,-5.061473538797756
188,2026-05-12 10:11:09.045574,4,6.266666666666667,0.31328925752907466,0.4565953460076099,0.05294654925287343,0.08940698945612957,65,0.7109390603051949,-0.004594955128291223,0.012578363625404765,-0.13784865384873668,0.37735090876214294,0.4017411600913254,-6.621086048443181,2.6013136167929884
189,2026-05-12 10:11:09.079312,4,6.3,0.313668021693976,0.4680248460970939,0.05294654925287343,0.08940698945612957,65,0.7555032989381502,0.00037876416490134623,0.011429500089483957,0.011362924947040387,0.3428850026845187,0.34307322998058953,4.4763473638733124,-1.033977182328727
190,2026-05-12 10:11:09.113362,4,6.333333333333333,0.3121627853273237,0.47994140198173096,0.05294654925287343,0.08940698945612957,65,0.896967678456416,-0.001505236366652285,0.011916555884637081,-0.04515709099956855,0.35749667653911243,0.3603373927363827,-1.695600478398268,0.4383502156378116
191,2026-05-12 10:11:09.151704,4,6.366666666666666,0.31219122972627017,0.49324963320982934,0.05294654925287343,0.08940698945612957,65,0.8721776810730397,2.844439894644779e-05,0.013308231228098377,0.0008533319683934337,0.3992469368429513,0.399247848778084,1.3803126890388595,1.2525078091151665
192,2026-05-12 10:11:09.185426,4,6.4,0.31074758771730937,0.5039341514706662,0.05294654925287343,0.08940698945612957,65,0.8369743905280638,-0.0014436420089607993,0.010684518260836884,-0.04330926026882398,0.3205355478251065,0.3234481866459818,-1.3248777671165224,-2.361341670535344
193,2026-05-12 10:11:09.219170,4,6.433333333333334,0.31101604563989005,0.518005062137823,0.05294654925287343,0.08940698945612957,65,0.933157639184529,0.00026845792258067824,0.014070910667156822,0.008053737677420347,0.42212732001470465,0.4222041413740201,1.5408899383873298,3.0477531656879444
194,2026-05-12 10:11:09.252902,4,6.466666666666667,0.3069475505873353,0.5316598856964713,0.05294654925287343,0.08940698945612957,65,0.9194209380465063,-0.004068495052554744,0.013654823558648221,-0.12205485157664231,0.40964470675944664,0.4274414258929862,-3.90325767762188,-0.3744783976577404
195,2026-05-12 10:11:09.286592,4,6.5,0.3090556351289799,0.5411012774818331,0.05294654925287343,0.08940698945612957,65,0.9315178932999072,0.0021080845416445726,0.009441391785361852,0.06324253624933718,0.28324175356085557,0.290216314757591,5.558921634779384,-3.792088595957732
196,2026-05-12 10:11:09.320286,4,6.533333333333333,0.30703348196769165,0.5547644829193015,0.05294654925287343,0.08940698945612957,65,0.837014647276703,-0.0020221531612882315,0.013663205437468351,-0.060664594838646946,0.4098961631240505,0.4143610232765087,-3.717213932639524,3.7996322868958488
197,2026-05-12 10:11:09.354867,4,6.566666666666666,0.30655262438072456,0.563480921225417,0.05294654925287343,0.08940698945612957,65,0.8360520754455317,-0.00048085758696708725,0.00871643830611557,-0.014425727609012617,0.2614931491834671,0.2618907571620969,1.3871660168890299,-4.4520904182175025
198,2026-05-12 10:11:09.388822,4,6.6,0.3032092059662663,0.5783650825377282,0.05294654925287343,0.08940698945612957,65,0.9284745725514131,-0.0033434184144582324,0.014884161312311184,-0.10030255243374697,0.4465248393693355,0.4576516515850625,-2.5763047447420306,5.550950705576052
199,2026-05-12 10:11:09.422650,4,6.633333333333333,0.29969859609049604,0.5867215657720202,0.05294654925287343,0.08940698945612957,65,0.7865616761432996,-0.0035106098757702875,0.008356483234291945,-0.10531829627310862,0.25069449702875835,0.2719185068552202,-0.15047231518084958,-5.874910270217315
200,2026-05-12 10:11:09.456397,4,6.666666666666667,0.29625314062978436,0.5984510777808666,0.05294654925287343,0.08940698945612957,65,0.8070305298271829,-0.003445455460711677,0.011729512008846421,-0.10336366382135032,0.35188536026539263,0.3667524420745938,0.058638973552749274,3.0357258970990286
201,2026-05-12 10:11:09.490077,4,6.7,0.29099282945046423,0.6135264244366445,0.05294654925287343,0.08940698945612957,65,0.8799853669789323,-0.005260311179320132,0.015075346655777921,-0.15780933537960395,0.45226039967333764,0.479002354321604,-1.6333701467476092,3.0112511822383503
202,2026-05-12 10:11:09.523794,4,6.733333333333333,0.29040752484732685,0.6206512959797832,0.05294654925287343,0.08940698945612957,65,0.7238505520769009,-0.0005853046031373821,0.007124871543138678,-0.017559138094121463,0.21374614629416033,0.2144661707267909,4.2075059185644745,-7.15542760137532
203,2026-05-12 10:11:09.557465,4,6.766666666666667,0.29149672065377963,0.6316471538253424,0.05294654925287343,0.08940698945612957,65,0.7460504017454193,0.0010891958064527807,0.010995857845559232,0.03267587419358342,0.32987573536677695,0.33149014093647905,1.5070503686311465,3.4838876721784984
204,2026-05-12 10:11:09.591135,4,6.8,0.28488550147243014,0.6437684984349474,0.05294654925287343,0.08940698945612957,65,0.8065950024394214,-0.0066112191813494925,0.012121344609605011,-0.19833657544048477,0.36364033828815034,0.4142121350078719,-6.930373489022046,1.012938087641202
205,2026-05-12 10:11:09.624810,4,6.833333333333333,0.28720659353359385,0.6563321313596548,0.05294654925287343,0.08940698945612957,65,0.8485189061375299,0.00232109206116371,0.012563632924707413,0.0696327618349113,0.3769089877412224,0.38328723767022355,8.039080118261882,0.39805948359216137
206,2026-05-12 10:11:09.658514,4,6.866666666666666,0.2872966801640185,0.6641054896867749,0.05294654925287343,0.08940698945612957,65,0.7998002359671322,9.008663042464615e-05,0.007773358327120006,0.0027025989127393846,0.23320074981360017,0.23321640970246602,-2.0079048876651573,-4.3112471378286665
207,2026-05-12 10:11:09.692177,4,6.8999999999999995,0.2810590278296476,0.6742266955702323,0.05294654925287343,0.08940698945612957,65,0.8112202966149662,-0.006237652334370902,0.01012120588345744,-0.18712957003112707,0.3036361765037232,0.35666847864905954,-5.694965068315994,2.113062800703691
208,2026-05-12 10:11:09.725867,4,6.933333333333334,0.2796933033424108,0.6904644902604359,0.05294654925287343,0.08940698945612957,65,0.7696175255312607,-0.0013657244872367635,0.01623779469020359,-0.040971734617102906,0.48713384070610766,0.4888538245719448,4.384735062420725,5.504929926071534
209,2026-05-12 10:11:09.759536,4,6.966666666666667,0.2743237586150398,0.6989678873273724,0.05294654925287343,0.08940698945612957,65,0.9084408515038667,-0.005369544727371001,0.00850339706693648,-0.16108634182113002,0.2551019120080944,0.3017048143989411,-3.6034382161208134,-6.960957860940398
210,2026-05-12 10:11:09.793256,4,7.0,0.27157952031351446,0.7050444850774522,0.05294654925287343,0.08940698945612957,65,0.8315236345263594,-0.00274423830152537,0.0060765977500798485,-0.0823271490457611,0.18229793250239545,0.20002573750557925,2.3627757832610676,-2.1841193851709684
211,2026-05-12 10:11:09.826932,4,7.033333333333333,0.27157509465918284,0.7196822363717883,0.05294654925287343,0.08940698945612957,65,0.7624089959690158,-4.425654331619011e-06,0.014637751294336088,-0.00013276962994857033,0.43913253883008263,0.4391325589012145,2.4658313824743763,7.705038189830615
212,2026-05-12 10:11:09.861393,4,7.066666666666666,0.2727588308772477,0.724949726221933,0.05294654925287343,0.08940698945612957,65,0.8695907934587246,0.0011837362180648903,0.005267489850144691,0.03551208654194671,0.15802469550434073,0.16196577626091976,1.0693456851568583,-8.433235299772257
213,2026-05-12 10:11:09.895846,4,7.1,0.2669710789996149,0.738611148667567,0.05294654925287343,0.08940698945612957,65,0.9624155116138614,-0.005787751877632807,0.013661422445634064,-0.17363255632898422,0.4098426733690219,0.44510592169909924,-6.274339286127928,7.554539335940436
214,2026-05-12 10:11:09.929583,4,7.133333333333333,0.26838034090350915,0.7483340644705029,0.05294654925287343,0.08940698945612957,65,0.7178337433502767,0.0014092619038942322,0.009722915802935828,0.04227785711682697,0.2916874740880748,0.2947354741836689,6.477312403374336,-3.5446559784284126
215,2026-05-12 10:11:09.963285,4,7.166666666666667,0.2636620741210413,0.7586593925164604,0.05294654925287343,0.08940698945612957,65,0.933723468959829,-0.004718266782467839,0.010325328045957538,-0.14154800347403518,0.30975984137872614,0.3405686371621131,-5.514775817725864,0.5421710187195394
216,2026-05-12 10:11:09.996934,4,7.2,0.2610903468785681,0.7695947199180828,0.05294654925287343,0.08940698945612957,65,0.8063419300820651,-0.002571727242473232,0.010935327401622397,-0.07715181727419695,0.3280598220486719,0.33700986595546034,1.9318855859951467,0.5489994200983728
217,2026-05-12 10:11:10.030621,4,7.233333333333333,0.2597243737386634,0.7752768641918227,0.05294654925287343,0.08940698945612957,65,0.8790141326827358,-0.0013659731399046637,0.00568214427373992,-0.04097919419713991,0.1704643282121976,0.1753207961135322,1.0851786923117113,-4.72786481509423
218,2026-05-12 10:11:10.072417,4,7.266666666666667,0.25852266862894707,0.7870926992503007,0.05294654925287343,0.08940698945612957,65,0.9574933517844855,-0.0012017051097163445,0.011815835058477941,-0.036051153291490334,0.35447505175433824,0.35630358961128544,0.14784122716948733,5.52032170626422
219,2026-05-12 10:11:10.106386,4,7.3,0.256227804422055,0.7968027308610974,0.05294654925287343,0.08940698945612957,65,0.9037578578701422,-0.0022948642068920666,0.009710031610796754,-0.068845926206762,0.29130094832390263,0.2993259161009483,-0.9838431874581499,-1.8952231029130684
220,2026-05-12 10:11:10.140586,4,7.333333333333333,0.25566335640918975,0.8099880469678354,0.05294654925287343,0.08940698945612957,65,0.8043944924747279,-0.0005644480128652596,0.01318531610673801,-0.016933440385957788,0.3955594832021403,0.3959217677198983,1.5573745746241263,3.12775604634713
221,2026-05-12 10:11:10.174497,4,7.366666666666666,0.2522622150458958,0.816963479867691,0.05294654925287343,0.08940698945612957,65,0.7610238847560141,-0.003401141363293947,0.006975432899855583,-0.1020342408988184,0.20926298699566748,0.23281319559283362,-2.5530240153858186,-5.5888948861941845
222,2026-05-12 10:11:10.209433,4,7.3999999999999995,0.24902948048293577,0.8226720172122979,0.05294654925287343,0.08940698945612957,65,0.784759331088563,-0.003232734562960027,0.005708537344606857,-0.0969820368888008,0.1712561203382057,0.1968099952553089,0.15156612030052807,-1.1402059997238534
223,2026-05-12 10:11:10.243311,4,7.433333333333334,0.24876585224276418,0.8350744469762387,0.05294654925287343,0.08940698945612957,65,0.912597840169657,-0.0002636282401715928,0.012402429763940792,-0.007908847205147784,0.37207289291822376,0.37215693935307775,2.6721956905095907,6.024503177400542
224,2026-05-12 10:11:10.276834,4,7.466666666666667,0.24358553382941117,0.8457871920416099,0.05294654925287343,0.08940698945612957,65,0.977551760610135,-0.005180318413353008,0.010712745065371232,-0.15540955240059023,0.32138235196113696,0.35698563714724424,-4.4250211558632735,-1.5207162287126041
225,2026-05-12 10:11:10.310370,4,7.5,0.24279942893267425,0.8547907376531974,0.05294654925287343,0.08940698945612957,65,0.887419919175383,-0.0007861048967369166,0.009003545611587449,-0.0235831469021075,0.27010636834762347,0.27113394298713034,3.954792164954482,-1.5382795084054046
226,2026-05-12 10:11:10.343867,4,7.533333333333333,0.24186727758089352,0.8622395645390444,0.05294654925287343,0.08940698945612957,65,0.8076541021908241,-0.0009321513517807356,0.007448826885847026,-0.027964540553422068,0.2234648065754108,0.2252077603151138,-0.13144180953943707,-1.3992468531663804
227,2026-05-12 10:11:10.377375,4,7.566666666666666,0.23602220813845248,0.8758076599987938,0.05294654925287343,0.08940698945612957,65,0.7980197133504282,-0.0058450694424410365,0.013568095459749463,-0.1753520832732311,0.4070428637924839,0.4432067757521863,-4.421626281594271,5.507341716512193
228,2026-05-12 10:11:10.410873,4,7.6,0.24042490403964412,0.890255865917515,0.05294654925287343,0.08940698945612957,65,0.8693270270561321,0.004402695901191633,0.014448205918721202,0.132080877035749,0.43344617756163606,0.45312354487636813,9.222988809269403,0.7920994130745651
229,2026-05-12 10:11:10.444381,4,7.633333333333333,0.2348469785533086,0.8970023612594351,0.05294654925287343,0.08940698945612957,65,0.9359256760269686,-0.005577925486335511,0.006746495341920067,-0.16733776459006533,0.202394860257602,0.2626130364561028,-8.98255924877443,-6.931539519121022
230,2026-05-12 10:11:10.477960,4,7.666666666666667,0.23208450018718013,0.9039303534723742,0.05294654925287343,0.08940698945612957,65,0.8479411581029161,-0.0027624783661284735,0.006927992212939049,-0.0828743509838542,0.20783976638817148,0.2237532715811877,2.533902408186334,0.16334718391708414
231,2026-05-12 10:11:10.511458,4,7.7,0.23518219892888215,0.917681482138974,0.05294654925287343,0.08940698945612957,65,0.8453737240573466,0.003097698741702015,0.013751128666599888,0.09293096225106046,0.41253385999799663,0.42287155188041997,5.27415939704744,6.140822808294755
232,2026-05-12 10:11:10.544952,4,7.733333333333333,0.23134139849295363,0.9265993561296375,0.05294654925287343,0.08940698945612957,65,0.7437735966201525,-0.003840800435928521,0.00891787399066346,-0.11522401307785562,0.2675362197199038,0.29129401307232955,-6.244649259867482,-4.349929208342784
233,2026-05-12 10:11:10.578461,4,7.766666666666667,0.22836638450589775,0.9352881077784777,0.05294654925287343,0.08940698945612957,65,0.9709714445437349,-0.00297501398705588,0.008688751648840198,-0.0892504196116764,0.26066254946520595,0.27551878718984163,0.7792078039853767,-0.20621010764093617
234,2026-05-12 10:11:10.611967,4,7.8,0.23099769408613752,0.939949967838973,0.05294654925287343,0.08940698945612957,65,0.8044110376615308,0.0026313095802397712,0.004661860060495293,0.07893928740719314,0.1398558018148588,0.16059594141083547,5.045691210566086,-3.6242024295104147
235,2026-05-12 10:11:10.645462,4,7.833333333333333,0.2274658043816632,0.9483819436909933,0.05294654925287343,0.08940698945612957,65,0.8836030637970484,-0.0035318897044743225,0.008431975852020268,-0.10595669113422967,0.25295927556060804,0.2742539252011941,-5.546879356242685,3.3931042123724775
236,2026-05-12 10:11:10.678993,4,7.866666666666666,0.22730533553418966,0.9419770799512505,0.05294654925287343,0.08940698945612957,65,0.8885954407026639,-0.00016046884747353274,-0.006404863739742805,-0.004814065424205982,-0.19214591219228416,0.19220620905192815,3.034278771300711,-13.353155632586766
237,2026-05-12 10:11:10.712521,4,7.8999999999999995,0.22523195451336114,0.9302133920367686,0.05294654925287343,0.08940698945612957,65,0.9314460469214577,-0.0020733810208285186,-0.011763687914481902,-0.06220143062485556,-0.35291063743445705,0.3583502978737056,-1.7216209560194873,-4.822941757265187
238,2026-05-12 10:11:10.746017,4,7.933333333333334,0.22238823262556254,0.9230853736227701,0.05294654925287343,0.08940698945612957,65,0.7302661743583165,-0.002843721887798606,-0.00712801841399846,-0.08531165663395818,-0.2138405524199538,0.23023001675911287,-0.6933067802730786,4.172102550435097
239,2026-05-12 10:11:10.779510,4,7.966666666666667,0.22020396252188837,0.912211788546741,0.05294654925287343,0.08940698945612957,65,0.8292074375434801,-0.0021842701036741685,-0.01087358507602909,-0.06552810311022506,-0.3262075522808727,0.332724059037369,0.5935066057119937,-3.3710099958275674
240,2026-05-12 10:11:10.813018,4,8.0,0.218493178981848,0.9091391476790998,0.05294654925287343,0.08940698945612957,65,0.8979661603912832,-0.001710783540040367,-0.003072640867641252,-0.05132350620121101,-0.09217922602923756,0.10550408522960147,0.42613790727042133,7.020849787549055
241,2026-05-12 10:11:10.846554,4,8.033333333333333,0.21595491539554498,0.8944409960399129,0.05294654925287343,0.08940698945612957,65,0.7842789263098446,-0.002538263586303019,-0.014698151639186863,-0.07614790758909057,-0.4409445491756059,0.4474713390574585,-0.7447320416363867,-10.46295969439105
242,2026-05-12 10:11:10.880077,4,8.066666666666666,0.21688079852726358,0.894343454701754,0.05294654925287343,0.08940698945612957,65,0.920357843943118,0.0009258831317185967,-9.754133815886856e-05,0.0277764939515579,-0.002926240144766057,0.027930207618737338,3.117732046219454,13.140549270925195
243,2026-05-12 10:11:10.913571,4,8.1,0.2145761479871023,0.8774611940681349,0.05294654925287343,0.08940698945612957,65,0.9712898009529066,-0.0023046505401612682,-0.016882260633619084,-0.06913951620483805,-0.5064678190085725,0.5111652613317333,-2.9074803046918785,-15.106247365914195
244,2026-05-12 10:11:10.947063,4,8.133333333333333,0.21112857794823756,0.8714800174906077,0.05294654925287343,0.08940698945612957,65,0.8161706213260619,-0.0034475700388647557,-0.005981176577527281,-0.10342710116594267,-0.17943529732581842,0.20710912867856646,-1.0286275488331387,9.810975650482623
245,2026-05-12 10:11:10.980570,4,8.166666666666666,0.210882862565868,0.8618603232275248,0.05294654925287343,0.08940698945612957,65,0.9479537831432837,-0.00024571538236956014,-0.009619694263082845,-0.007371461471086804,-0.28859082789248536,0.28868495698233015,2.881669190845676,-3.274665917000008
246,2026-05-12 10:11:11.014064,4,8.2,0.20843707675350784,0.85448887923924,0.05294654925287343,0.08940698945612957,65,0.815455207909563,-0.0024457858123601572,-0.00737144398828482,-0.07337357437080472,-0.2211433196485446,0.23299795973597362,-1.9800633869915374,2.0234252473182224
247,2026-05-12 10:11:11.047572,4,8.233333333333333,0.20478606594031074,0.8442850852082507,0.05294654925287343,0.08940698945612957,65,0.9890809645242968,-0.003651010813197103,-0.010203794030989255,-0.10953032439591309,-0.30611382092967765,0.3251193062960745,-1.0847025007532514,-2.549115038433991
248,2026-05-12 10:11:11.081067,4,8.266666666666666,0.20058958206830244,0.8335860056913738,0.05294654925287343,0.08940698945612957,65,0.7827541603255113,-0.0041964838720083,-0.010699079516876986,-0.125894516160249,-0.3209723855063096,0.3447792068220388,-0.490925752930077,-0.4457569372989578
249,2026-05-12 10:11:11.114799,4,8.3,0.19832196072837027,0.8249510503795536,0.05294654925287343,0.08940698945612957,65,0.8937185058796805,-0.002267621339932163,-0.008634955311820125,-0.0680286401979649,-0.25904865935460375,0.26783223069787865,1.735976278868523,1.8577117845511748
250,2026-05-12 10:11:11.149155,4,8.333333333333334,0.19890547917821708,0.8147591030812633,0.05294654925287343,0.08940698945612957,65,0.9026376913883201,0.0005835184498468038,-0.010191947298290316,0.017505553495404114,-0.3057584189487095,0.30625913073930544,2.5660258108010705,-1.4012927878231718
251,2026-05-12 10:11:11.183572,4,8.366666666666667,0.19476765194942264,0.808214879888911,0.05294654925287343,0.08940698945612957,65,0.9454446645453304,-0.004137827228794438,-0.006544223192352261,-0.12413481686383315,-0.19632669577056783,0.23227919456982474,-4.249211110777118,3.2829516953442495
252,2026-05-12 10:11:11.217379,4,8.4,0.1926150964646778,0.7987569554866295,0.05294654925287343,0.08940698945612957,65,0.7467080049098195,-0.002152555484744828,-0.009457924402281548,-0.06457666454234484,-0.28373773206844644,0.29099355010508404,1.7867445696446493,-2.6223310889363582
253,2026-05-12 10:11:11.251106,4,8.433333333333334,0.18666206704337288,0.7893155159286156,0.05294654925287343,0.08940698945612957,65,0.9591338583912524,-0.005953029421304934,-0.009441439558013909,-0.17859088263914802,-0.28324318674041726,0.3348453466851478,-3.4204265429040954,0.014836359840875168
254,2026-05-12 10:11:11.284785,4,8.466666666666667,0.18668286292059869,0.7763370243272787,0.05294654925287343,0.08940698945612957,65,0.8199989136172348,2.079587722580989e-05,-0.012978491601336906,0.0006238763167742967,-0.38935474804010717,0.3893552478688761,5.37644276867767,-3.183346838990697
255,2026-05-12 10:11:11.318451,4,8.5,0.18312879513091085,0.7631909745475319,0.05294654925287343,0.08940698945612957,65,0.8849127498566447,-0.003554067789687837,-0.01314604977974676,-0.10662203369063511,-0.3943814933924028,0.40854010867814283,-3.217377300222282,-0.1508023605688691
256,2026-05-12 10:11:11.352152,4,8.533333333333333,0.18368908425966474,0.7544537344940135,0.05294654925287343,0.08940698945612957,65,0.7600198561368035,0.000560289128753888,-0.008737240053518391,0.01680867386261664,-0.26211720160555174,0.26265558987873316,3.7029212265975526,3.967928753605532
257,2026-05-12 10:11:11.385846,4,8.566666666666666,0.18200571323724482,0.7468997284633812,0.05294654925287343,0.08940698945612957,65,0.8606325709404692,-0.001683371022419916,-0.0075540060306323875,-0.05050113067259748,-0.22662018091897163,0.23217896243837036,-2.019294136056424,1.0649106205974035
258,2026-05-12 10:11:11.419525,4,8.6,0.17870221233523076,0.7323468417867153,0.05294654925287343,0.08940698945612957,65,0.8043828067242468,-0.0033035009020140615,-0.014552886676665877,-0.09910502706042185,-0.4365866002999763,0.447693718908517,-1.458116891634731,-6.298992581430141
259,2026-05-12 10:11:11.453240,4,8.633333333333333,0.17008331789850448,0.726081685035514,0.05294654925287343,0.08940698945612957,65,0.7051808053301815,-0.008618894436726282,-0.006265156751201317,-0.25856683310178846,-0.18795470253603952,0.31966197363105175,-4.783854181240999,7.458956932918104
260,2026-05-12 10:11:11.486974,4,8.666666666666666,0.17000315525722567,0.7163387222413676,0.05294654925287343,0.08940698945612957,65,0.8693986578598946,-8.016264127880257e-05,-0.009742962794146326,-0.002404879238364077,-0.2922888838243898,0.2922987770269639,7.684858615902732,-3.1300254386505078
261,2026-05-12 10:11:11.520642,4,8.7,0.1662706367639977,0.703313074111032,0.05294654925287343,0.08940698945612957,65,0.9329069943771157,-0.0037325184932279765,-0.013025648130335576,-0.1119755547968393,-0.3907694439100673,0.4064963507411145,-3.2871202667542567,-2.9544168025703255
262,2026-05-12 10:11:11.554308,4,8.733333333333333,0.16632826880305332,0.6925608924350567,0.05294654925287343,0.08940698945612957,65,0.8978389332965375,5.763203905562175e-05,-0.010752181675975359,0.0017289611716686526,-0.32256545027926076,0.3225700838896803,3.4111354790552384,2.046119808924196
263,2026-05-12 10:11:11.588009,4,8.766666666666666,0.15932835417474517,0.6880369902370137,0.05294654925287343,0.08940698945612957,65,0.925101431063785,-0.0069999146283081515,-0.004523902198042995,-0.20999743884924454,-0.13571706594128985,0.2500360900169306,-6.351792000627396,5.605451530139128
264,2026-05-12 10:11:11.624074,4,8.8,0.15758875792071883,0.6740250923532015,0.05294654925287343,0.08940698945612957,65,0.7577982293051065,-0.0017395962540263377,-0.014011897883812185,-0.05218788762079013,-0.42035693651436556,0.4235841471184475,4.734286536853633,-8.539196117192272
265,2026-05-12 10:11:11.657743,4,8.833333333333334,0.15068661466040179,0.6674645112142797,0.05294654925287343,0.08940698945612957,65,0.9656574872359798,-0.006902143260317045,-0.006560581138921773,-0.20706429780951136,-0.19681743416765318,0.2856794109131502,-4.646292305661637,6.7061850704013715
266,2026-05-12 10:11:11.691271,4,8.866666666666667,0.14700978675545065,0.6593905977272881,0.05294654925287343,0.08940698945612957,65,0.8857976594748329,-0.0036768279049511354,-0.008073913486991602,-0.11030483714853406,-0.24221740460974805,0.26615113787892586,2.902783819829319,-1.3619991132628462
267,2026-05-12 10:11:11.724778,4,8.9,0.14086568483468698,0.648429600278339,0.05294654925287343,0.08940698945612957,65,0.8998983401498584,-0.006144101920763673,-0.010960997448949183,-0.18432305762291018,-0.3288299234684755,0.3769669854771663,-2.2205466142312837,-2.5983755657618235
268,2026-05-12 10:11:11.758300,4,8.933333333333334,0.13976149143171138,0.6406436379352851,0.05294654925287343,0.08940698945612957,65,0.8210068478553336,-0.0011041934029756006,-0.007785962343053843,-0.03312580208926802,-0.23357887029161528,0.2359161024829899,4.535917666009265,2.8575315953058067
269,2026-05-12 10:11:11.791801,4,8.966666666666667,0.13370384030654553,0.6356523702502755,0.05294654925287343,0.08940698945612957,65,0.767462291218925,-0.006057651125165847,-0.0049912676850095705,-0.18172953375497541,-0.14973803055028712,0.23547208164000985,-4.458111949971222,2.515225192239845
270,2026-05-12 10:11:11.825299,4,9.0,0.13132938169248246,0.6217565096899068,0.05294654925287343,0.08940698945612957,65,0.7722745843965547,-0.002374458614063074,-0.013895860560368734,-0.07123375842189222,-0.416875816811062,0.4229180712393343,3.314873259992496,-8.014133587823247
271,2026-05-12 10:11:11.858835,4,9.033333333333333,0.12589481634170868,0.6152283412028138,0.05294654925287343,0.08940698945612957,65,0.7206838865188865,-0.0054345653507737735,-0.0065281684870930334,-0.1630369605232132,-0.195845054612791,0.2548260895452718,-2.7540960630396296,6.63092286594813
272,2026-05-12 10:11:11.892353,4,9.066666666666666,0.12220689369350579,0.60179767638106,0.05294654925287343,0.08940698945612957,65,0.9125702846647091,-0.0036879226482028904,-0.013430664821753813,-0.11063767944608671,-0.4029199446526144,0.41783391187418106,1.5719784323137949,-6.212246701194702
273,2026-05-12 10:11:11.926291,4,9.1,0.11522093150853471,0.5935437625416597,0.05294654925287343,0.08940698945612957,65,0.7091643767930011,-0.0069859621849710785,-0.008253913839400218,-0.20957886554913235,-0.24761741518200653,0.3244035838061588,-2.9682355830913694,4.659075884118236
274,2026-05-12 10:11:11.959968,4,9.133333333333333,0.11288715857503659,0.5852314028591876,0.05294654925287343,0.08940698945612957,65,0.8905346042194417,-0.002333772933498124,-0.008312359682472126,-0.07001318800494372,-0.24937079047416377,0.2590128136527706,4.1869703263256595,-0.05260125876471733
275,2026-05-12 10:11:11.993896,4,9.166666666666666,0.10778399920548189,0.5745536069681374,0.05294654925287343,0.08940698945612957,65,0.7878722785055429,-0.005103159369554702,-0.010677795891050224,-0.15309478108664107,-0.3203338767315067,0.3550377509192546,-2.4924477924509207,-2.128892587720288
276,2026-05-12 10:11:12.027433,4,9.2,0.10492285746353025,0.5663877686824654,0.05294654925287343,0.08940698945612957,65,0.8863166340035915,-0.0028611417419516366,-0.008165838285671967,-0.0858342522585491,-0.244975148570159,0.2595772375955868,2.0178158648427593,2.260761844840431
277,2026-05-12 10:11:12.061060,4,9.233333333333333,0.09838250707876611,0.5528184748239853,0.05294654925287343,0.08940698945612957,65,0.9206467887721284,-0.0065403503847641375,-0.013569293858480158,-0.19621051154292413,-0.40707881575440474,0.4518979166536891,-3.3112877785312507,-4.863110015527372
278,2026-05-12 10:11:12.094594,4,9.266666666666666,0.0963192962910938,0.546185626883299,0.05294654925287343,0.08940698945612957,65,0.8000301134757988,-0.002063210787672312,-0.006632847940686304,-0.061896323630169364,-0.19898543822058912,0.20838992178790833,4.029425637382643,6.242801326014469
279,2026-05-12 10:11:12.132571,4,9.3,0.08992214559880662,0.5372340809399881,0.05294654925287343,0.08940698945612957,65,0.8185452807567508,-0.006397150692287176,-0.008951545943310824,-0.1919145207686153,-0.2685463782993247,0.33007323517597015,-3.9005459141533776,-2.0868282023620677
280,2026-05-12 10:11:12.166929,4,9.333333333333334,0.08612046645492842,0.5222714463529293,0.05294654925287343,0.08940698945612957,65,0.8054807355191065,-0.0038016791438782033,-0.01496263458705882,-0.1140503743163461,-0.4488790376117646,0.4631413156790945,2.335924393568076,-5.409979779373198
281,2026-05-12 10:11:12.201368,4,9.366666666666667,0.08445366328435364,0.517098485554298,0.05294654925287343,0.08940698945612957,65,0.9725564192824813,-0.0016668031705747849,-0.0051729607986312764,-0.05000409511724355,-0.1551888239589383,0.1630459463165297,1.9213883759730765,8.81070640958479
282,2026-05-12 10:11:12.235074,4,9.4,0.08046478372768939,0.5073952113804637,0.05294654925287343,0.08940698945612957,65,0.898392140037505,-0.003988879556664243,-0.00970327417383432,-0.1196663866999273,-0.2910982252150296,0.3147351598235517,-2.0898687474805127,-4.077282037682739
283,2026-05-12 10:11:12.268777,4,9.433333333333334,0.07595667131957287,0.4998158424485472,0.05294654925287343,0.08940698945612957,65,0.7076733208275372,-0.004508112408116521,-0.007579368931916519,-0.13524337224349564,-0.22738106795749558,0.26456175045021896,-0.46730956630705034,1.9115147177260206
284,2026-05-12 10:11:12.302481,4,9.466666666666667,0.07021826694072873,0.4925614848900862,0.05294654925287343,0.08940698945612957,65,0.9388805338889267,-0.005738404378844139,-0.007254357558460989,-0.17215213136532417,-0.21763072675382966,0.2774878187615159,-1.107262773654856,0.2925102361099774
285,2026-05-12 10:11:12.336164,4,9.5,0.06494630898138182,0.47796153010469417,0.05294654925287343,0.08940698945612957,65,0.7033329138442291,-0.005271957959346915,-0.014599954785392055,-0.15815873878040745,-0.43799864356176166,0.4656790723390437,0.4198017775475016,-6.61103750423796
286,2026-05-12 10:11:12.369833,4,9.533333333333333,0.06340654262099378,0.47293250523610975,0.05294654925287343,0.08940698945612957,65,0.7318089158091755,-0.0015397663603880368,-0.00502902486858442,-0.046192990811641105,-0.1508707460575326,0.1577839485374886,3.3589724390629905,8.613836925126872
287,2026-05-12 10:11:12.403504,4,9.566666666666666,0.057970241905756975,0.4620743279994175,0.05294654925287343,0.08940698945612957,65,0.9086244197604725,-0.005436300715236805,-0.010858177236692246,-0.16308902145710416,-0.3257453171007674,0.3642911480298626,-3.506880919363892,-5.246237131297043
288,2026-05-12 10:11:12.437246,4,9.6,0.055573208751389984,0.45460391627258157,0.05294654925287343,0.08940698945612957,65,0.9654620656540649,-0.002397033154366991,-0.007470411726835935,-0.07191099463100974,-0.22411235180507805,0.23536681452665364,2.7353408047828327,3.0489889588706798
289,2026-05-12 10:11:12.470932,4,9.633333333333333,0.04804802311190216,0.4462761838306398,0.05294654925287343,0.08940698945612957,65,0.7537892434649159,-0.0075251856394878205,-0.008327732441941738,-0.22575556918463463,-0.24983197325825213,0.3367218316058381,-4.615337236608746,-0.7715886435952224
290,2026-05-12 10:11:12.504731,4,9.666666666666666,0.052679225596660044,0.4317383580438884,0.05294654925287343,0.08940698945612957,65,0.8348038753181795,0.004631202484757881,-0.014537825786751446,0.13893607454273643,-0.4361347736025434,0.4577300225620847,10.940749311821133,-5.589084010328738
291,2026-05-12 10:11:12.538405,4,9.7,0.057987512620367804,0.4238711224044453,0.05294654925287343,0.08940698945612957,65,0.8722296574126145,0.00530828702370776,-0.007867235639443082,0.1592486107112328,-0.23601706918329246,0.2847177145162008,0.6093760850548913,6.003531132577527
292,2026-05-12 10:11:12.572292,4,9.733333333333333,0.05998275659064267,0.41250998150715174,0.05294654925287343,0.08940698945612957,65,0.7909648222966985,0.001995243970274868,-0.011361140897293565,0.05985731910824604,-0.34083422691880694,0.34605038490105333,-2.981738748089603,-3.1445147320654345
293,2026-05-12 10:11:12.606091,4,9.766666666666666,0.06178700217077274,0.4020660583514569,0.05294654925287343,0.08940698945612957,65,0.7179215808452091,0.001804245580130065,-0.010443923155694812,0.05412736740390195,-0.31331769467084436,0.31795872325811325,-0.17189855113032282,0.8254959674388773
294,2026-05-12 10:11:12.640689,4,9.8,0.06620742344952027,0.3941714216350775,0.05294654925287343,0.08940698945612957,65,0.962237804661415,0.004420421278747533,-0.00789463671637941,0.13261263836242598,-0.23683910149138232,0.2714385231478555,2.354558128755721,2.294357795383861
295,2026-05-12 10:11:12.674584,4,9.833333333333334,0.07139909388069478,0.382329792286498,0.05294654925287343,0.08940698945612957,65,0.7549236689985621,0.005191670431174508,-0.011841629348579519,0.15575011293523525,-0.35524888045738556,0.387891563127589,0.694124237184278,-3.5522933689800973
296,2026-05-12 10:11:12.708193,4,9.866666666666667,0.07605461379133616,0.376452225702353,0.05294654925287343,0.08940698945612957,65,0.722404803795107,0.004655519910641379,-0.005877566584145011,0.13966559731924136,-0.17632699752435033,0.22493930099138462,-0.48253546847981665,5.3676564879910575
297,2026-05-12 10:11:12.742052,4,9.9,0.07999120335650148,0.3653299597079053,0.05294654925287343,0.08940698945612957,65,0.876146153189279,0.0039365895651653215,-0.011122265994447655,0.11809768695495965,-0.33366797983342966,0.3539511045755242,-0.6470373109284514,-4.72022946927238
298,2026-05-12 10:11:12.775992,4,9.933333333333334,0.08287422806099222,0.35937238395080273,0.05294654925287343,0.08940698945612957,65,0.7101918556441791,0.0028830247044907414,-0.005957575757102596,0.08649074113472224,-0.17872727271307787,0.19855499569008192,-0.9482083746071222,4.648221213610554
299,2026-05-12 10:11:12.809668,4,9.966666666666667,0.09090269955331468,0.3471356886000279,0.05294654925287343,0.08940698945612957,65,0.7908513331132746,0.008028471492322456,-0.012236695350774818,0.24085414476967368,-0.36710086052324453,0.43906008797160956,4.630902109048543,-5.651207634305
300,2026-05-12 10:11:12.843190,4,10.0,0.09060569007593007,0.33884319743328406,0.05294654925287343,0.08940698945612957,65,0.884099376498664,-0.0002970094773846049,-0.008292491166743854,-0.008910284321538148,-0.24877473500231562,0.24893425224778332,-7.492932872736355,3.5497837656278675
301,2026-05-12 10:11:12.876692,4,10.033333333333333,0.09326226205082006,0.32388650052136086,0.05294654925287343,0.08940698945612957,65,0.8977802911814992,0.0026565719748899846,-0.014956696911923195,0.07969715924669954,-0.44870090735769586,0.4557237556410828,2.658223307047131,-5.997785170661407
302,2026-05-12 10:11:12.910375,4,10.066666666666666,0.09749493016830317,0.32086543094257164,0.05294654925287343,0.08940698945612957,65,0.895012720169476,0.0042326681174831154,-0.003021069578789226,0.12698004352449346,-0.09063208736367678,0.15600675214034615,1.4184865283338177,10.742064599820573
303,2026-05-12 10:11:12.944075,4,10.1,0.10407857052862474,0.31049566608605983,0.05294654925287343,0.08940698945612957,65,0.7125225693869823,0.006583640360321566,-0.01036976485651181,0.19750921080964698,-0.3110929456953543,0.36849519564854877,2.1158750185546054,-6.613825749950325
304,2026-05-12 10:11:12.977754,4,10.133333333333333,0.10641175240317344,0.30226557008730554,0.05294654925287343,0.08940698945612957,65,0.9408148444818002,0.002333181874548701,-0.008230095998754294,0.06999545623646103,-0.24690287996262883,0.2566328038805457,-3.8254126371955786,1.9257019719817636
305,2026-05-12 10:11:13.011436,4,10.166666666666666,0.10460016191013106,0.2921188752820582,0.05294654925287343,0.08940698945612957,65,0.8582900386694762,-0.0018115904930423726,-0.010146694805247325,-0.05434771479127118,-0.30440084415741975,0.30921440462369004,-3.730295130831966,-1.7249389258437275
306,2026-05-12 10:11:13.045105,4,10.2,0.11365018373059776,0.28357074442017394,0.05294654925287343,0.08940698945612957,65,0.8657763438967507,0.0090500218204667,-0.008548130861884273,0.271500654614001,-0.2564439258565282,0.3734649817111902,9.775451082158165,1.4387075490267465
307,2026-05-12 10:11:13.078798,4,10.233333333333333,0.11964714340488751,0.2778792006864804,0.05294654925287343,0.08940698945612957,65,0.8532276911537424,0.005996959674289745,-0.005691543733693516,0.17990879022869236,-0.17074631201080548,0.24803523110002532,-2.74775593155926,2.570928415371682
308,2026-05-12 10:11:13.112479,4,10.266666666666666,0.11915414968100456,0.2636148025557768,0.05294654925287343,0.08940698945612957,65,0.7038109760499325,-0.0004929937238829507,-0.014264398130703626,-0.014789811716488521,-0.4279319439211088,0.4281874439526551,-5.840958058355427,-7.715568957309099
309,2026-05-12 10:11:13.146164,4,10.3,0.12414111943869145,0.25517373878524313,0.05294654925287343,0.08940698945612957,65,0.7136928179158997,0.004986969757686893,-0.008441063770533663,0.1496090927306068,-0.2532319131160099,0.29412460360886117,4.93196713341286,5.241000924152966
310,2026-05-12 10:11:13.179845,4,10.333333333333334,0.13118327351121237,0.24143169131483164,0.05294654925287343,0.08940698945612957,65,0.8376839013902004,0.007042154072520915,-0.013742047470411495,0.21126462217562744,-0.41226142411234484,0.4632409981792947,1.8496658833506194,-4.770885329890048
311,2026-05-12 10:11:13.213422,4,10.366666666666667,0.1325142935700181,0.23219849017953123,0.05294654925287343,0.08940698945612957,65,0.8741569813302956,0.0013310200588057264,-0.009233201135300406,0.03993060176417179,-0.2769960340590122,0.27985935010585283,-5.14002061234367,4.05796170159998
312,2026-05-12 10:11:13.246921,4,10.4,0.1382465991853286,0.22249718675043476,0.05294654925287343,0.08940698945612957,65,0.9745059694097715,0.005732305615310518,-0.009701303429096475,0.17196916845931554,-0.29103910287289425,0.33804904126716223,3.961157000854312,-0.42129206441646194
313,2026-05-12 10:11:13.281669,4,10.433333333333334,0.14210960531496122,0.21702176148778696,0.05294654925287343,0.08940698945612957,65,0.9293088063956556,0.0038630061296326124,-0.005475425262647798,0.11589018388897837,-0.16426275787943395,0.2010293221099319,-1.682369537110115,3.803290349803809
314,2026-05-12 10:11:13.316183,4,10.466666666666667,0.14176590878026032,0.20378389557294163,0.05294654925287343,0.08940698945612957,65,0.728856254399285,-0.0003436965347008991,-0.013237865914845326,-0.010310896041026973,-0.3971359774453598,0.3972698065026465,-3.7860323979001604,-6.9861965869777745
315,2026-05-12 10:11:13.350036,4,10.5,0.1459752504048009,0.19744022804654246,0.05294654925287343,0.08940698945612957,65,0.9706204515121601,0.0042093416245405635,-0.0063436675263991715,0.1262802487362169,-0.19031002579197515,0.22839572486765827,4.097734343317317,6.204778549601539
316,2026-05-12 10:11:13.383717,4,10.533333333333333,0.1520597251315711,0.1880911071466702,0.05294654925287343,0.08940698945612957,65,0.9638439410291672,0.006084474726770206,-0.009349120899872249,0.18253424180310618,-0.28047362699616746,0.33464041129400396,1.6876197920066782,-2.7049080361257696
317,2026-05-12 10:11:13.417411,4,10.566666666666666,0.15626347700492899,0.17331095278254577,0.05294654925287343,0.08940698945612957,65,0.906736866394768,0.004203751873357892,-0.014780154364124443,0.12611255620073675,-0.4434046309237333,0.46099028575024886,-1.692650568071083,-4.887930117826975
318,2026-05-12 10:11:13.451086,4,10.6,0.16046686488865558,0.16605759457317876,0.05294654925287343,0.08940698945612957,65,0.7851958429982914,0.004203387883726595,-0.007253358209367011,0.12610163651179784,-0.21760074628101034,0.25149892149471775,-0.00032759066816712146,6.774116539281688
319,2026-05-12 10:11:13.484787,4,10.633333333333333,0.15771554368559404,0.1563522728081959,0.05294654925287343,0.08940698945612957,65,0.9497875025286542,-0.002751321203061541,-0.009705321764982844,-0.08253963609184622,-0.2911596529494853,0.30263300387075953,-6.259238178109322,-2.2067672000542493
320,2026-05-12 10:11:13.518488,4,10.666666666666666,0.1707512961188294,0.150150124219723,0.05294654925287343,0.08940698945612957,65,0.8244562650192363,0.013035752433235348,-0.0062021485884729,0.39107257299706044,-0.186064457654187,0.43307936888368154,14.2083662726672,3.1528558588589495
321,2026-05-12 10:11:13.552180,4,10.7,0.1773170862578418,0.13961704353151122,0.05294654925287343,0.08940698945612957,65,0.8070222824709999,0.006565790139012401,-0.010533080688211793,0.19697370417037202,-0.3159924206463538,0.37235715387318585,-5.822966064800653,-3.897838889765004
322,2026-05-12 10:11:13.585868,4,10.733333333333333,0.17887565843829792,0.1335600851505181,0.05294654925287343,0.08940698945612957,65,0.815639711016292,0.0015585721804561303,-0.006056958380993127,0.04675716541368391,-0.1817087514297938,0.18762809721280335,-4.5064961627006435,4.0285100764968
323,2026-05-12 10:11:13.619574,4,10.766666666666666,0.18691600110462434,0.12492950059509113,0.05294654925287343,0.08940698945612957,65,0.9819987234910026,0.008040342666326417,-0.008630584555426965,0.2412102799897925,-0.258917536662809,0.3538653556994399,5.833593437283258,-2.316263556990455
324,2026-05-12 10:11:13.653434,4,10.8,0.18837140410626207,0.11793593226534373,0.05294654925287343,0.08940698945612957,65,0.9207579399908159,0.0014554030016377395,-0.006993568329747402,0.043662090049132185,-0.20980704989242205,0.21430206786687758,-5.926445698219809,1.473314603111608
325,2026-05-12 10:11:13.687289,4,10.833333333333334,0.19407006651840925,0.11265088115325338,0.05294654925287343,0.08940698945612957,65,0.9277936041592436,0.005698662412147171,-0.00528505111209035,0.17095987236441512,-0.1585515333627105,0.23316489163363296,3.818933469458488,1.5376654958913467
326,2026-05-12 10:11:13.721016,4,10.866666666666667,0.2059259677198543,0.10599407165069437,0.05294654925287343,0.08940698945612957,65,0.9264094781452332,0.011855901201445057,-0.006656809502559008,0.3556770360433517,-0.19970428507677024,0.4079067974998794,5.541514910368098,-1.2345825514217923
327,2026-05-12 10:11:13.756708,4,10.9,0.20871671580210835,0.09949893147549659,0.05294654925287343,0.08940698945612957,65,0.7897155308261046,0.0027907480822540465,-0.006495140175197783,0.0837224424676214,-0.1948542052559335,0.21207925093857163,-8.15863780727191,0.14550239462510217
328,2026-05-12 10:11:13.790462,4,10.933333333333334,0.21223736651510294,0.08944864841674756,0.05294654925287343,0.08940698945612957,65,0.9787321926953301,0.003520650712994594,-0.010050283058749027,0.10561952138983782,-0.3015084917624708,0.319472774901866,0.6569123676664929,-3.199628595196119
329,2026-05-12 10:11:13.824133,4,10.966666666666667,0.21485099529325008,0.08254972738385503,0.05294654925287343,0.08940698945612957,65,0.7009408962415444,0.002613628778147137,-0.006898921032892524,0.0784088633444141,-0.20696763098677573,0.2213222766176988,-0.8163197413627116,2.836225823270852
330,2026-05-12 10:11:13.857795,4,11.0,0.22382843369254074,0.07828813831865701,0.05294654925287343,0.08940698945612957,65,0.8262360816559706,0.00897743839929066,-0.004261589065198024,0.2693231519787198,-0.1278476719559407,0.2981274684028737,5.727428659029171,2.373598770925051
331,2026-05-12 10:11:13.891481,4,11.033333333333333,0.22353515969185542,0.072213976780491,0.05294654925287343,0.08940698945612957,65,0.829496136014168,-0.00029327400068532294,-0.006074161538166006,-0.008798220020559688,-0.1822248461449802,0.18243712129961895,-8.343641159978386,-1.6313152256711845
332,2026-05-12 10:11:13.929552,4,11.066666666666666,0.22817954270620286,0.06701485635445201,0.05294654925287343,0.08940698945612957,65,0.7245279998357199,0.004644383014347442,-0.005199120426038997,0.13933149043042325,-0.15597361278116992,0.20914356817644061,4.443891313529488,0.7875370009143082
333,2026-05-12 10:11:13.975965,4,11.1,0.2319554842753733,0.05786199773633613,0.05294654925287343,0.08940698945612957,65,0.8641546043854689,0.003775941569170438,-0.009152858618115878,0.11327824707511314,-0.27458575854347633,0.29703417321127656,-0.7815973006593036,-3.5583643728691925
334,2026-05-12 10:11:14.009712,4,11.133333333333333,0.2360229122122048,0.05182900577897061,0.05294654925287343,0.08940698945612957,65,0.8009727744346261,0.004067427936831514,-0.006032991957365522,0.12202283810494541,-0.18098975872096565,0.218281620346421,0.26233773089496815,2.8078799946753206
335,2026-05-12 10:11:14.043401,4,11.166666666666666,0.23715460224877855,0.050621289790251614,0.05294654925287343,0.08940698945612957,65,0.9728978628054932,0.0011316900365737348,-0.0012077159887189937,0.033950701097212044,-0.03623147966156981,0.049652494634801404,-2.642164110232001,4.342748371781875
336,2026-05-12 10:11:14.077164,4,11.2,0.24353831378982538,0.05540421205901404,0.05294654925287343,0.08940698945612957,65,0.7352515372885728,0.006383711541046833,0.004782922268762424,0.19151134623140498,0.14348766806287272,0.2393017062653048,4.726819354025788,5.391574431733276
337,2026-05-12 10:11:14.110847,4,11.233333333333333,0.24654552390641848,0.06536153477555559,0.05294654925287343,0.08940698945612957,65,0.7280305391379991,0.0030072101165931064,0.009957322716541553,0.0902163034977932,0.2987196814962466,0.31204555681827123,-3.0388512820083537,4.656960403001217
338,2026-05-12 10:11:14.144581,4,11.266666666666666,0.24858768292734423,0.06875160886824654,0.05294654925287343,0.08940698945612957,65,0.8203373969788201,0.002042159020925749,0.003390074092690945,0.06126477062777247,0.10170222278072835,0.11872958451293626,-0.8685459861006217,-5.910523761465548
339,2026-05-12 10:11:14.178268,4,11.3,0.25482252136655453,0.07818984031991046,0.05294654925287343,0.08940698945612957,65,0.9772663397032186,0.0062348384392102996,0.00943823145166392,0.187045153176309,0.2831469435499176,0.3393494967852599,3.7734114764560958,5.4433416230756775
340,2026-05-12 10:11:14.211955,4,11.333333333333334,0.25870907089418277,0.08398929854479463,0.05294654925287343,0.08940698945612957,65,0.8177240434061046,0.003886549527628236,0.005799458224884174,0.11659648582884707,0.17398374674652523,0.20943993086227747,-2.1134600204238576,-3.274895904101771
341,2026-05-12 10:11:14.246028,4,11.366666666666667,0.2603454451040084,0.0924636292016724,0.05294654925287343,0.08940698945612957,65,0.9465149185483791,0.0016363742098256528,0.008474330656877777,0.049091226294769585,0.2542299197063333,0.25892624543103576,-2.0251577860223247,2.407385188794242
342,2026-05-12 10:11:14.279876,4,11.4,0.26194270629503497,0.09667677370629335,0.05294654925287343,0.08940698945612957,65,0.9787419961806672,0.0015972611910265444,0.004213144504620944,0.04791783573079633,0.12639433513862833,0.1351726560228047,-0.0352017169191976,-3.835067537031149
343,2026-05-12 10:11:14.313647,4,11.433333333333334,0.2703989730936825,0.10688797356078646,0.05294654925287343,0.08940698945612957,65,0.7558466962366615,0.008456266798647527,0.010211199854493105,0.2536880039594258,0.3063359956347932,0.3977428133536515,6.173105046858884,5.398249814884946
344,2026-05-12 10:11:14.347354,4,11.466666666666667,0.2704784450056084,0.11313363452678218,0.05294654925287343,0.08940698945612957,65,0.9254977365275409,7.947191192592129e-05,0.006245660965995728,0.0023841573577776387,0.18736982897987184,0.18738499678003323,-7.539115398049446,-3.5689849996476406
345,2026-05-12 10:11:14.388206,4,11.5,0.2712105863369872,0.11986377059374444,0.05294654925287343,0.08940698945612957,65,0.9040902995635989,0.0007321413313787772,0.006730136066962253,0.021964239941363317,0.20190408200886759,0.20309526377551326,0.5874024775075704,0.4360275908698724
346,2026-05-12 10:11:14.428129,4,11.533333333333333,0.27664185630361743,0.12552141691426036,0.05294654925287343,0.08940698945612957,65,0.7795028556572513,0.005431269966630237,0.005657646320515922,0.1629380989989071,0.16972938961547765,0.23528044926134484,4.229215771726314,-0.9652407718016981
347,2026-05-12 10:11:14.461841,4,11.566666666666666,0.2810109122765919,0.13440043529890652,0.05294654925287343,0.08940698945612957,65,0.8340233991350137,0.004369055972974489,0.008879018384646165,0.13107167918923468,0.26637055153938494,0.2968721203024659,-0.9559925942901726,2.8992348577172184
348,2026-05-12 10:11:14.495528,4,11.6,0.2829462646212758,0.14126924970522928,0.05294654925287343,0.08940698945612957,65,0.9398663641617065,0.0019353523446838938,0.006868814406322754,0.058060570340516815,0.20606443218968262,0.2140877858307718,-2.190333265461536,-1.8091835804910694
349,2026-05-12 10:11:14.529057,4,11.633333333333333,0.2870706201698653,0.14866144089724928,0.05294654925287343,0.08940698945612957,65,0.8320511037982325,0.004124355548589476,0.007392191192020003,0.12373066645768427,0.2217657357606001,0.25394747366237574,1.9701028835150236,0.4710391071275244
350,2026-05-12 10:11:14.562602,4,11.666666666666666,0.2901667621035725,0.1535645517149536,0.05294654925287343,0.08940698945612957,65,0.9521018076968382,0.0030961419337072194,0.004903110817704309,0.09288425801121658,0.14709332453112928,0.17396531696839565,-0.9253922533940306,-2.240172336884125
351,2026-05-12 10:11:14.596104,4,11.7,0.2880134409502076,0.1644095411531611,0.05294654925287343,0.08940698945612957,65,0.9269699934667197,-0.0021533211533649177,0.010844989438207497,-0.06459963460094753,0.3253496831462249,0.3317009633901067,-4.724516778364923,5.3476907584528695
352,2026-05-12 10:11:14.629599,4,11.733333333333333,0.28933965207947726,0.16939690471782082,0.05294654925287343,0.08940698945612957,65,0.9267653763199754,0.001326211129269672,0.00498736356465973,0.03978633387809016,0.1496209069397919,0.15482043843415744,3.131579054371131,-5.271863286192991
353,2026-05-12 10:11:14.663094,4,11.766666666666666,0.2970527525378785,0.17851545420697626,0.05294654925287343,0.08940698945612957,65,0.9082118280457109,0.007713100458401234,0.009118549489155442,0.23139301375203702,0.27355648467466326,0.3582957955667491,5.748200396218406,3.7180673320461404
354,2026-05-12 10:11:14.702688,4,11.8,0.3022261372687362,0.1861339716900972,0.05294654925287343,0.08940698945612957,65,0.9446552709856372,0.005173384730857711,0.007618517483120951,0.15520154192573132,0.22855552449362854,0.2762700606158441,-2.285744154789171,-1.3500288054310416
355,2026-05-12 10:11:14.736522,4,11.833333333333334,0.30560578201310956,0.19318980478418832,0.05294654925287343,0.08940698945612957,65,0.8833249888506604,0.0033796447443733557,0.007055833094091107,0.10138934233120067,0.21167499282273322,0.23470428484554254,-1.6143659878359196,-0.5064159501268595
356,2026-05-12 10:11:14.770247,4,11.866666666666667,0.3118388452193305,0.19912366038966114,0.05294654925287343,0.08940698945612957,65,0.7319242857492463,0.006233063206220912,0.005933855605472826,0.18699189618662737,0.1780156681641848,0.2581773563878358,2.568076615662801,-1.009779739756453
357,2026-05-12 10:11:14.803934,4,11.9,0.31404430411215395,0.20843433397514094,0.05294654925287343,0.08940698945612957,65,0.8671601908740113,0.0022054588928234753,0.009310673585479795,0.06616376678470426,0.27932020756439385,0.28704951208625457,-3.6248438820576934,3.039136182006272
358,2026-05-12 10:11:14.839572,4,11.933333333333334,0.3168648217043768,0.21340947809571872,0.05294654925287343,0.08940698945612957,65,0.8456335676934095,0.0028205175922228487,0.004975144120577785,0.08461552776668546,0.14925432361733354,0.1715710950530492,0.5535528294594361,-3.9019765184118094
359,2026-05-12 10:11:14.873296,4,11.966666666666667,0.3215305606905609,0.22232323152699315,0.05294654925287343,0.08940698945612957,65,0.8263959385637505,0.004665738986184109,0.00891375343127443,0.13997216958552328,0.2674126029382329,0.30183059564709386,1.6606992545651345,3.5447483796269803
360,2026-05-12 10:11:14.907080,4,12.0,0.3261373157942303,0.23193206355355123,0.05294654925287343,0.08940698945612957,65,0.9826690921071726,0.004606755103669369,0.009608832026558073,0.13820265311008106,0.2882649607967422,0.3196821248518796,-0.053085494263266364,0.6255707357552792
361,2026-05-12 10:11:14.940815,4,12.033333333333333,0.3307676035111639,0.24518520834292204,0.05294654925287343,0.08940698945612957,65,0.7432704473558033,0.004630287716933634,0.013253144789370813,0.13890863150800903,0.3975943436811244,0.42116133492362745,0.02117935193783893,3.2798814865314663
362,2026-05-12 10:11:14.974540,4,12.066666666666666,0.33506946284862926,0.24876519990973897,0.05294654925287343,0.08940698945612957,65,0.9116264518321501,0.004301859337465352,0.0035799915668169313,0.12905578012396057,0.10739974700450794,0.1678990769481368,-0.29558554152145367,-8.705837900298494
363,2026-05-12 10:11:15.008281,4,12.1,0.33922577212977595,0.25562550159152847,0.05294654925287343,0.08940698945612957,65,0.7849684702967628,0.004156309281146686,0.006860301681789499,0.12468927843440059,0.20580905045368497,0.24063412352602637,-0.13099505068679962,2.952279103475311
364,2026-05-12 10:11:15.041985,4,12.133333333333333,0.3447625527133052,0.2633112074494092,0.05294654925287343,0.08940698945612957,65,0.9248044026798474,0.005536780583529244,0.0076857058578807536,0.16610341750587732,0.2305711757364226,0.28417144893111285,1.242424172144302,0.742863758482129
365,2026-05-12 10:11:15.075645,4,12.166666666666666,0.3455482096078405,0.2715818109648706,0.05294654925287343,0.08940698945612957,65,0.8910698568477542,0.0007856568945353026,0.008270603515461383,0.02356970683605908,0.2481181054638415,0.24923508047484758,-4.276011320094547,0.5264078918225668
366,2026-05-12 10:11:15.109328,4,12.2,0.34991476220488976,0.27934584646360805,0.05294654925287343,0.08940698945612957,65,0.9125129348944019,0.004366552597049267,0.007764035498737443,0.130996577911478,0.23292106496212328,0.26723084763478855,3.222806132262568,-0.4559112150515465
367,2026-05-12 10:11:15.142982,4,12.233333333333333,0.3485526805774733,0.2873260520411118,0.05294654925287343,0.08940698945612957,65,0.803075102320789,-0.001362081627416467,0.00798020557750373,-0.04086244882249401,0.23940616732511188,0.24286838550348708,-5.155770802019161,0.19455307088965812
368,2026-05-12 10:11:15.176678,4,12.266666666666666,0.3558688984789758,0.2916932763914927,0.05294654925287343,0.08940698945612957,65,0.8609116055833412,0.0073162179015024975,0.004367224350380894,0.21948653704507493,0.13101673051142682,0.25561636023138834,7.810469576027068,-3.251683104410552
369,2026-05-12 10:11:15.210902,4,12.3,0.3643114669480945,0.29979267880927624,0.05294654925287343,0.08940698945612957,65,0.980224281743408,0.008442568469118727,0.008099402417783563,0.2532770540735618,0.2429820725335069,0.35098369434043564,1.013715510854607,3.3589602606624025
370,2026-05-12 10:11:15.244670,4,12.333333333333334,0.3641117178748249,0.31114690638004766,0.05294654925287343,0.08940698945612957,65,0.869537807579593,-0.00019974907326963942,0.011354227570771425,-0.005992472198089183,0.34062682712314274,0.34067953428262204,-7.77808578814953,2.9293426376890754
371,2026-05-12 10:11:15.278365,4,12.366666666666667,0.37099191863535014,0.3168258679441917,0.05294654925287343,0.08940698945612957,65,0.9505162978116811,0.006880200760525257,0.005678961564144047,0.2064060228157577,0.17036884692432142,0.26763592856143575,6.371954850415407,-5.10773940596464
372,2026-05-12 10:11:15.312243,4,12.4,0.37676544021623254,0.3226180374998273,0.05294654925287343,0.08940698945612957,65,0.7964584430125772,0.005773521580882401,0.005792169555635607,0.17320564742647204,0.1737650866690682,0.24534567786193448,-0.9960112616785699,0.10188719234240362
373,2026-05-12 10:11:15.345939,4,12.433333333333334,0.3750368842414368,0.3352339785891977,0.05294654925287343,0.08940698945612957,65,0.940849078706737,-0.0017285559747957646,0.012615941089370364,-0.05185667924387294,0.3784782326811109,0.38201425077556866,-6.75186980011035,6.141394380361281
374,2026-05-12 10:11:15.379621,4,12.466666666666667,0.38266420810959195,0.3440418817115389,0.05294654925287343,0.08940698945612957,65,0.7146228162315201,0.007627323868155178,0.008807903122341199,0.22881971604465534,0.26423709367023596,0.3495421349738108,8.42029185865585,-3.427234170326249
375,2026-05-12 10:11:15.413324,4,12.5,0.38597341416228714,0.3448440237826774,0.05294654925287343,0.08940698945612957,65,0.8001927394379866,0.0033092060526951905,0.0008021420711385452,0.09927618158085572,0.024064262134156356,0.1021511083705724,-3.8863060339139888,-7.2051849460823885
376,2026-05-12 10:11:15.447014,4,12.533333333333333,0.38828595254245946,0.35278233390241454,0.05294654925287343,0.08940698945612957,65,0.9439719466473471,0.002312538380172313,0.007938310119737113,0.0693761514051694,0.2381493035921134,0.24804866696920905,-0.8970009052705896,6.422551243738711
377,2026-05-12 10:11:15.480698,4,12.566666666666666,0.3937937894851391,0.36581380034776206,0.05294654925287343,0.08940698945612957,65,0.7339610643432097,0.005507836942679645,0.013031466445347528,0.16523510828038934,0.39094399336042585,0.4244288479274573,2.8757687062565984,4.583840693049374
378,2026-05-12 10:11:15.514321,4,12.6,0.39543846309272773,0.36912634621090695,0.05294654925287343,0.08940698945612957,65,0.7917641835831044,0.0016446736075886315,0.003312545863144889,0.049340208227658944,0.09937637589434667,0.11095098122073202,-3.476847001581912,-8.747028523982376
379,2026-05-12 10:11:15.548232,4,12.633333333333333,0.3997892139334559,0.378412375930993,0.05294654925287343,0.08940698945612957,65,0.7252329776797654,0.004350750840728168,0.00928602972008602,0.13052252522184504,0.2785808916025806,0.30764174417067647,2.435469509825583,5.376135471247018
380,2026-05-12 10:11:15.594175,4,12.666666666666666,0.4063367647594519,0.3852763345458266,0.05294654925287343,0.08940698945612957,65,0.7872492257329777,0.006547550825996007,0.006863958614833632,0.1964265247798802,0.20591875844500895,0.2845802430187922,1.977119986741055,-2.179863994727149
381,2026-05-12 10:11:15.628001,4,12.7,0.40917826243254957,0.3950150131470259,0.05294654925287343,0.08940698945612957,65,0.8189553908243531,0.0028414976730976593,0.009738678601199313,0.08524493019292978,0.2921603580359794,0.30434252567018816,-3.335447837608513,2.5872479877291132
382,2026-05-12 10:11:15.661523,4,12.733333333333333,0.41978135165279623,0.40841621152932583,0.05294654925287343,0.08940698945612957,65,0.7843654180703088,0.010603089220246664,0.013401198382299917,0.3180926766073999,0.4020359514689975,0.5126556906782973,6.985432392434104,3.2962678029905437
383,2026-05-12 10:11:15.695022,4,12.766666666666666,0.42100015061118184,0.41446902765062776,0.05294654925287343,0.08940698945612957,65,0.9126994641540584,0.001218798958385614,0.006052816121301929,0.03656396875156842,0.18158448363905788,0.18522917834220654,-8.445861235674945,-6.613544034898189
384,2026-05-12 10:11:15.728515,4,12.8,0.42706819841370486,0.4241251889594867,0.05294654925287343,0.08940698945612957,65,0.7458249689732693,0.006068047802523013,0.009656161308858935,0.1820414340756904,0.28968483926576805,0.3421350461744131,4.364323959723659,3.243010668801305
385,2026-05-12 10:11:15.762026,4,12.833333333333334,0.43003927565742117,0.43599075185896347,0.05294654925287343,0.08940698945612957,65,0.9348163856541043,0.0029710772437163135,0.011865562899476767,0.0891323173114894,0.355966886984303,0.3669563933475088,-2.78727350292603,1.988461431556049
386,2026-05-12 10:11:15.795597,4,12.866666666666667,0.435574119922403,0.4439579978360903,0.05294654925287343,0.08940698945612957,65,0.9203016140056492,0.005534844264981853,0.007967245977126836,0.1660453279494556,0.23901737931380507,0.29103326020900366,2.3073903191389857,-3.5084852301149385
387,2026-05-12 10:11:15.829109,4,12.9,0.44223136014039255,0.4547162978101757,0.05294654925287343,0.08940698945612957,65,0.8202768524250211,0.006657240217989524,0.010758299974085395,0.19971720653968572,0.32274899922256184,0.3795443045115823,1.010156357706904,2.511948597262703
388,2026-05-12 10:11:15.862617,4,12.933333333333334,0.44428719886435275,0.4667020578993547,0.05294654925287343,0.08940698945612957,65,0.7063635394010852,0.0020558387239602016,0.01198576008917901,0.06167516171880605,0.3595728026753703,0.3648238287130675,-4.141261344626391,1.1047141035842534
389,2026-05-12 10:11:15.896139,4,12.966666666666667,0.4532162196225367,0.47739743141339813,0.05294654925287343,0.08940698945612957,65,0.7177162224714232,0.00892902075818397,0.010695373514043427,0.2678706227455191,0.3208612054213028,0.4179791665555637,6.185863830801392,-1.1613479176220243
390,2026-05-12 10:11:15.929653,4,13.0,0.4556193010686085,0.4858811502707534,0.05294654925287343,0.08940698945612957,65,0.9332171488743428,0.002403081446071764,0.008483718857355271,0.07209244338215293,0.25451156572065814,0.26452496569962886,-5.873345380900985,-1.99048919101934
391,2026-05-12 10:11:15.963196,4,13.033333333333333,0.4620283272207765,0.49818970737354035,0.05294654925287343,0.08940698945612957,65,0.7216168443279256,0.00640902615216804,0.012308557102786943,0.1922707845650412,0.3692567130836083,0.41631547503613975,3.6053502354866485,3.442354420888505
392,2026-05-12 10:11:15.996707,4,13.066666666666666,0.46554080473679577,0.5103778848631297,0.05294654925287343,0.08940698945612957,65,0.9119865804255205,0.003512477516019241,0.012188177489589391,0.10537432548057724,0.36564532468768174,0.38052628284580664,-2.6068937725339194,-0.10834165187779687
393,2026-05-12 10:11:16.030233,4,13.1,0.4768879108391515,0.5181249130250527,0.05294654925287343,0.08940698945612957,65,0.7073673348621188,0.01134710610235573,0.007747028161922964,0.3404131830706719,0.23241084485768893,0.41218434712610275,7.05116572770284,-3.9970343948997846
394,2026-05-12 10:11:16.063728,4,13.133333333333333,0.48441036084772104,0.5298855307623115,0.05294654925287343,0.08940698945612957,65,0.858988251631258,0.007522450008569548,0.011760617737258783,0.22567350025708643,0.3528185321177635,0.41881910811711837,-3.442190484407565,3.6122306178022368
395,2026-05-12 10:11:16.097222,4,13.166666666666666,0.4872833485705951,0.5432258415006284,0.05294654925287343,0.08940698945612957,65,0.887914420886909,0.002872987722874032,0.013340310738316874,0.08618963168622096,0.4002093221495062,0.4093850927251427,-4.184516057125965,1.421723700952282
396,2026-05-12 10:11:16.130714,4,13.2,0.4971006359443858,0.5506181497050755,0.05294654925287343,0.08940698945612957,65,0.8279055043014961,0.009817287373790728,0.00739230820444714,0.29451862121372185,0.2217692461334142,0.3686771172343283,6.249869685825027,-5.353202280482761
397,2026-05-12 10:11:16.164234,4,13.233333333333333,0.49801869013124067,0.5654372647904057,0.05294654925287343,0.08940698945612957,65,0.8824504845942781,0.0009180541868548664,0.014819115085330181,0.027541625605645992,0.44457345255990544,0.4454257467435353,-8.009309868242276,6.6841261927947375
398,2026-05-12 10:11:16.197732,4,13.266666666666666,0.5034531009200593,0.5755353717886561,0.05294654925287343,0.08940698945612957,65,0.8724483106948252,0.005434410788818678,0.010098106998250422,0.16303232366456033,0.30294320994751267,0.34402634639336666,4.064720941767431,-4.248907278371783
399,2026-05-12 10:11:16.231663,4,13.299999999999999,0.5162871855262021,0.581784714210932,0.05294654925287343,0.08940698945612957,65,0.7819467112216062,0.01283408460614277,0.0062493424222759275,0.3850225381842831,0.18748027266827783,0.42824199648054084,6.6597064355916835,-3.4638881183770454
400,2026-05-12 10:11:16.270648,4,13.333333333333334,0.5203349793899561,0.5967904178663938,0.05294654925287343,0.08940698945612957,65,0.9313263014504916,0.004047793863753979,0.015005703655461722,0.12143381591261937,0.45017110966385165,0.4662619431425682,-7.907661668149912,7.880725109867215
401,2026-05-12 10:11:16.304403,4,13.366666666666667,0.5258099104024129,0.6062292177605421,0.05294654925287343,0.08940698945612957,65,0.8072271557995377,0.005474931012456774,0.009438799894148309,0.16424793037370322,0.28316399682444926,0.32735184699286723,1.2844234338325156,-5.010213385182072
402,2026-05-12 10:11:16.338079,4,13.4,0.531717052957411,0.6199638272955524,0.05294654925287343,0.08940698945612957,65,0.8341763778117742,0.005907142554998135,0.013734609535010378,0.17721427664994405,0.41203828605031134,0.44853143593269035,0.38899038828722476,3.8662286767758625
403,2026-05-12 10:11:16.374191,4,13.433333333333334,0.5409122219897032,0.6283194179462372,0.05294654925287343,0.08940698945612957,65,0.845617552287251,0.009195169032292227,0.008355590650684808,0.2758550709687668,0.25066771952054423,0.3727335855390732,2.9592238295646833,-4.841116995893014
404,2026-05-12 10:11:16.407969,4,13.466666666666667,0.5475293490609333,0.6405228266687734,0.05294654925287343,0.08940698945612957,65,0.9451308783077546,0.006617127071230078,0.012203408722536113,0.19851381213690233,0.3661022616760834,0.41645960141827537,-2.3202377649559347,3.463036264666175
405,2026-05-12 10:11:16.441662,4,13.5,0.5505485519342357,0.6496194463388619,0.05294654925287343,0.08940698945612957,65,0.8281720402108795,0.0030192028733023735,0.009096619670088568,0.0905760861990712,0.27289859010265705,0.2875372460589404,-3.238131778134934,-2.7961101472027905
406,2026-05-12 10:11:16.475502,4,13.533333333333333,0.5627521832047626,0.6572694843797707,0.05294654925287343,0.08940698945612957,65,0.8753332032875953,0.012203631270526927,0.007650038040908802,0.3661089381158078,0.22950114122726406,0.43209550841555966,8.265985557502098,-1.3019234662617896
407,2026-05-12 10:11:16.509218,4,13.566666666666666,0.5655659547319264,0.6676507491516832,0.05294654925287343,0.08940698945612957,65,0.7271122316480504,0.0028137715271637775,0.01038126477191248,0.08441314581491333,0.3114379431573744,0.3226750247919194,-8.450873769026835,2.4581040579033098
408,2026-05-12 10:11:16.542906,4,13.6,0.5727283789471577,0.6820258380465525,0.05294654925287343,0.08940698945612957,65,0.78799620965386,0.007162424215231278,0.01437508889486927,0.21487272645693833,0.4312526668460781,0.4818185874755069,3.9137874192607502,3.5944417106611115
409,2026-05-12 10:11:16.577182,4,13.633333333333333,0.5821299104386672,0.6950905208369502,0.05294654925287343,0.08940698945612957,65,0.9080956611886306,0.009401531491509574,0.013064682790397741,0.2820459447452872,0.39194048371193224,0.48287395634845026,2.0151965486504664,-1.1793654940243758
410,2026-05-12 10:11:16.611430,4,13.666666666666666,0.5863358698512208,0.7088083824784636,0.05294654925287343,0.08940698945612957,65,0.7915452468924411,0.004205959412553528,0.01371786164151334,0.12617878237660585,0.4115358492454002,0.4304449329893147,-4.676014871060441,0.587860966004039
411,2026-05-12 10:11:16.645066,4,13.7,0.5990594536192098,0.7187163335267901,0.05294654925287343,0.08940698945612957,65,0.8524527951564986,0.012723583767988988,0.009907951048326535,0.38170751303966965,0.29723853144979606,0.4837885592791142,7.665861919891914,-3.4289195338681244
412,2026-05-12 10:11:16.678615,4,13.733333333333333,0.6056292491673582,0.7244730960524899,0.05294654925287343,0.08940698945612957,65,0.7361258819590355,0.006569795548148405,0.005756762525699788,0.19709386644445215,0.17270287577099364,0.26205395530232856,-5.538409397856525,-3.736069670364073
413,2026-05-12 10:11:16.712131,4,13.766666666666666,0.6085739612562433,0.7387871093693426,0.05294654925287343,0.08940698945612957,65,0.8570643675135479,0.0029447120888851375,0.01431401331685267,0.08834136266655412,0.4294203995055801,0.43841313377830693,-3.2625751133369407,7.7015257120375935
414,2026-05-12 10:11:16.745626,4,13.799999999999999,0.617096238669387,0.7480532248699994,0.05294654925287343,0.08940698945612957,65,0.7785125283823955,0.008522277413143708,0.009266115500656813,0.25566832239431125,0.2779834650197044,0.3776785642583951,5.019808791832714,-4.543108034576271
415,2026-05-12 10:11:16.779196,4,13.833333333333334,0.6259807480043649,0.7554786618604304,0.05294654925287343,0.08940698945612957,65,0.775824631125412,0.008884509334977864,0.007425436990431078,0.2665352800493359,0.22276310971293234,0.347367900877375,0.3260087296507397,-1.6566106592031615
416,2026-05-12 10:11:16.812707,4,13.866666666666667,0.6337533575846773,0.7733034476396279,0.05294654925287343,0.08940698945612957,65,0.975436313690023,0.007772609580312451,0.01782478577919744,0.23317828740937352,0.5347435733759232,0.583371925092406,-1.0007097791988717,9.359413909889724
417,2026-05-12 10:11:16.846217,4,13.9,0.6426599146255285,0.783650487021912,0.05294654925287343,0.08940698945612957,65,0.9647352008179861,0.008906557040851193,0.010347039382284096,0.2671967112255358,0.31041118146852287,0.40957195225067183,1.020552714484868,-6.729971757222009
418,2026-05-12 10:11:16.879712,4,13.933333333333334,0.6516856485620123,0.7927920035516852,0.05294654925287343,0.08940698945612957,65,0.8626373627895692,0.00902573393648376,0.009141516529773241,0.2707720180945128,0.27424549589319724,0.3853934065350377,0.10725920606931005,-1.0849705672597687
419,2026-05-12 10:11:16.913208,4,13.966666666666667,0.6605498158363816,0.802285541622582,0.05294654925287343,0.08940698945612957,65,0.7801445654150838,0.008864167274369339,0.009493538070896812,0.26592501823108017,0.28480614212690436,0.38965453149477264,-0.14540999590297865,0.3168193870112135
420,2026-05-12 10:11:16.946715,4,14.0,0.6669229240414428,0.8148794218586586,0.05294654925287343,0.08940698945612957,65,0.8632583349081542,0.0063731082050612065,0.012593880236076549,0.1911932461518362,0.37781640708229647,0.4234384191764514,-2.2419531623773192,2.7903079486617632
421,2026-05-12 10:11:16.980210,4,14.033333333333333,0.674883077143061,0.8200055927988571,0.05294654925287343,0.08940698945612957,65,0.7362291671642616,0.007960153101618128,0.005126170940198516,0.23880459304854385,0.15378512820595547,0.28403784839067275,1.4283404069012295,-6.7209383662902304
422,2026-05-12 10:11:17.013705,4,14.066666666666666,0.6855364910655622,0.837237768334337,0.05294654925287343,0.08940698945612957,65,0.849461447856135,0.010653413922501298,0.017232175535479954,0.31960241767503894,0.5169652660643986,0.6077818619379526,2.423934738794853,10.895404135753296
423,2026-05-12 10:11:17.047213,4,14.1,0.6927255945671351,0.8451981940848451,0.05294654925287343,0.08940698945612957,65,0.9299938377441441,0.007189103501572869,0.007960425750508038,0.21567310504718606,0.23881277251524113,0.32178630884037135,-3.1178793788355863,-8.344574806474725
424,2026-05-12 10:11:17.080721,4,14.133333333333333,0.7020030649778561,0.8549322226027771,0.05294654925287343,0.08940698945612957,65,0.9199214966196507,0.009277470410721023,0.009734028517932036,0.2783241123216307,0.2920208555379611,0.40341107021095296,1.8795302182333384,1.5962424906815986
425,2026-05-12 10:11:17.114217,4,14.166666666666666,0.715633407282215,0.8692762600298849,0.05294654925287343,0.08940698945612957,65,0.8486558691234787,0.013630342304358889,0.01434403742710777,0.40891026913076667,0.4303211228132331,0.5936193030384352,3.9175847042740797,4.149008018258161
426,2026-05-12 10:11:17.147723,4,14.2,0.7212416042251193,0.8801970224469443,0.05294654925287343,0.08940698945612957,65,0.8707848380532965,0.005608196942904264,0.010920762417059415,0.16824590828712793,0.32762287251178246,0.36829802096703196,-7.219930825309162,-3.080947509043519
427,2026-05-12 10:11:17.181499,4,14.233333333333333,0.7345509486734899,0.890454455611166,0.05294654925287343,0.08940698945612957,65,0.9266498893573217,0.01330934444837062,0.010257433164221674,0.3992803334511186,0.30772299492665023,0.5041014047664057,6.93103275491972,-0.5969963275539669
428,2026-05-12 10:11:17.228639,4,14.266666666666666,0.7405790476920712,0.9016546787888928,0.05294654925287343,0.08940698945612957,65,0.8966814110534366,0.006028099018581257,0.011200223177726842,0.1808429705574377,0.33600669533180527,0.38158181207683217,-6.553120886810427,0.8485110121546513
429,2026-05-12 10:11:17.262356,4,14.299999999999999,0.7481166466794842,0.9110240311735793,0.05294654925287343,0.08940698945612957,65,0.8467343552467304,0.007537598987413019,0.009369352384686502,0.22612796962239057,0.28108057154059507,0.36074942320554354,1.358549971948586,-1.647783713736306
430,2026-05-12 10:11:17.296023,4,14.333333333333334,0.7556446802285425,0.9218624146080397,0.05294654925287343,0.08940698945612957,65,0.8598496362533411,0.007528033549058288,0.010838383434460419,0.22584100647174865,0.32515150303381257,0.3958884440461983,-0.008608894519257504,1.322127944796525
431,2026-05-12 10:11:17.329694,4,14.366666666666667,0.763882511750365,0.9304457617951979,0.05294654925287343,0.08940698945612957,65,0.9798267394503422,0.008237831521822558,0.008583347187158141,0.24713494565467675,0.25750041561474424,0.3569063538317944,0.638818175487843,-2.02953262257205
432,2026-05-12 10:11:17.364123,4,14.4,0.7751300343283697,0.9418010406620942,0.05294654925287343,0.08940698945612957,65,0.9500584224962623,0.011247522578004654,0.011355278866896357,0.3374256773401396,0.3406583660068907,0.4794832740137415,2.708721950563886,2.494738511764394
433,2026-05-12 10:11:17.397796,4,14.433333333333334,0.7791975716771041,0.9480691086505773,0.05294654925287343,0.08940698945612957,65,0.762713453251267,0.00406753734873444,0.006268067988483006,0.1220261204620332,0.18804203965449018,0.22416552534329515,-6.461986706343192,-4.578489790572016
434,2026-05-12 10:11:17.435505,4,14.466666666666667,0.7902507990600777,0.9367284122171416,0.05294654925287343,0.08940698945612957,65,0.9071814447918974,0.01105322738297354,-0.011340696433435604,0.3315968214892062,-0.3402208930030681,0.47508600069624196,6.28712103081519,-15.84788797972675
435,2026-05-12 10:11:17.471840,4,14.5,0.7956806968145061,0.9258950512786913,0.05294654925287343,0.08940698945612957,65,0.9719985143104908,0.005429897754428481,-0.010833360938450332,0.16289693263285443,-0.32500082815350995,0.36353947373244083,-5.060996665690554,0.4566019454867454
436,2026-05-12 10:11:17.505613,4,14.533333333333333,0.804715106209939,0.915843101680826,0.05294654925287343,0.08940698945612957,65,0.9540242390334757,0.009034409395432874,-0.010051949597865262,0.2710322818629862,-0.30155848793595785,0.4054577899832219,3.244060476903954,0.7032702065265628
437,2026-05-12 10:11:17.541051,4,14.566666666666666,0.8134972760267873,0.906690314386642,0.05294654925287343,0.08940698945612957,65,0.9010558917956011,0.008782169816848318,-0.009152787294184006,0.2634650945054495,-0.2745836188255202,0.3805391172403752,-0.22701562072610093,0.8092460733131301
438,2026-05-12 10:11:17.574829,4,14.6,0.8214295832717557,0.8887731254876322,0.05294654925287343,0.08940698945612957,65,0.7164773225273543,0.007932307244968406,-0.01791718889900984,0.2379692173490522,-0.5375156669702952,0.5878370868227367,-0.7648763146919202,-7.88796144434325
439,2026-05-12 10:11:17.618456,4,14.633333333333333,0.8313526384567308,0.8757806118666315,0.05294654925287343,0.08940698945612957,65,0.7416274276146354,0.00992305518497505,-0.012992513621000734,0.2976916555492515,-0.389775408630022,0.4904540661023771,1.7916731460059787,4.432207750208195
440,2026-05-12 10:11:17.652025,4,14.666666666666666,0.838575255678364,0.8667950473335558,0.05294654925287343,0.08940698945612957,65,0.8778062863737323,0.0072226172216331985,-0.00898556453307564,0.21667851664899596,-0.2695669359922692,0.34585533472460617,-2.4303941670076656,3.606254179132584
441,2026-05-12 10:11:17.685540,4,14.7,0.8460899048484511,0.8528508188885048,0.05294654925287343,0.08940698945612957,65,0.9194526328539462,0.007514649170087151,-0.013944228445051055,0.22543947510261453,-0.41832685335153164,0.47520554833622913,0.2628287536085572,-4.4627975207778725
442,2026-05-12 10:11:17.719037,4,14.733333333333333,0.8516370445327827,0.8376615139293018,0.05294654925287343,0.08940698945612957,65,0.842684209910772,0.005547139684331515,-0.01518930495920301,0.16641419052994544,-0.4556791487760903,0.4851156248143727,-1.7707585371800727,-1.1205688627367594
443,2026-05-12 10:11:17.752532,4,14.766666666666666,0.8639441811359427,0.8306130002012705,0.05294654925287343,0.08940698945612957,65,0.8097781622047666,0.012307136603160074,-0.00704851372803128,0.3692140980948022,-0.2114554118409384,0.42547907284469244,6.083997226945703,7.326712108054556
444,2026-05-12 10:11:17.786038,4,14.799999999999999,0.8704227236058291,0.8179089132900262,0.05294654925287343,0.08940698945612957,65,0.9260819354679579,0.006478542469886328,-0.01270408691124425,0.19435627409658984,-0.3811226073373275,0.4278186567978441,-5.2457347199463715,-5.090015864891673
445,2026-05-12 10:11:17.819533,4,14.833333333333334,0.8791615597752678,0.8015395763065778,0.05294654925287343,0.08940698945612957,65,0.7077519379339973,0.008738836169438713,-0.016369336983448446,0.2621650850831614,-0.4910801095034534,0.556677829436906,2.0342643295971463,-3.2987250649837763
446,2026-05-12 10:11:17.853027,4,14.866666666666667,0.8872470229845912,0.7915320501752212,0.05294654925287343,0.08940698945612957,65,0.8041055857836692,0.008085463209323462,-0.010007526131356581,0.24256389627970387,-0.30022578394069743,0.3859699018332871,-0.5880356641037254,5.725629766882679
447,2026-05-12 10:11:17.886531,4,14.9,0.8928062127374222,0.7797887985064429,0.05294654925287343,0.08940698945612957,65,0.8337744870554801,0.005559189752830984,-0.01174325166877832,0.16677569258492952,-0.3522975500633496,0.3897790340921652,-2.2736461108432304,-1.5621529836795656
448,2026-05-12 10:11:17.920040,4,14.933333333333334,0.9036621354473434,0.768411793522985,0.05294654925287343,0.08940698945612957,65,0.9265116877174779,0.010855922709921195,-0.011377004983457839,0.32567768129763586,-0.34131014950373517,0.4717611368581207,4.76705966138119,0.3296220167884334
449,2026-05-12 10:11:17.953793,4,14.966666666666667,0.9083722474415188,0.7562052040371057,0.05294654925287343,0.08940698945612957,65,0.748747645537233,0.00471011199417537,-0.012206589485879382,0.1413033598252611,-0.36619768457638147,0.39251418278453354,-5.531229644171243,-0.7466260521793888
450,2026-05-12 10:11:17.987464,4,15.0,0.9166371638982438,0.7463583842399361,0.05294654925287343,0.08940698945612957,65,0.7581305480304847,0.008264916456725002,-0.009846819797169615,0.24794749370175007,-0.29540459391508844,0.38567062856680917,3.199324016294669,2.1237927198387907
451,2026-05-12 10:11:18.021053,4,15.033333333333333,0.9283968038118681,0.7346013104796322,0.05294654925287343,0.08940698945612957,65,0.9127597470324043,0.011759639913624276,-0.011757073760303882,0.3527891974087283,-0.35271221280911647,0.4988648342717676,3.145251111209346,-1.7192285668208407
452,2026-05-12 10:11:18.054557,4,15.066666666666666,0.9338211189796,0.7230640906842151,0.05294654925287343,0.08940698945612957,65,0.72098662457893,0.005424315167731897,-0.011537219795417109,0.1627294550319569,-0.34611659386251326,0.38246251068828385,-5.701792271303141,0.1978685683980963
453,2026-05-12 10:11:18.088062,4,15.1,0.9406301106699152,0.7104068383993044,0.05294654925287343,0.08940698945612957,65,0.9183434908036974,0.006808991690315236,-0.012657252284910658,0.20426975070945708,-0.37971756854731975,0.43117463158028235,1.2462088703250052,-1.0080292405441948
454,2026-05-12 10:11:18.121557,4,15.133333333333333,0.9494297372979704,0.6969510570191998,0.05294654925287343,0.08940698945612957,65,0.8979189881893958,0.008799626628055224,-0.013455781380104614,0.2639887988416567,-0.40367344140313843,0.48233010812939486,1.791571443965989,-0.7186761856745605
455,2026-05-12 10:11:18.155145,4,15.166666666666666,0.9488441223924381,0.6912559759547359,0.05294654925287343,0.08940698945612957,65,0.8464431483190893,-0.0005856149055323279,-0.005695081064463925,-0.017568447165969836,-0.17085243193391775,0.17175332262741666,-8.446717380228797,6.984630284076621
456,2026-05-12 10:11:18.189133,4,15.2,0.9428267039649051,0.6750011344944624,0.05294654925287343,0.08940698945612957,65,0.9181380639774964,-0.006017418427533006,-0.01625484146027345,-0.18052255282599017,-0.4876452438082035,0.5199868035706047,-4.88862316980061,-9.503784356228573
457,2026-05-12 10:11:18.222804,4,15.233333333333333,0.9371628696225344,0.6613249862044095,0.05294654925287343,0.08940698945612957,65,0.8845034701452663,-0.005663834342370722,-0.013676148290052925,-0.16991503027112165,-0.41028444870158776,0.4440770725430463,0.3182256766460556,2.3208238531984726
458,2026-05-12 10:11:18.256545,4,15.266666666666666,0.9305434271027324,0.6497839851729483,0.05294654925287343,0.08940698945612957,65,0.7107723432353876,-0.006619442519801955,-0.011541001031461162,-0.19858327559405864,-0.34623003094383487,0.39913725918916004,-0.8600473596881097,1.9216325327325867
459,2026-05-12 10:11:18.290266,4,15.299999999999999,0.9202417233635319,0.635340567871956,0.05294654925287343,0.08940698945612957,65,0.7424471352681187,-0.010301703739200474,-0.0144434173009923,-0.3090511121760142,-0.433302519029769,0.5322251994548686,-3.3140350974586674,-2.6121746425780246
460,2026-05-12 10:11:18.323973,4,15.333333333333334,0.9150137278953295,0.6246521339649015,0.05294654925287343,0.08940698945612957,65,0.7921134280639972,-0.005227995468202407,-0.01068843390705454,-0.1568398640460722,-0.3206530172116362,0.356955319894404,4.566337443898261,3.3794850545439847
461,2026-05-12 10:11:18.357654,4,15.366666666666667,0.9101929782737272,0.6109140275610092,0.05294654925287343,0.08940698945612957,65,0.72762976373057,-0.004820749621602283,-0.01373810640389228,-0.14462248864806848,-0.4121431921167684,0.43678103785645295,0.3665212619401115,-2.744705247153967
462,2026-05-12 10:11:18.391417,4,15.4,0.9039323103716803,0.5965873720281675,0.05294654925287343,0.08940698945612957,65,0.9699447962710345,-0.006260667902046935,-0.014326655532841737,-0.18782003706140804,-0.4297996659852521,0.4690459670467096,-1.2959264524001868,-0.5296942160545104
463,2026-05-12 10:11:18.425029,4,15.433333333333334,0.8936150819062212,0.5839271655926263,0.05294654925287343,0.08940698945612957,65,0.8753269187151789,-0.010317228465459127,-0.012660206435541221,-0.3095168539637738,-0.37980619306623664,0.48995247440858947,-3.6509045070709734,1.4998041875704637
464,2026-05-12 10:11:18.458531,4,15.466666666666667,0.8876241270280006,0.5729895267430947,0.05294654925287343,0.08940698945612957,65,0.7792162448861115,-0.005990954878220545,-0.010937638849531583,-0.17972864634661634,-0.3281291654859475,0.37412716495877624,3.8936462285147244,1.550310827408674
465,2026-05-12 10:11:18.492025,4,15.5,0.8780281503567048,0.5579634656757307,0.05294654925287343,0.08940698945612957,65,0.8780322406911897,-0.009595976671295858,-0.015026061067363927,-0.28787930013887575,-0.4507818320209178,0.5348633017216491,-3.2445196137677823,-3.6795799960491093
466,2026-05-12 10:11:18.525534,4,15.533333333333333,0.873240751115803,0.5461441273564114,0.05294654925287343,0.08940698945612957,65,0.7986719333775768,-0.0047873992409017685,-0.011819338319319361,-0.14362197722705305,-0.35458014957958084,0.3825628769476804,4.327719687354681,2.8860504732401093
467,2026-05-12 10:11:18.559056,4,15.566666666666666,0.8668220844293926,0.534049083271184,0.05294654925287343,0.08940698945612957,65,0.9553702963007376,-0.006418666686410446,-0.012095044085227324,-0.19256000059231337,-0.36285132255681973,0.41078027716693627,-1.4681407009578096,-0.24813518931716683
468,2026-05-12 10:11:18.608009,4,15.6,0.8644025002830947,0.5189446821336852,0.05294654925287343,0.08940698945612957,65,0.8870953391625608,-0.0024195841462978374,-0.01510440113749889,-0.07258752438893512,-0.4531320341249667,0.45890912940052114,3.5991742861013476,-2.7084213470444096
469,2026-05-12 10:11:18.641565,4,15.633333333333333,0.8520064361872484,0.5075912749651259,0.05294654925287343,0.08940698945612957,65,0.7039513064637272,-0.01239606409584637,-0.01135340716855926,-0.3718819228753911,-0.3406022150567778,0.5042876495246358,-8.97883195459368,3.375894572045668
470,2026-05-12 10:11:18.675071,4,15.666666666666666,0.8473880403558192,0.4906920577615509,0.05294654925287343,0.08940698945612957,65,0.7750611767714689,-0.004618395831429201,-0.016899217203575012,-0.13855187494287602,-0.5069765161072504,0.5255680830629191,6.999901437975454,-4.991229031514178
471,2026-05-12 10:11:18.712901,4,15.7,0.8426651613100904,0.47770078644370517,0.05294654925287343,0.08940698945612957,65,0.7890138475598892,-0.004722879045728767,-0.01299127131784572,-0.14168637137186302,-0.3897381395353716,0.41469367639381516,-0.09403489286960998,3.5171512971563623
472,2026-05-12 10:11:18.746445,4,15.733333333333333,0.8320482509823892,0.46167731456575506,0.05294654925287343,0.08940698945612957,65,0.7448743083758602,-0.010616910327701179,-0.016023471877950113,-0.31850730983103537,-0.4807041563385034,0.5766484131053474,-5.3046281537751705,-2.728980504093953
473,2026-05-12 10:11:18.779947,4,15.766666666666666,0.822496606979649,0.4529662529848101,0.05294654925287343,0.08940698945612957,65,0.8749758731024131,-0.009551644002740223,-0.008711061580944979,-0.2865493200822067,-0.26133184742834936,0.3878206380788534,0.9587396924648606,6.581169267304621
474,2026-05-12 10:11:18.813443,4,15.799999999999999,0.8180247707188322,0.4360186396883121,0.05294654925287343,0.08940698945612957,65,0.8218603681354288,-0.004471836260816819,-0.016947613296497965,-0.13415508782450458,-0.508428398894939,0.5258298435730628,4.571826967731063,-7.412896543997688
475,2026-05-12 10:11:18.846981,4,15.833333333333334,0.8080539789069696,0.4262426764997665,0.05294654925287343,0.08940698945612957,65,0.9678545899559414,-0.009970791811862556,-0.009775963188545622,-0.2991237543558767,-0.29327889565636867,0.4189123190565945,-4.949059995941163,6.454485097157109
476,2026-05-12 10:11:18.880563,4,15.866666666666667,0.8037369246203632,0.40641341987997304,0.05294654925287343,0.08940698945612957,65,0.9143811105887971,-0.004317054286606448,-0.019829256619793456,-0.12951162859819343,-0.5948776985938037,0.608812564116754,5.088363772730498,-9.04796408812305
477,2026-05-12 10:11:18.914062,4,15.9,0.7934186738816943,0.39740597281826345,0.05294654925287343,0.08940698945612957,65,0.7900868928255215,-0.010318250738668877,-0.009007447061709584,-0.3095475221600663,-0.2702234118512875,0.410901887058197,-5.401076806856187,9.739628602275486
478,2026-05-12 10:11:18.947587,4,15.933333333333334,0.7889933438358788,0.3846462362483586,0.05294654925287343,0.08940698945612957,65,0.7438327658555597,-0.004425330045815468,-0.012759736569904867,-0.13275990137446403,-0.382792097097146,0.40516043860795226,5.303628623568069,-3.377060557375755
479,2026-05-12 10:11:18.981653,4,15.966666666666667,0.7777819805222022,0.3686432830920696,0.05294654925287343,0.08940698945612957,65,0.7047573549067978,-0.01121136331367667,-0.016002953156288968,-0.3363408994103001,-0.48008859468866905,0.5861827866512891,-6.1074299410750825,-2.9188949277456913
480,2026-05-12 10:11:19.021521,4,16.0,0.7714748523686823,0.35627208229613805,0.05294654925287343,0.08940698945612957,65,0.942970619393879,-0.006307128153519859,-0.01237120079593157,-0.18921384460559576,-0.3711360238779471,0.4165859181613832,4.413811644141131,3.268577124321659
481,2026-05-12 10:11:19.055244,4,16.03333333333333,0.7618698524075311,0.33935113221149593,0.05294654925287343,0.08940698945612957,65,0.8571577024697743,-0.009604999961151162,-0.016920950084642117,-0.28814999883453485,-0.5076285025392635,0.5837097895517921,-2.9680846268681726,-4.094774359839493
482,2026-05-12 10:11:19.090696,4,16.066666666666666,0.7534926044070546,0.32943022614912065,0.05294654925287343,0.08940698945612957,65,0.8303853828398366,-0.008377248000476567,-0.009920906062375279,-0.251317440014297,-0.29762718187125836,0.389541262312437,1.1049767646071351,6.300039620040154
483,2026-05-12 10:11:19.126713,4,16.1,0.7430071470645968,0.3121534799125923,0.05294654925287343,0.08940698945612957,65,0.9735466167775323,-0.01048545734245776,-0.017276746236528362,-0.3145637202737328,-0.5183023870958509,0.6062901109054216,-1.8973884077830738,-6.620256156737775
484,2026-05-12 10:11:19.160460,4,16.133333333333333,0.7375404333890525,0.3010964714087479,0.05294654925287343,0.08940698945612957,65,0.9692939981114375,-0.005466713675544299,-0.01105700850384439,-0.16400141026632897,-0.3317102551153317,0.3700380465817308,4.516869300222115,5.597763959415575
485,2026-05-12 10:11:19.194150,4,16.166666666666668,0.7283331158870787,0.28433745632326085,0.05294654925287343,0.08940698945612957,65,0.8712920968991343,-0.009207317501973789,-0.01675901508548705,-0.27621952505921366,-0.5027704525646115,0.5736508990631514,-3.3665434437865405,-5.131805923478394
486,2026-05-12 10:11:19.228488,4,16.2,0.7213596804479638,0.2753268571871026,0.05294654925287343,0.08940698945612957,65,0.910351865752171,-0.006973435439114883,-0.00901059913615826,-0.2092030631734465,-0.2703179740847478,0.3418153430646954,2.0104938565730146,6.973574354395912
487,2026-05-12 10:11:19.262366,4,16.233333333333334,0.7121450798421526,0.2553200699803816,0.05294654925287343,0.08940698945612957,65,0.8535468008388244,-0.009214600605811252,-0.020006787206721,-0.27643801817433755,-0.60020361620163,0.6608043271602184,-2.0170486500267315,-9.896569263506466
488,2026-05-12 10:11:19.296351,4,16.266666666666666,0.705060964055831,0.2477764858479499,0.05294654925287343,0.08940698945612957,65,0.8617027506084824,-0.007084115786321621,-0.0075435841324316966,-0.21252347358964863,-0.2263075239729509,0.3104534139502702,1.9174363375406678,11.216882766860373
489,2026-05-12 10:11:19.330299,4,16.3,0.6978067838579475,0.23400047796609272,0.05294654925287343,0.08940698945612957,65,0.9151160050655338,-0.007254180197883486,-0.013776007881857177,-0.2176254059365046,-0.4132802364557153,0.46707747874835537,-0.15305797040567892,-5.609181374482933
490,2026-05-12 10:11:19.364031,4,16.333333333333332,0.6885360757777526,0.21842333540269723,0.05294654925287343,0.08940698945612957,65,0.70277127692764,-0.009270708080194923,-0.015577142563395485,-0.2781212424058477,-0.46731427690186456,0.5438143606725413,-1.8148750940802927,-1.621021213384477
491,2026-05-12 10:11:19.397695,4,16.366666666666667,0.6767235380146579,0.2030390061272316,0.05294654925287343,0.08940698945612957,65,0.9555059858820393,-0.011812537763094655,-0.015384329275465625,-0.35437613289283965,-0.46152987826396874,0.5818868206914789,-2.287646714609759,0.17353195913687447
492,2026-05-12 10:11:19.431441,4,16.4,0.6709248623196954,0.18701657613920888,0.05294654925287343,0.08940698945612957,65,0.7811935930063559,-0.005798675694962507,-0.016022429988022724,-0.17396027084887522,-0.4806728996406817,0.5111835407002018,5.412475861318933,-0.5742906413013893
493,2026-05-12 10:11:19.465472,4,16.433333333333334,0.6648474943733539,0.17346549512979892,0.05294654925287343,0.08940698945612957,65,0.8297864938938619,-0.006077367946341505,-0.013551081009409965,-0.18232103839024516,-0.40653243028229896,0.4455441368831258,-0.2508230262410982,2.2242140807514827
494,2026-05-12 10:11:19.499160,4,16.466666666666665,0.6554136050185938,0.16301683050753424,0.05294654925287343,0.08940698945612957,65,0.8067956554759378,-0.009433889354760083,-0.01044866462226468,-0.2830166806428025,-0.3134599386679404,0.4223216483579536,-3.02086926757672,2.792174748430756
495,2026-05-12 10:11:19.532816,4,16.5,0.6454922655516946,0.1472050316996382,0.05294654925287343,0.08940698945612957,65,0.8197852917690125,-0.009921339466899215,-0.015811798807896044,-0.29764018400697645,-0.4743539642368813,0.560001216537028,-0.4387051009252185,-4.826820767068226
496,2026-05-12 10:11:19.566483,4,16.53333333333333,0.6330275363617925,0.13254248448270445,0.05294654925287343,0.08940698945612957,65,0.714168135592315,-0.012464729189902046,-0.014662547216933747,-0.3739418756970614,-0.4398764165080124,0.5773420028022965,-2.289050750702548,1.0343264318660672
497,2026-05-12 10:11:19.600183,4,16.566666666666666,0.6289744586788414,0.11752542983470789,0.05294654925287343,0.08940698945612957,65,0.8559226723860858,-0.004053077682951156,-0.015017054647996561,-0.12159233048853468,-0.45051163943989686,0.46663200930118015,7.570486356255802,-0.31905668795653375
498,2026-05-12 10:11:19.634151,4,16.6,0.6219500191848961,0.09956363401058203,0.05294654925287343,0.08940698945612957,65,0.8013631062002127,-0.007024439493945267,-0.017961795824125854,-0.210733184818358,-0.5388538747237757,0.5785948267038988,-2.6742256298947,-2.650267058516364
499,2026-05-12 10:11:19.667743,4,16.633333333333333,0.6116292612251082,0.08607943242745872,0.05294654925287343,0.08940698945612957,65,0.8787873101469984,-0.01032075795978793,-0.013484201583123315,-0.3096227387936379,-0.40452604749369947,0.5094188487668552,-2.9666866192583963,4.0298348169022855
